src,dst,Packet_Size,Protocol,Encryption_Type,Packet_Delay(ms),Attack_label
Node_4,Node_1,627,TCP,AES-128,12.48,Replay_Attack
Node_18,Node_3,1273,UDP,AES-128,9.31,Replay_Attack
Node_20,Node_1,1213,TCP,AES-256,13.24,Normal
Node_18,Node_14,515,UDP,AES-256,17.62,Normal
Node_1,Node_7,1493,UDP,AES-192,8.83,Normal
Node_7,Node_12,273,TCP,AES-192,8.83,Drop_Attack
Node_2,Node_16,1162,TCP,AES-192,17.9,Drop_Attack
Node_20,Node_12,1246,TCP,AES-256,13.84,Blackhole_Attack
Node_10,Node_3,540,TCP,AES-192,7.65,Normal
Node_12,Node_6,822,UDP,AES-128,12.71,Normal
Node_3,Node_7,1157,TCP,AES-128,7.68,Normal
Node_9,Node_19,513,UDP,AES-128,7.67,Normal
Node_2,Node_12,885,UDP,AES-128,11.21,Normal
Node_19,Node_11,499,UDP,AES-192,0.43,Normal
Node_15,Node_5,606,TCP,AES-128,1.38,Normal
Node_18,Node_9,1261,UDP,AES-256,7.19,Normal
Node_8,Node_5,1107,UDP,AES-128,4.94,Normal
Node_4,Node_6,1349,TCP,AES-256,11.57,Normal
Node_3,Node_14,845,UDP,AES-256,5.46,Normal
Node_18,Node_1,1457,TCP,AES-256,2.94,Normal
Node_9,Node_12,292,UDP,AES-192,17.33,Normal
Node_1,Node_10,1089,TCP,AES-256,8.87,Normal
Node_10,Node_18,1311,TCP,AES-128,10.34,Normal
Node_6,Node_19,1150,TCP,AES-256,2.88,Normal
Node_1,Node_5,807,UDP,AES-128,7.28,Blackhole_Attack
Node_3,Node_17,205,TCP,AES-128,10.55,Normal
Node_18,Node_6,606,UDP,AES-128,4.25,Normal
Node_7,Node_11,881,UDP,AES-192,11.88,Normal
Node_15,Node_4,571,TCP,AES-128,7,Normal
Node_19,Node_18,535,TCP,AES-128,8.54,Blackhole_Attack
Node_3,Node_2,740,TCP,AES-256,6.99,Normal
Node_16,Node_7,1168,TCP,AES-256,19.26,Normal
Node_19,Node_20,1032,TCP,AES-192,9.93,Normal
Node_7,Node_4,262,UDP,AES-192,4.71,Normal
Node_15,Node_2,1443,TCP,AES-128,14.11,Normal
Node_11,Node_4,573,TCP,AES-128,3.9,Normal
Node_5,Node_15,439,UDP,AES-192,11.04,Normal
Node_3,Node_16,1191,TCP,AES-128,0.2,Normal
Node_18,Node_1,255,TCP,AES-128,3.36,Normal
Node_16,Node_7,885,TCP,AES-128,10.98,Normal
Node_13,Node_9,995,UDP,AES-192,13.69,Normal
Node_18,Node_16,381,TCP,AES-192,10.86,Normal
Node_2,Node_20,1174,TCP,AES-256,9.42,Normal
Node_2,Node_20,1040,TCP,AES-128,8.49,Normal
Node_3,Node_7,204,TCP,AES-256,2.61,Normal
Node_13,Node_4,1230,TCP,AES-256,6.4,Normal
Node_20,Node_3,922,UDP,AES-192,7.7,Normal
Node_11,Node_8,607,UDP,AES-128,15.29,Normal
Node_10,Node_16,711,TCP,AES-128,11.72,Normal
Node_19,Node_4,214,TCP,AES-256,1.18,Normal
Node_12,Node_3,564,UDP,AES-192,11.62,Normal
Node_18,Node_10,1316,TCP,AES-256,8.07,Normal
Node_10,Node_4,339,UDP,AES-128,6.62,Normal
Node_18,Node_5,621,UDP,AES-256,13.06,Normal
Node_11,Node_7,1471,UDP,AES-256,15.15,Normal
Node_2,Node_4,1363,UDP,AES-192,14.66,Drop_Attack
Node_9,Node_6,968,UDP,AES-256,5.8,Replay_Attack
Node_5,Node_19,137,UDP,AES-256,8.45,Normal
Node_14,Node_5,149,UDP,AES-192,11.66,Normal
Node_2,Node_13,494,TCP,AES-256,14.88,Blackhole_Attack
Node_14,Node_5,548,TCP,AES-128,7.6,Normal
Node_1,Node_7,744,UDP,AES-256,9.07,Normal
Node_8,Node_10,390,TCP,AES-192,4.47,Normal
Node_16,Node_8,472,UDP,AES-192,4.02,Normal
Node_8,Node_9,112,TCP,AES-192,14.06,Normal
Node_3,Node_10,783,UDP,AES-256,16.78,Normal
Node_18,Node_11,120,TCP,AES-192,9.64,Normal
Node_9,Node_2,286,UDP,AES-192,15.02,Normal
Node_11,Node_15,1305,TCP,AES-192,11.81,Normal
Node_7,Node_10,154,UDP,AES-128,6.77,Normal
Node_18,Node_7,809,UDP,AES-128,11.81,Normal
Node_11,Node_12,1422,TCP,AES-256,17.69,Normal
Node_17,Node_10,1429,UDP,AES-192,9.82,Normal
Node_10,Node_19,324,TCP,AES-192,17.82,Normal
Node_13,Node_6,1324,UDP,AES-192,0.1,Normal
Node_1,Node_11,651,TCP,AES-192,14.11,Normal
Node_20,Node_11,1016,UDP,AES-192,10.44,Normal
Node_17,Node_16,411,TCP,AES-192,8.5,Normal
Node_20,Node_11,255,TCP,AES-256,10.46,Normal
Node_7,Node_5,114,TCP,AES-128,0.1,Normal
Node_20,Node_3,996,UDP,AES-256,8.9,Normal
Node_13,Node_17,882,TCP,AES-128,11.79,Normal
Node_1,Node_5,934,TCP,AES-128,17.39,Normal
Node_17,Node_15,166,TCP,AES-128,7.41,Normal
Node_15,Node_18,1208,UDP,AES-192,5.96,Normal
Node_17,Node_14,1186,UDP,AES-128,7.49,Normal
Node_16,Node_15,594,TCP,AES-256,14.58,Normal
Node_17,Node_16,1347,TCP,AES-192,11.64,Normal
Node_10,Node_8,620,UDP,AES-192,7.35,Normal
Node_3,Node_6,372,TCP,AES-192,12.57,Normal
Node_7,Node_3,913,UDP,AES-192,10.49,Normal
Node_14,Node_2,487,UDP,AES-192,14.84,Normal
Node_19,Node_1,1243,UDP,AES-192,6.49,Drop_Attack
Node_13,Node_15,1166,TCP,AES-192,8.36,Normal
Node_14,Node_17,123,UDP,AES-192,8.04,Normal
Node_13,Node_6,1021,TCP,AES-256,2.68,Normal
Node_13,Node_20,1219,TCP,AES-128,11.48,Normal
Node_5,Node_16,436,TCP,AES-192,11.31,Normal
Node_7,Node_16,733,UDP,AES-192,10.03,Normal
Node_14,Node_9,231,UDP,AES-128,8.83,Normal
Node_2,Node_13,523,TCP,AES-256,2.92,Replay_Attack
Node_7,Node_1,1336,TCP,AES-128,7.9,Blackhole_Attack
Node_7,Node_16,1496,UDP,AES-192,8.29,Normal
Node_20,Node_4,399,UDP,AES-128,5.99,Normal
Node_10,Node_20,1451,UDP,AES-192,9.19,Normal
Node_7,Node_3,1276,TCP,AES-128,12.02,Normal
Node_10,Node_4,1223,TCP,AES-192,19.43,Normal
Node_12,Node_3,1100,UDP,AES-128,10.87,Normal
Node_16,Node_4,951,UDP,AES-256,11.29,Normal
Node_15,Node_5,955,TCP,AES-256,9.63,Normal
Node_9,Node_19,1054,UDP,AES-192,0.41,Normal
Node_19,Node_9,724,TCP,AES-128,9.87,Normal
Node_15,Node_8,1015,UDP,AES-192,10.3,Drop_Attack
Node_7,Node_13,593,UDP,AES-192,22.32,Normal
Node_9,Node_19,84,TCP,AES-128,9.04,Normal
Node_14,Node_17,1201,TCP,AES-256,11.51,Normal
Node_16,Node_15,99,TCP,AES-192,9.83,Normal
Node_8,Node_11,1423,UDP,AES-192,4.16,Normal
Node_12,Node_15,1191,UDP,AES-192,15.71,Normal
Node_9,Node_11,578,TCP,AES-128,13.76,Normal
Node_11,Node_4,1161,TCP,AES-128,13.96,Normal
Node_16,Node_9,1271,UDP,AES-128,5.45,Normal
Node_10,Node_8,803,TCP,AES-192,17.01,Blackhole_Attack
Node_2,Node_3,1197,UDP,AES-256,2.99,Normal
Node_16,Node_4,89,UDP,AES-192,12.93,Normal
Node_11,Node_6,169,UDP,AES-192,20.95,Replay_Attack
Node_3,Node_20,1353,TCP,AES-128,5.05,Blackhole_Attack
Node_3,Node_9,306,UDP,AES-256,7.17,Normal
Node_20,Node_8,1134,UDP,AES-192,10.5,Normal
Node_10,Node_20,942,UDP,AES-256,7.48,Normal
Node_20,Node_4,489,TCP,AES-192,2.25,Normal
Node_6,Node_9,419,TCP,AES-128,10.34,Drop_Attack
Node_16,Node_10,130,TCP,AES-192,4.69,Normal
Node_15,Node_3,1471,TCP,AES-192,12.37,Normal
Node_19,Node_7,934,TCP,AES-256,5.4,Normal
Node_5,Node_10,355,TCP,AES-128,17.75,Normal
Node_10,Node_20,655,UDP,AES-128,6.08,Normal
Node_10,Node_14,621,UDP,AES-192,8.39,Replay_Attack
Node_11,Node_9,116,TCP,AES-128,14.07,Normal
Node_19,Node_20,106,UDP,AES-256,3.85,Replay_Attack
Node_15,Node_9,435,UDP,AES-256,11.14,Normal
Node_3,Node_17,776,UDP,AES-192,16.54,Normal
Node_4,Node_7,739,UDP,AES-256,1.96,Normal
Node_13,Node_19,139,UDP,AES-128,10.92,Normal
Node_11,Node_4,891,TCP,AES-256,11.3,Normal
Node_15,Node_14,175,TCP,AES-256,13.91,Normal
Node_16,Node_15,169,TCP,AES-192,3.82,Normal
Node_10,Node_16,1494,UDP,AES-128,3.4,Blackhole_Attack
Node_8,Node_6,700,TCP,AES-256,12.61,Normal
Node_8,Node_4,1009,TCP,AES-256,11.48,Normal
Node_16,Node_10,1106,UDP,AES-192,11.25,Normal
Node_16,Node_8,999,TCP,AES-192,11.73,Normal
Node_20,Node_17,343,TCP,AES-192,6.6,Normal
Node_14,Node_11,1103,UDP,AES-128,11.16,Normal
Node_10,Node_20,1251,UDP,AES-128,11.47,Normal
Node_16,Node_12,744,UDP,AES-192,6.43,Normal
Node_7,Node_9,1235,UDP,AES-128,19.33,Normal
Node_14,Node_2,715,UDP,AES-256,12.37,Normal
Node_13,Node_14,1423,TCP,AES-192,4.04,Normal
Node_5,Node_18,1272,UDP,AES-128,13.28,Normal
Node_15,Node_4,1141,UDP,AES-128,5.13,Normal
Node_14,Node_5,217,UDP,AES-192,13.94,Normal
Node_13,Node_3,736,UDP,AES-192,15.79,Normal
Node_16,Node_19,137,TCP,AES-128,5.9,Normal
Node_10,Node_8,249,UDP,AES-128,14.82,Normal
Node_4,Node_16,404,UDP,AES-128,12.06,Replay_Attack
Node_12,Node_15,362,TCP,AES-256,14.11,Normal
Node_6,Node_7,422,TCP,AES-256,19.48,Normal
Node_20,Node_8,1083,TCP,AES-128,8.77,Normal
Node_9,Node_16,586,TCP,AES-192,6.23,Normal
Node_18,Node_6,215,UDP,AES-192,5.55,Normal
Node_10,Node_15,1477,UDP,AES-192,5.92,Normal
Node_7,Node_14,1053,TCP,AES-128,9.61,Normal
Node_12,Node_20,669,UDP,AES-128,11.71,Normal
Node_13,Node_9,80,TCP,AES-256,11.38,Normal
Node_10,Node_8,1307,UDP,AES-128,14.14,Normal
Node_20,Node_9,1452,TCP,AES-256,10.07,Blackhole_Attack
Node_10,Node_16,132,UDP,AES-256,17.27,Drop_Attack
Node_14,Node_6,475,TCP,AES-256,8.68,Normal
Node_12,Node_18,1091,UDP,AES-128,23.6,Normal
Node_16,Node_10,757,TCP,AES-192,13.13,Normal
Node_5,Node_9,1449,UDP,AES-256,5.71,Normal
Node_13,Node_1,605,TCP,AES-192,4.65,Normal
Node_9,Node_20,844,UDP,AES-128,12.41,Normal
Node_16,Node_1,1332,UDP,AES-256,8.88,Normal
Node_3,Node_16,1499,UDP,AES-256,13.57,Normal
Node_5,Node_2,140,UDP,AES-192,12.37,Replay_Attack
Node_5,Node_14,993,UDP,AES-256,9.64,Normal
Node_18,Node_14,1266,TCP,AES-192,5.77,Normal
Node_16,Node_14,636,TCP,AES-256,2.43,Normal
Node_15,Node_16,547,UDP,AES-128,7.77,Normal
Node_12,Node_19,1384,UDP,AES-128,14.28,Normal
Node_7,Node_4,995,TCP,AES-256,11.07,Normal
Node_20,Node_1,167,UDP,AES-128,3.77,Normal
Node_19,Node_7,204,TCP,AES-256,10.87,Normal
Node_8,Node_12,366,TCP,AES-192,11.93,Normal
Node_5,Node_6,1170,UDP,AES-128,5.58,Replay_Attack
Node_12,Node_8,1269,UDP,AES-128,10.77,Normal
Node_2,Node_6,926,TCP,AES-256,10.29,Drop_Attack
Node_17,Node_20,287,UDP,AES-256,4.29,Normal
Node_20,Node_2,1413,UDP,AES-192,11.79,Normal
Node_1,Node_3,1044,UDP,AES-192,12.8,Normal
Node_16,Node_15,214,TCP,AES-192,15.42,Normal
Node_3,Node_6,627,UDP,AES-192,15.27,Normal
Node_17,Node_10,993,UDP,AES-128,3.11,Normal
Node_4,Node_19,504,UDP,AES-192,5.31,Normal
Node_14,Node_11,992,UDP,AES-192,12.58,Normal
Node_11,Node_15,704,UDP,AES-192,12.57,Normal
Node_16,Node_3,250,TCP,AES-128,12.58,Normal
Node_12,Node_5,1203,TCP,AES-256,29.26,Normal
Node_18,Node_11,1436,TCP,AES-192,12.85,Normal
Node_14,Node_2,653,UDP,AES-192,15.68,Blackhole_Attack
Node_16,Node_8,285,UDP,AES-256,14.77,Normal
Node_9,Node_20,527,UDP,AES-256,13.26,Normal
Node_20,Node_18,117,UDP,AES-128,8.42,Normal
Node_10,Node_12,782,TCP,AES-128,13.79,Normal
Node_19,Node_13,206,TCP,AES-256,6.14,Normal
Node_1,Node_4,1150,TCP,AES-192,8.82,Normal
Node_11,Node_6,821,UDP,AES-256,7.57,Normal
Node_19,Node_3,171,TCP,AES-128,10.41,Normal
Node_2,Node_4,621,UDP,AES-256,21.57,Normal
Node_20,Node_15,912,UDP,AES-128,0.66,Normal
Node_4,Node_13,944,TCP,AES-192,13.43,Normal
Node_19,Node_16,1143,UDP,AES-128,1.94,Normal
Node_20,Node_2,79,TCP,AES-192,7.64,Normal
Node_5,Node_10,656,UDP,AES-128,15.44,Blackhole_Attack
Node_5,Node_14,1154,TCP,AES-256,10.32,Normal
Node_12,Node_3,877,TCP,AES-192,4.61,Replay_Attack
Node_19,Node_14,1238,UDP,AES-256,6.42,Normal
Node_10,Node_4,893,TCP,AES-192,13.4,Normal
Node_20,Node_15,1476,UDP,AES-128,6.35,Normal
Node_4,Node_9,956,UDP,AES-256,11.08,Drop_Attack
Node_8,Node_12,408,TCP,AES-256,10.23,Normal
Node_17,Node_18,461,UDP,AES-192,6.74,Normal
Node_5,Node_9,274,TCP,AES-192,20.72,Normal
Node_20,Node_5,1406,TCP,AES-128,13.17,Normal
Node_16,Node_15,1218,UDP,AES-256,0.1,Normal
Node_19,Node_11,1348,UDP,AES-128,10.93,Normal
Node_16,Node_15,1357,UDP,AES-192,6.69,Normal
Node_12,Node_18,215,UDP,AES-192,14.26,Normal
Node_2,Node_13,651,TCP,AES-256,6.04,Normal
Node_3,Node_18,851,UDP,AES-256,9.43,Normal
Node_2,Node_16,1234,TCP,AES-192,12.52,Normal
Node_17,Node_5,190,UDP,AES-128,14.33,Normal
Node_11,Node_3,1097,TCP,AES-128,4,Normal
Node_15,Node_16,1137,TCP,AES-192,8.33,Normal
Node_10,Node_14,901,UDP,AES-256,7.63,Normal
Node_11,Node_3,739,TCP,AES-256,6.73,Normal
Node_10,Node_9,1408,TCP,AES-192,18.83,Blackhole_Attack
Node_12,Node_10,1407,UDP,AES-128,12.02,Normal
Node_3,Node_11,1208,UDP,AES-256,3.7,Normal
Node_5,Node_18,255,UDP,AES-256,14.59,Normal
Node_12,Node_10,433,TCP,AES-192,20.61,Normal
Node_16,Node_7,527,TCP,AES-128,15.16,Replay_Attack
Node_18,Node_17,141,UDP,AES-256,2.4,Drop_Attack
Node_6,Node_7,960,TCP,AES-192,7.58,Normal
Node_8,Node_16,1314,UDP,AES-256,16.33,Normal
Node_8,Node_19,553,UDP,AES-192,6.46,Normal
Node_7,Node_13,1453,UDP,AES-192,12.22,Normal
Node_13,Node_18,1144,UDP,AES-128,13.87,Normal
Node_20,Node_5,576,TCP,AES-256,5.37,Normal
Node_12,Node_19,274,TCP,AES-192,9.7,Replay_Attack
Node_17,Node_5,959,TCP,AES-128,0.1,Normal
Node_12,Node_1,913,TCP,AES-192,4.88,Normal
Node_8,Node_14,231,UDP,AES-128,8.74,Replay_Attack
Node_11,Node_5,345,TCP,AES-192,3.76,Normal
Node_16,Node_5,1024,UDP,AES-256,18.16,Replay_Attack
Node_7,Node_5,1187,UDP,AES-128,2.85,Normal
Node_8,Node_11,313,TCP,AES-128,7.8,Normal
Node_20,Node_15,192,TCP,AES-192,10.65,Normal
Node_1,Node_18,1241,TCP,AES-256,17.21,Drop_Attack
Node_12,Node_8,1232,UDP,AES-128,2.82,Normal
Node_3,Node_18,802,TCP,AES-256,15.82,Normal
Node_17,Node_19,105,UDP,AES-192,10.05,Drop_Attack
Node_9,Node_1,795,TCP,AES-192,5.09,Normal
Node_4,Node_20,744,TCP,AES-128,12.31,Normal
Node_11,Node_6,1466,UDP,AES-256,11,Normal
Node_6,Node_5,193,UDP,AES-128,7,Normal
Node_2,Node_8,149,UDP,AES-192,10.35,Normal
Node_18,Node_16,582,TCP,AES-256,8.07,Normal
Node_12,Node_2,1406,UDP,AES-192,10.57,Drop_Attack
Node_13,Node_16,855,UDP,AES-128,13.31,Normal
Node_16,Node_12,1127,UDP,AES-128,17.93,Normal
Node_3,Node_15,1297,TCP,AES-256,3.81,Normal
Node_4,Node_3,735,UDP,AES-192,20.67,Normal
Node_14,Node_6,1476,UDP,AES-192,0.24,Normal
Node_12,Node_15,626,TCP,AES-128,9.24,Normal
Node_13,Node_12,1114,TCP,AES-128,12.94,Blackhole_Attack
Node_15,Node_2,322,TCP,AES-128,11.4,Normal
Node_12,Node_13,848,TCP,AES-256,6.89,Normal
Node_15,Node_12,825,UDP,AES-128,8.96,Normal
Node_17,Node_12,879,UDP,AES-256,7.53,Normal
Node_4,Node_1,445,UDP,AES-256,7.05,Normal
Node_18,Node_4,600,UDP,AES-256,14.25,Normal
Node_20,Node_10,1485,UDP,AES-128,11.79,Replay_Attack
Node_15,Node_3,1460,UDP,AES-256,6.54,Normal
Node_3,Node_19,1174,UDP,AES-192,14.5,Normal
Node_6,Node_13,1105,TCP,AES-128,11.54,Normal
Node_5,Node_9,1075,TCP,AES-192,14.06,Normal
Node_12,Node_16,1193,TCP,AES-256,13.15,Normal
Node_3,Node_11,879,UDP,AES-256,5.86,Normal
Node_14,Node_20,215,TCP,AES-192,7.2,Normal
Node_15,Node_16,1456,UDP,AES-128,13.74,Normal
Node_18,Node_20,436,TCP,AES-192,13.05,Normal
Node_2,Node_5,1125,TCP,AES-192,9.9,Normal
Node_11,Node_8,772,UDP,AES-128,10.59,Normal
Node_18,Node_9,320,UDP,AES-256,16.39,Normal
Node_17,Node_6,1276,TCP,AES-128,7.04,Normal
Node_20,Node_11,1218,TCP,AES-128,12.74,Blackhole_Attack
Node_9,Node_7,1235,UDP,AES-256,8.99,Normal
Node_16,Node_19,657,UDP,AES-192,8.91,Normal
Node_13,Node_10,992,TCP,AES-256,15.49,Drop_Attack
Node_15,Node_7,760,TCP,AES-192,14.13,Normal
Node_11,Node_13,880,TCP,AES-192,14.07,Normal
Node_4,Node_12,559,UDP,AES-128,16.53,Normal
Node_8,Node_5,262,TCP,AES-192,10.11,Normal
Node_20,Node_14,572,TCP,AES-192,13.41,Normal
Node_11,Node_7,390,UDP,AES-256,8.45,Normal
Node_10,Node_17,111,TCP,AES-192,11.62,Normal
Node_8,Node_7,1258,UDP,AES-128,9.35,Drop_Attack
Node_16,Node_10,1163,TCP,AES-128,10.48,Normal
Node_9,Node_13,889,UDP,AES-128,12.98,Normal
Node_19,Node_18,462,UDP,AES-256,5.91,Normal
Node_13,Node_18,986,UDP,AES-256,20.46,Normal
Node_4,Node_6,262,UDP,AES-192,4.97,Normal
Node_11,Node_19,812,TCP,AES-128,3.93,Normal
Node_13,Node_18,146,TCP,AES-128,15.79,Drop_Attack
Node_17,Node_15,369,TCP,AES-192,13.96,Normal
Node_11,Node_6,868,UDP,AES-256,13.12,Normal
Node_17,Node_19,1067,UDP,AES-192,13.14,Normal
Node_12,Node_11,1443,TCP,AES-192,9.94,Normal
Node_1,Node_17,607,TCP,AES-256,5.51,Drop_Attack
Node_20,Node_13,366,TCP,AES-128,10.38,Normal
Node_4,Node_8,102,UDP,AES-192,6.61,Normal
Node_14,Node_7,904,UDP,AES-256,14.88,Normal
Node_5,Node_18,488,UDP,AES-256,9.26,Normal
Node_13,Node_11,418,UDP,AES-256,5.87,Normal
Node_12,Node_9,1313,UDP,AES-128,8.39,Normal
Node_9,Node_19,675,TCP,AES-192,12.06,Normal
Node_7,Node_17,713,UDP,AES-192,7.18,Normal
Node_9,Node_11,313,UDP,AES-192,5.89,Normal
Node_5,Node_11,150,UDP,AES-256,11.22,Drop_Attack
Node_16,Node_7,477,UDP,AES-256,11.22,Normal
Node_5,Node_4,1324,TCP,AES-128,7.47,Blackhole_Attack
Node_8,Node_2,269,UDP,AES-192,7.64,Normal
Node_4,Node_6,74,TCP,AES-192,11.16,Normal
Node_16,Node_17,1396,TCP,AES-192,2.76,Normal
Node_2,Node_4,1399,TCP,AES-256,2.96,Normal
Node_2,Node_7,919,TCP,AES-128,6.41,Normal
Node_13,Node_17,445,UDP,AES-128,8.93,Blackhole_Attack
Node_11,Node_10,994,UDP,AES-128,11.55,Normal
Node_15,Node_9,458,TCP,AES-192,17.38,Normal
Node_15,Node_9,445,TCP,AES-256,14.29,Normal
Node_10,Node_20,1445,TCP,AES-128,9.2,Normal
Node_13,Node_15,1119,UDP,AES-128,9.9,Normal
Node_4,Node_7,351,UDP,AES-192,4.99,Normal
Node_1,Node_10,849,TCP,AES-192,9.91,Normal
Node_11,Node_10,1256,TCP,AES-192,8.56,Normal
Node_8,Node_2,1431,TCP,AES-192,11.61,Normal
Node_13,Node_18,700,TCP,AES-256,5.86,Normal
Node_10,Node_13,1322,TCP,AES-128,12.6,Normal
Node_16,Node_5,995,UDP,AES-192,17.66,Normal
Node_16,Node_19,1424,TCP,AES-128,9.46,Normal
Node_20,Node_3,1140,UDP,AES-256,12.01,Normal
Node_3,Node_20,293,TCP,AES-256,13.45,Normal
Node_7,Node_20,1163,TCP,AES-128,7.99,Normal
Node_17,Node_15,302,TCP,AES-256,11.12,Normal
Node_3,Node_18,976,TCP,AES-192,10.06,Drop_Attack
Node_2,Node_19,1010,UDP,AES-256,10.49,Drop_Attack
Node_7,Node_20,213,TCP,AES-192,6.13,Normal
Node_3,Node_19,187,TCP,AES-192,10.12,Drop_Attack
Node_5,Node_15,830,UDP,AES-192,12.49,Normal
Node_13,Node_14,228,TCP,AES-256,17.26,Normal
Node_4,Node_7,1164,UDP,AES-256,14.8,Replay_Attack
Node_1,Node_11,1012,UDP,AES-256,20.77,Normal
Node_8,Node_9,1007,UDP,AES-128,6.16,Normal
Node_4,Node_2,1416,UDP,AES-256,14.36,Normal
Node_1,Node_9,486,TCP,AES-128,10.92,Normal
Node_15,Node_2,565,TCP,AES-192,20.95,Normal
Node_18,Node_7,179,TCP,AES-256,5.96,Normal
Node_8,Node_20,717,UDP,AES-128,5.8,Normal
Node_5,Node_18,516,UDP,AES-192,7,Normal
Node_18,Node_20,422,UDP,AES-256,0.1,Normal
Node_12,Node_14,1138,UDP,AES-256,7.37,Normal
Node_5,Node_11,834,TCP,AES-256,6.2,Normal
Node_8,Node_11,359,UDP,AES-128,10.75,Normal
Node_14,Node_19,1149,TCP,AES-192,11.71,Normal
Node_7,Node_12,1388,TCP,AES-192,19.38,Normal
Node_3,Node_19,454,TCP,AES-192,14.75,Normal
Node_20,Node_2,213,TCP,AES-256,7.12,Normal
Node_18,Node_7,1045,TCP,AES-192,5.51,Normal
Node_1,Node_8,453,TCP,AES-256,12.46,Normal
Node_16,Node_8,1488,TCP,AES-192,3.4,Normal
Node_18,Node_11,643,UDP,AES-192,19.16,Normal
Node_12,Node_10,599,UDP,AES-256,15.9,Normal
Node_15,Node_4,1025,UDP,AES-128,7.65,Normal
Node_14,Node_2,1216,TCP,AES-256,1.43,Drop_Attack
Node_19,Node_20,919,UDP,AES-128,16.77,Normal
Node_8,Node_14,1230,TCP,AES-192,9.43,Normal
Node_11,Node_9,1064,UDP,AES-192,16.19,Normal
Node_12,Node_6,350,UDP,AES-128,2.03,Normal
Node_18,Node_2,1137,TCP,AES-128,7,Normal
Node_2,Node_1,908,TCP,AES-256,10.03,Normal
Node_5,Node_1,511,UDP,AES-192,10.23,Blackhole_Attack
Node_20,Node_16,1414,UDP,AES-128,7.75,Blackhole_Attack
Node_1,Node_18,626,UDP,AES-128,13.11,Normal
Node_14,Node_6,283,TCP,AES-256,4.66,Replay_Attack
Node_9,Node_13,611,UDP,AES-128,9.29,Normal
Node_13,Node_16,1221,TCP,AES-256,10.6,Normal
Node_3,Node_2,255,UDP,AES-192,12.57,Normal
Node_16,Node_2,1368,TCP,AES-256,13.56,Normal
Node_16,Node_14,1384,UDP,AES-256,4.38,Normal
Node_4,Node_18,151,TCP,AES-128,2.33,Normal
Node_19,Node_16,619,TCP,AES-128,16.39,Normal
Node_9,Node_19,1218,TCP,AES-128,11.66,Normal
Node_11,Node_1,488,TCP,AES-256,6.26,Normal
Node_3,Node_11,396,TCP,AES-256,17.76,Normal
Node_13,Node_19,743,UDP,AES-256,10.58,Blackhole_Attack
Node_17,Node_12,173,TCP,AES-192,15.9,Normal
Node_3,Node_12,1303,UDP,AES-192,10.34,Drop_Attack
Node_15,Node_17,531,UDP,AES-256,20.3,Normal
Node_14,Node_6,1456,UDP,AES-128,18.78,Normal
Node_10,Node_8,214,TCP,AES-192,8.76,Normal
Node_5,Node_14,712,UDP,AES-128,14.86,Drop_Attack
Node_9,Node_4,335,TCP,AES-128,13.23,Normal
Node_18,Node_19,1113,UDP,AES-128,16.84,Drop_Attack
Node_20,Node_11,852,TCP,AES-192,5.18,Normal
Node_3,Node_19,561,TCP,AES-256,13.43,Normal
Node_5,Node_10,680,UDP,AES-192,15.29,Replay_Attack
Node_14,Node_10,1055,TCP,AES-192,1.21,Normal
Node_8,Node_17,1280,TCP,AES-192,4.08,Drop_Attack
Node_13,Node_11,1334,UDP,AES-192,0.1,Normal
Node_14,Node_5,679,UDP,AES-256,8.65,Normal
Node_7,Node_17,707,TCP,AES-192,13.59,Normal
Node_10,Node_17,1243,TCP,AES-192,17.51,Normal
Node_13,Node_12,297,TCP,AES-256,10.37,Normal
Node_6,Node_19,119,UDP,AES-256,18.14,Normal
Node_10,Node_3,901,UDP,AES-128,3.1,Normal
Node_8,Node_10,1412,TCP,AES-256,1.48,Normal
Node_13,Node_3,983,UDP,AES-256,9.72,Normal
Node_17,Node_14,1177,TCP,AES-192,11.92,Normal
Node_18,Node_3,287,TCP,AES-256,9.84,Normal
Node_6,Node_2,1217,UDP,AES-192,0.1,Normal
Node_14,Node_4,85,TCP,AES-192,9.55,Normal
Node_17,Node_19,1252,TCP,AES-192,3.48,Normal
Node_15,Node_20,1478,TCP,AES-192,13.35,Normal
Node_16,Node_4,669,UDP,AES-128,11.83,Blackhole_Attack
Node_10,Node_12,996,TCP,AES-256,5.3,Normal
Node_16,Node_4,961,UDP,AES-192,7.43,Replay_Attack
Node_4,Node_1,766,TCP,AES-256,4.7,Normal
Node_8,Node_18,421,TCP,AES-192,9.69,Normal
Node_15,Node_8,893,TCP,AES-128,14.78,Normal
Node_14,Node_13,123,TCP,AES-192,5.07,Normal
Node_13,Node_1,503,TCP,AES-192,12.52,Normal
Node_3,Node_20,272,TCP,AES-192,7.35,Normal
Node_15,Node_4,601,UDP,AES-256,6.04,Normal
Node_11,Node_14,1315,UDP,AES-256,9.46,Drop_Attack
Node_20,Node_6,1443,UDP,AES-256,4.82,Normal
Node_5,Node_12,305,TCP,AES-192,7.23,Drop_Attack
Node_17,Node_13,920,TCP,AES-256,4.01,Normal
Node_6,Node_17,1365,TCP,AES-256,19.82,Normal
Node_10,Node_5,447,UDP,AES-192,10.18,Normal
Node_12,Node_1,1056,TCP,AES-128,6.5,Normal
Node_18,Node_17,1401,UDP,AES-192,11.07,Normal
Node_14,Node_16,1064,TCP,AES-128,9.44,Normal
Node_8,Node_11,130,UDP,AES-128,8.9,Normal
Node_6,Node_16,1222,UDP,AES-256,13.07,Normal
Node_19,Node_4,612,UDP,AES-256,13.79,Normal
Node_2,Node_16,1182,TCP,AES-192,7.35,Blackhole_Attack
Node_10,Node_2,985,UDP,AES-192,7.12,Normal
Node_3,Node_16,304,TCP,AES-128,8.62,Normal
Node_19,Node_12,1313,UDP,AES-128,0.1,Normal
Node_7,Node_8,185,UDP,AES-256,2.42,Normal
Node_18,Node_6,726,UDP,AES-192,16.83,Normal
Node_17,Node_4,341,UDP,AES-128,18.22,Normal
Node_5,Node_6,575,TCP,AES-256,8.75,Normal
Node_8,Node_14,1066,TCP,AES-256,12.88,Normal
Node_14,Node_13,989,TCP,AES-256,11.56,Normal
Node_3,Node_14,1119,UDP,AES-256,25.39,Normal
Node_12,Node_16,1063,UDP,AES-256,15.6,Blackhole_Attack
Node_15,Node_12,193,UDP,AES-128,9.36,Normal
Node_7,Node_17,613,UDP,AES-192,5.22,Normal
Node_19,Node_5,1223,UDP,AES-192,1.97,Normal
Node_2,Node_3,267,UDP,AES-128,11.02,Replay_Attack
Node_1,Node_15,478,TCP,AES-256,6.22,Normal
Node_9,Node_3,1404,UDP,AES-192,2.89,Blackhole_Attack
Node_6,Node_2,875,UDP,AES-256,6.77,Normal
Node_8,Node_15,1406,TCP,AES-256,4.59,Replay_Attack
Node_5,Node_20,527,UDP,AES-128,18.44,Drop_Attack
Node_14,Node_5,1042,TCP,AES-128,14.41,Normal
Node_4,Node_5,705,UDP,AES-192,9.96,Replay_Attack
Node_5,Node_3,1150,TCP,AES-256,17.4,Normal
Node_15,Node_12,500,TCP,AES-192,10.39,Normal
Node_15,Node_7,241,TCP,AES-128,5.69,Normal
Node_19,Node_13,783,UDP,AES-192,17.62,Normal
Node_8,Node_10,1384,TCP,AES-128,12.69,Normal
Node_20,Node_10,1478,TCP,AES-256,4.81,Normal
Node_7,Node_18,1306,TCP,AES-256,9.05,Normal
Node_2,Node_9,1077,UDP,AES-128,5.62,Normal
Node_20,Node_3,1145,TCP,AES-192,3.09,Normal
Node_5,Node_14,1228,UDP,AES-192,14.63,Normal
Node_6,Node_17,213,TCP,AES-256,19.55,Drop_Attack
Node_2,Node_14,1101,UDP,AES-256,3.01,Normal
Node_14,Node_15,887,TCP,AES-256,12.81,Normal
Node_20,Node_5,632,TCP,AES-192,6.75,Replay_Attack
Node_5,Node_19,733,UDP,AES-256,7.56,Normal
Node_3,Node_11,1494,UDP,AES-256,7.04,Normal
Node_8,Node_2,564,TCP,AES-192,5.68,Blackhole_Attack
Node_10,Node_6,308,TCP,AES-256,10.24,Replay_Attack
Node_12,Node_18,1123,UDP,AES-128,5.85,Normal
Node_9,Node_4,124,UDP,AES-192,11.35,Normal
Node_3,Node_10,1244,TCP,AES-192,9.75,Normal
Node_12,Node_2,1087,TCP,AES-192,8.81,Normal
Node_4,Node_20,1444,TCP,AES-128,5.46,Normal
Node_1,Node_3,89,TCP,AES-128,7.12,Normal
Node_13,Node_5,430,TCP,AES-256,13.78,Normal
Node_14,Node_8,723,TCP,AES-192,12.5,Normal
Node_11,Node_9,223,UDP,AES-128,5.11,Normal
Node_2,Node_7,521,TCP,AES-192,10.5,Drop_Attack
Node_10,Node_12,240,UDP,AES-128,13.76,Normal
Node_10,Node_20,686,TCP,AES-192,1.65,Normal
Node_16,Node_7,1183,TCP,AES-128,12.72,Drop_Attack
Node_18,Node_12,1366,TCP,AES-192,6.69,Blackhole_Attack
Node_10,Node_4,484,TCP,AES-192,12.85,Normal
Node_2,Node_6,637,TCP,AES-128,6.18,Normal
Node_17,Node_14,1499,UDP,AES-192,0.98,Normal
Node_3,Node_20,259,TCP,AES-256,1.86,Normal
Node_3,Node_20,1226,TCP,AES-192,10.24,Normal
Node_5,Node_9,661,UDP,AES-192,11.3,Normal
Node_13,Node_11,715,UDP,AES-192,5.48,Normal
Node_7,Node_5,1261,TCP,AES-128,13.19,Drop_Attack
Node_14,Node_4,1161,UDP,AES-128,1.69,Normal
Node_15,Node_9,309,TCP,AES-128,9.67,Normal
Node_10,Node_2,504,UDP,AES-128,3.94,Replay_Attack
Node_13,Node_18,164,UDP,AES-192,6.74,Normal
Node_6,Node_1,892,UDP,AES-256,10.24,Normal
Node_8,Node_4,1010,TCP,AES-128,5.7,Replay_Attack
Node_8,Node_5,469,UDP,AES-192,8.08,Normal
Node_3,Node_20,1264,UDP,AES-128,15.03,Replay_Attack
Node_15,Node_5,252,UDP,AES-128,7.12,Drop_Attack
Node_19,Node_14,872,UDP,AES-128,14.18,Normal
Node_14,Node_6,788,TCP,AES-128,4.35,Normal
Node_15,Node_5,134,TCP,AES-256,12.65,Normal
Node_14,Node_19,1045,TCP,AES-128,17.21,Normal
Node_5,Node_15,472,TCP,AES-256,0.1,Normal
Node_18,Node_1,847,UDP,AES-192,6.02,Normal
Node_16,Node_12,1222,UDP,AES-192,12.89,Normal
Node_1,Node_12,1286,TCP,AES-128,8.98,Normal
Node_9,Node_2,1030,UDP,AES-256,11.86,Normal
Node_6,Node_4,571,TCP,AES-192,6.98,Normal
Node_2,Node_9,1243,UDP,AES-192,10.43,Normal
Node_6,Node_7,548,UDP,AES-256,9.22,Normal
Node_19,Node_1,1498,UDP,AES-256,15.84,Normal
Node_19,Node_7,1072,UDP,AES-128,11.27,Normal
Node_3,Node_2,540,TCP,AES-128,11.69,Normal
Node_1,Node_12,1321,TCP,AES-128,7.94,Normal
Node_6,Node_12,185,TCP,AES-128,7.56,Normal
Node_5,Node_4,1141,UDP,AES-128,7.84,Normal
Node_13,Node_20,270,UDP,AES-192,11.97,Normal
Node_6,Node_15,1373,UDP,AES-256,7.9,Normal
Node_18,Node_12,521,TCP,AES-192,11.45,Normal
Node_10,Node_5,427,TCP,AES-256,20.38,Normal
Node_13,Node_20,130,TCP,AES-256,14.36,Normal
Node_20,Node_8,1373,TCP,AES-192,8.37,Blackhole_Attack
Node_12,Node_11,407,TCP,AES-256,16.01,Normal
Node_11,Node_16,87,UDP,AES-128,7.96,Normal
Node_3,Node_13,589,TCP,AES-256,0.1,Drop_Attack
Node_14,Node_6,911,UDP,AES-192,4.96,Normal
Node_13,Node_4,1045,TCP,AES-128,0.65,Normal
Node_2,Node_11,105,UDP,AES-192,8.24,Normal
Node_3,Node_12,412,UDP,AES-128,10.09,Normal
Node_18,Node_3,756,UDP,AES-256,18.38,Blackhole_Attack
Node_14,Node_6,173,TCP,AES-192,11.63,Normal
Node_7,Node_15,1491,UDP,AES-256,8.9,Normal
Node_8,Node_4,165,UDP,AES-256,14.15,Normal
Node_16,Node_5,175,UDP,AES-128,0.1,Normal
Node_10,Node_17,472,TCP,AES-128,11.18,Normal
Node_10,Node_3,1033,TCP,AES-192,13.85,Normal
Node_16,Node_17,1417,UDP,AES-128,2.61,Normal
Node_13,Node_6,823,UDP,AES-192,15.72,Normal
Node_2,Node_10,964,UDP,AES-192,11.69,Normal
Node_9,Node_20,190,TCP,AES-256,7.92,Normal
Node_3,Node_13,1172,UDP,AES-256,13.16,Normal
Node_2,Node_14,1134,UDP,AES-256,21.35,Normal
Node_16,Node_20,546,UDP,AES-192,10.91,Blackhole_Attack
Node_19,Node_17,1234,TCP,AES-128,11.24,Normal
Node_15,Node_6,406,TCP,AES-128,7.7,Drop_Attack
Node_14,Node_7,1348,TCP,AES-256,5.75,Normal
Node_3,Node_4,858,UDP,AES-256,14.15,Normal
Node_9,Node_18,1002,TCP,AES-256,5.72,Normal
Node_17,Node_14,294,UDP,AES-128,10.36,Blackhole_Attack
Node_4,Node_5,1216,TCP,AES-192,7.61,Normal
Node_12,Node_15,604,UDP,AES-256,12.39,Normal
Node_20,Node_16,140,TCP,AES-192,11.67,Normal
Node_20,Node_13,143,UDP,AES-192,15.19,Normal
Node_2,Node_17,614,UDP,AES-128,7.45,Normal
Node_10,Node_11,638,UDP,AES-256,8.65,Normal
Node_8,Node_5,679,UDP,AES-192,5.11,Normal
Node_14,Node_3,448,UDP,AES-128,7.78,Normal
Node_14,Node_17,1121,UDP,AES-128,11.89,Normal
Node_6,Node_3,701,UDP,AES-128,13.78,Normal
Node_17,Node_20,123,TCP,AES-128,5.39,Normal
Node_7,Node_2,574,TCP,AES-192,14.35,Drop_Attack
Node_9,Node_13,1014,UDP,AES-256,16.78,Normal
Node_1,Node_9,826,UDP,AES-256,12.07,Normal
Node_16,Node_20,1193,UDP,AES-192,19.38,Normal
Node_9,Node_3,647,TCP,AES-192,6.13,Blackhole_Attack
Node_7,Node_9,1389,TCP,AES-256,3.78,Normal
Node_14,Node_18,105,TCP,AES-192,1.11,Normal
Node_6,Node_1,522,UDP,AES-256,17.48,Normal
Node_10,Node_9,931,UDP,AES-192,13.27,Normal
Node_7,Node_16,682,UDP,AES-256,9.72,Blackhole_Attack
Node_12,Node_19,1389,UDP,AES-192,11.4,Normal
Node_16,Node_3,752,UDP,AES-256,4.37,Normal
Node_9,Node_10,1407,UDP,AES-128,22.23,Replay_Attack
Node_20,Node_13,1416,UDP,AES-256,10.65,Replay_Attack
Node_10,Node_9,921,UDP,AES-192,10.55,Normal
Node_19,Node_20,452,UDP,AES-256,13.63,Normal
Node_18,Node_16,1439,UDP,AES-256,12.41,Normal
Node_6,Node_19,434,UDP,AES-128,11.12,Normal
Node_9,Node_19,438,UDP,AES-256,6.05,Drop_Attack
Node_10,Node_15,742,UDP,AES-192,12.36,Normal
Node_15,Node_4,1027,TCP,AES-256,19.41,Normal
Node_20,Node_3,1031,TCP,AES-256,16.73,Blackhole_Attack
Node_10,Node_15,174,TCP,AES-128,17.97,Normal
Node_11,Node_15,1230,UDP,AES-128,7.44,Normal
Node_6,Node_3,1062,UDP,AES-256,5.05,Normal
Node_11,Node_2,73,UDP,AES-192,9.37,Normal
Node_6,Node_20,388,UDP,AES-128,10.28,Drop_Attack
Node_13,Node_15,1041,UDP,AES-128,15.47,Replay_Attack
Node_1,Node_12,1151,TCP,AES-128,1.54,Normal
Node_8,Node_9,1484,UDP,AES-192,17.65,Drop_Attack
Node_10,Node_6,197,TCP,AES-192,9.21,Normal
Node_15,Node_18,1285,UDP,AES-192,7.87,Normal
Node_5,Node_12,1067,UDP,AES-128,4.94,Normal
Node_13,Node_1,531,TCP,AES-256,1.73,Normal
Node_7,Node_1,1271,TCP,AES-128,14.12,Normal
Node_2,Node_14,1375,UDP,AES-256,10.37,Normal
Node_20,Node_2,1419,TCP,AES-256,3.55,Normal
Node_2,Node_5,917,UDP,AES-192,3.52,Drop_Attack
Node_5,Node_8,1487,TCP,AES-192,8.32,Normal
Node_4,Node_18,616,TCP,AES-192,18.35,Normal
Node_4,Node_18,1329,TCP,AES-192,8.7,Replay_Attack
Node_20,Node_7,602,TCP,AES-192,2.48,Normal
Node_10,Node_6,144,UDP,AES-128,8.77,Normal
Node_16,Node_11,544,TCP,AES-128,8.64,Normal
Node_4,Node_20,1434,UDP,AES-128,0.1,Normal
Node_17,Node_3,271,UDP,AES-256,9.73,Normal
Node_10,Node_9,1014,TCP,AES-128,8.85,Normal
Node_2,Node_11,801,UDP,AES-192,13.48,Normal
Node_4,Node_2,83,TCP,AES-256,19.24,Normal
Node_11,Node_13,960,UDP,AES-256,15.63,Drop_Attack
Node_13,Node_14,998,UDP,AES-192,8.66,Normal
Node_16,Node_14,1392,TCP,AES-128,4.47,Blackhole_Attack
Node_6,Node_4,916,UDP,AES-256,22.87,Normal
Node_6,Node_14,798,TCP,AES-256,10.3,Normal
Node_5,Node_17,1063,TCP,AES-192,10.07,Normal
Node_3,Node_10,1405,UDP,AES-128,9.88,Normal
Node_17,Node_20,1221,TCP,AES-256,10.99,Normal
Node_17,Node_18,1473,TCP,AES-192,9.28,Normal
Node_8,Node_17,772,UDP,AES-128,7.13,Normal
Node_18,Node_2,87,TCP,AES-256,7.27,Normal
Node_16,Node_6,217,UDP,AES-192,9.84,Normal
Node_9,Node_2,1102,TCP,AES-256,7.28,Normal
Node_13,Node_8,225,UDP,AES-192,6.44,Normal
Node_15,Node_3,1084,UDP,AES-192,10.53,Drop_Attack
Node_1,Node_5,890,UDP,AES-128,8.73,Normal
Node_1,Node_4,1301,UDP,AES-256,17.52,Normal
Node_15,Node_11,808,TCP,AES-128,0.1,Normal
Node_11,Node_19,1333,UDP,AES-256,15.46,Normal
Node_15,Node_4,263,TCP,AES-128,16.23,Normal
Node_10,Node_19,1133,UDP,AES-256,0.1,Replay_Attack
Node_14,Node_4,584,TCP,AES-128,8.29,Drop_Attack
Node_7,Node_12,284,UDP,AES-128,8.14,Normal
Node_19,Node_4,986,UDP,AES-256,2.96,Normal
Node_17,Node_5,1085,TCP,AES-256,6.11,Normal
Node_18,Node_14,1262,UDP,AES-256,4.45,Normal
Node_6,Node_20,419,TCP,AES-128,18.76,Normal
Node_20,Node_11,1096,UDP,AES-192,14.68,Normal
Node_8,Node_10,878,UDP,AES-192,16.36,Normal
Node_5,Node_6,909,UDP,AES-256,13.61,Normal
Node_11,Node_19,1359,TCP,AES-128,4.35,Normal
Node_10,Node_13,1441,TCP,AES-256,7.38,Normal
Node_6,Node_18,1175,UDP,AES-256,12.45,Drop_Attack
Node_19,Node_20,1430,UDP,AES-256,3.89,Normal
Node_18,Node_10,929,TCP,AES-256,13.56,Drop_Attack
Node_2,Node_8,610,TCP,AES-192,8.8,Normal
Node_5,Node_2,1478,UDP,AES-128,8.13,Normal
Node_2,Node_13,990,TCP,AES-256,13.55,Normal
Node_18,Node_8,1389,UDP,AES-128,12.22,Normal
Node_10,Node_2,845,UDP,AES-192,8.2,Normal
Node_11,Node_19,174,TCP,AES-256,15.8,Normal
Node_20,Node_15,525,UDP,AES-256,4.59,Normal
Node_20,Node_7,460,UDP,AES-192,13.08,Normal
Node_3,Node_7,419,TCP,AES-192,12.97,Drop_Attack
Node_5,Node_7,1260,UDP,AES-128,8.45,Normal
Node_5,Node_2,378,UDP,AES-256,11.63,Blackhole_Attack
Node_10,Node_17,1236,UDP,AES-128,3.74,Normal
Node_11,Node_18,514,TCP,AES-256,14.62,Blackhole_Attack
Node_18,Node_19,890,TCP,AES-192,9.08,Normal
Node_7,Node_12,742,UDP,AES-192,7.39,Normal
Node_20,Node_17,1036,TCP,AES-128,15.25,Normal
Node_15,Node_8,1379,TCP,AES-128,6.48,Normal
Node_11,Node_14,296,UDP,AES-192,2.96,Normal
Node_10,Node_1,1122,UDP,AES-256,2.22,Normal
Node_15,Node_17,153,UDP,AES-256,13.03,Normal
Node_17,Node_3,260,TCP,AES-256,3.6,Normal
Node_3,Node_8,1436,TCP,AES-256,18.77,Normal
Node_4,Node_8,1165,UDP,AES-256,0.1,Normal
Node_3,Node_6,112,UDP,AES-256,18.48,Normal
Node_3,Node_4,175,TCP,AES-192,11.06,Normal
Node_19,Node_8,593,UDP,AES-192,9.52,Normal
Node_13,Node_15,711,TCP,AES-192,7.28,Normal
Node_18,Node_1,1377,TCP,AES-256,12,Normal
Node_3,Node_13,1093,TCP,AES-192,9.81,Normal
Node_10,Node_3,640,UDP,AES-192,15.52,Normal
Node_1,Node_17,384,TCP,AES-128,10.57,Normal
Node_18,Node_10,1362,TCP,AES-192,10.75,Normal
Node_12,Node_1,1197,TCP,AES-128,8.18,Blackhole_Attack
Node_18,Node_19,238,UDP,AES-128,9.72,Normal
Node_12,Node_7,909,TCP,AES-128,11.54,Normal
Node_20,Node_9,461,TCP,AES-128,1.45,Normal
Node_19,Node_2,1188,UDP,AES-256,3.26,Normal
Node_10,Node_3,577,TCP,AES-128,13.72,Normal
Node_16,Node_11,795,TCP,AES-256,10.85,Normal
Node_4,Node_11,1332,TCP,AES-128,9.08,Normal
Node_15,Node_11,1326,UDP,AES-256,10.09,Normal
Node_19,Node_20,810,UDP,AES-192,11.74,Normal
Node_11,Node_8,517,UDP,AES-192,7.3,Normal
Node_5,Node_12,1046,UDP,AES-192,6.11,Normal
Node_10,Node_17,1193,TCP,AES-128,10.98,Normal
Node_3,Node_10,350,TCP,AES-192,5.11,Normal
Node_3,Node_4,102,TCP,AES-256,12.04,Normal
Node_19,Node_7,139,UDP,AES-256,1.49,Normal
Node_18,Node_16,1403,TCP,AES-192,15.15,Normal
Node_19,Node_10,338,UDP,AES-256,12.36,Normal
Node_13,Node_12,1092,TCP,AES-256,11.28,Normal
Node_20,Node_6,1116,TCP,AES-192,14.91,Normal
Node_19,Node_20,1414,TCP,AES-256,18.33,Normal
Node_12,Node_2,512,UDP,AES-128,15.07,Drop_Attack
Node_7,Node_18,803,UDP,AES-192,0.8,Normal
Node_2,Node_3,1392,UDP,AES-128,3.6,Normal
Node_17,Node_9,603,TCP,AES-192,6.88,Normal
Node_12,Node_20,1402,TCP,AES-256,10.13,Normal
Node_8,Node_18,895,UDP,AES-192,12.59,Normal
Node_16,Node_1,1091,TCP,AES-192,6.37,Normal
Node_3,Node_18,1381,UDP,AES-128,10.93,Normal
Node_6,Node_13,1296,TCP,AES-256,6.22,Normal
Node_11,Node_4,1050,UDP,AES-192,6.94,Normal
Node_6,Node_15,109,TCP,AES-128,2.97,Blackhole_Attack
Node_17,Node_2,1236,TCP,AES-128,5.38,Normal
Node_6,Node_18,894,TCP,AES-256,3.24,Normal
Node_10,Node_3,507,UDP,AES-256,5.12,Normal
Node_16,Node_6,513,UDP,AES-256,15.27,Blackhole_Attack
Node_6,Node_18,605,TCP,AES-256,5.25,Normal
Node_15,Node_20,204,TCP,AES-192,23.16,Normal
Node_4,Node_1,478,UDP,AES-128,12.47,Normal
Node_6,Node_17,1323,TCP,AES-256,10.92,Normal
Node_4,Node_3,1051,TCP,AES-256,5.71,Normal
Node_1,Node_15,1133,UDP,AES-192,13.5,Normal
Node_17,Node_14,533,UDP,AES-192,7.12,Normal
Node_19,Node_4,935,TCP,AES-192,10.61,Normal
Node_8,Node_3,644,UDP,AES-192,22.8,Normal
Node_1,Node_20,1134,TCP,AES-256,9.52,Blackhole_Attack
Node_11,Node_15,805,TCP,AES-128,15.75,Normal
Node_19,Node_9,599,UDP,AES-256,6.48,Normal
Node_9,Node_14,481,UDP,AES-256,9.83,Normal
Node_16,Node_6,822,UDP,AES-192,18.85,Normal
Node_19,Node_12,879,TCP,AES-256,6.87,Replay_Attack
Node_6,Node_4,503,UDP,AES-192,19.06,Normal
Node_20,Node_2,393,UDP,AES-256,13.54,Replay_Attack
Node_16,Node_14,244,TCP,AES-192,7.19,Normal
Node_3,Node_2,851,UDP,AES-256,13.16,Normal
Node_10,Node_2,422,UDP,AES-192,14.86,Blackhole_Attack
Node_17,Node_10,462,TCP,AES-256,13.11,Normal
Node_8,Node_6,1444,TCP,AES-192,2.15,Normal
Node_1,Node_7,241,UDP,AES-192,6.36,Normal
Node_13,Node_14,1264,TCP,AES-256,8.76,Blackhole_Attack
Node_3,Node_19,646,UDP,AES-192,9.63,Normal
Node_9,Node_8,1305,TCP,AES-192,13.1,Normal
Node_19,Node_1,598,TCP,AES-192,10.89,Normal
Node_18,Node_3,1094,UDP,AES-192,3.32,Normal
Node_17,Node_9,1165,UDP,AES-256,11.9,Normal
Node_13,Node_20,1054,TCP,AES-192,13.05,Normal
Node_15,Node_16,1265,TCP,AES-192,12.8,Replay_Attack
Node_8,Node_9,710,UDP,AES-192,15.4,Normal
Node_1,Node_10,572,UDP,AES-128,14.17,Normal
Node_11,Node_3,1199,TCP,AES-192,12.3,Normal
Node_7,Node_20,615,TCP,AES-256,9.65,Normal
Node_7,Node_17,472,TCP,AES-256,1.7,Normal
Node_9,Node_7,533,TCP,AES-128,12.15,Normal
Node_12,Node_5,282,TCP,AES-128,11.04,Normal
Node_16,Node_1,1172,TCP,AES-192,11.36,Normal
Node_11,Node_17,1240,UDP,AES-192,3.62,Normal
Node_17,Node_9,878,TCP,AES-256,4.59,Blackhole_Attack
Node_16,Node_19,130,UDP,AES-192,15.27,Normal
Node_6,Node_16,310,UDP,AES-192,9.8,Normal
Node_1,Node_8,841,TCP,AES-192,13.41,Normal
Node_9,Node_6,1187,UDP,AES-128,10.14,Normal
Node_20,Node_11,813,TCP,AES-192,10.15,Normal
Node_14,Node_12,811,UDP,AES-192,14.69,Normal
Node_19,Node_5,1243,TCP,AES-128,7.42,Normal
Node_8,Node_19,949,UDP,AES-128,10.48,Blackhole_Attack
Node_1,Node_7,927,UDP,AES-128,7.69,Normal
Node_17,Node_19,710,UDP,AES-192,7.83,Normal
Node_19,Node_2,879,TCP,AES-256,8.45,Normal
Node_7,Node_10,1039,TCP,AES-192,11.11,Normal
Node_9,Node_13,801,UDP,AES-192,7.61,Replay_Attack
Node_20,Node_7,1245,TCP,AES-192,16.28,Normal
Node_17,Node_16,979,TCP,AES-192,5.53,Normal
Node_15,Node_5,407,UDP,AES-192,9.07,Normal
Node_19,Node_13,210,TCP,AES-128,7.8,Normal
Node_11,Node_12,1401,UDP,AES-256,17.23,Normal
Node_13,Node_9,975,UDP,AES-256,10.98,Normal
Node_15,Node_14,406,TCP,AES-128,15.16,Replay_Attack
Node_3,Node_8,405,UDP,AES-128,2.57,Drop_Attack
Node_1,Node_14,1137,TCP,AES-128,11.34,Normal
Node_5,Node_3,1405,UDP,AES-192,14.45,Normal
Node_10,Node_16,1347,TCP,AES-128,10.41,Normal
Node_6,Node_1,135,UDP,AES-192,15.33,Normal
Node_15,Node_19,621,UDP,AES-128,7.41,Normal
Node_18,Node_6,1274,UDP,AES-256,17.05,Normal
Node_19,Node_14,1136,UDP,AES-192,21.49,Normal
Node_8,Node_3,968,UDP,AES-192,8.19,Normal
Node_5,Node_11,85,TCP,AES-256,7.77,Normal
Node_5,Node_13,651,UDP,AES-256,17.27,Drop_Attack
Node_16,Node_10,82,UDP,AES-192,17.9,Normal
Node_1,Node_19,829,TCP,AES-192,7.39,Normal
Node_14,Node_13,575,TCP,AES-256,7.9,Normal
Node_13,Node_14,515,UDP,AES-128,8.59,Normal
Node_8,Node_18,1319,UDP,AES-192,3.28,Normal
Node_18,Node_9,909,TCP,AES-128,5.41,Normal
Node_10,Node_4,1368,UDP,AES-256,4.98,Normal
Node_20,Node_16,448,UDP,AES-128,6.16,Normal
Node_18,Node_1,444,TCP,AES-192,9.83,Normal
Node_15,Node_1,540,TCP,AES-128,11.17,Replay_Attack
Node_10,Node_17,824,UDP,AES-256,17.75,Normal
Node_11,Node_3,363,TCP,AES-192,5.01,Normal
Node_3,Node_19,1026,TCP,AES-128,14.92,Normal
Node_9,Node_14,89,TCP,AES-256,8.93,Normal
Node_15,Node_8,132,TCP,AES-192,9.75,Normal
Node_4,Node_18,1427,TCP,AES-192,13.37,Normal
Node_10,Node_12,388,TCP,AES-256,4.39,Normal
Node_17,Node_4,582,UDP,AES-256,11.91,Normal
Node_12,Node_2,1429,TCP,AES-128,10.83,Normal
Node_14,Node_11,94,TCP,AES-192,12.46,Normal
Node_13,Node_8,82,TCP,AES-256,11.45,Normal
Node_16,Node_5,824,TCP,AES-128,22.28,Normal
Node_3,Node_12,1344,TCP,AES-128,6.81,Normal
Node_5,Node_19,283,TCP,AES-192,7.35,Normal
Node_18,Node_12,962,TCP,AES-128,6.88,Normal
Node_12,Node_5,577,TCP,AES-192,7.22,Normal
Node_18,Node_10,1175,UDP,AES-128,6.81,Normal
Node_18,Node_12,726,UDP,AES-192,15.95,Normal
Node_20,Node_18,392,TCP,AES-256,17.1,Normal
Node_10,Node_9,1173,UDP,AES-192,7.15,Blackhole_Attack
Node_6,Node_1,1333,UDP,AES-256,5.84,Normal
Node_3,Node_19,857,TCP,AES-256,12.36,Normal
Node_18,Node_5,1319,UDP,AES-192,7.24,Normal
Node_11,Node_4,261,TCP,AES-128,13.16,Normal
Node_5,Node_7,128,TCP,AES-128,11.01,Normal
Node_4,Node_2,1233,UDP,AES-256,2.42,Normal
Node_20,Node_19,588,TCP,AES-192,17.74,Normal
Node_3,Node_1,491,UDP,AES-128,18.98,Normal
Node_2,Node_13,1206,UDP,AES-192,6.94,Normal
Node_2,Node_10,1147,TCP,AES-256,8.06,Drop_Attack
Node_7,Node_18,262,TCP,AES-256,11.43,Normal
Node_13,Node_7,459,TCP,AES-256,11.67,Normal
Node_6,Node_19,1207,UDP,AES-256,13.29,Blackhole_Attack
Node_15,Node_14,277,TCP,AES-128,20.05,Normal
Node_17,Node_11,1410,TCP,AES-256,9.12,Normal
Node_15,Node_12,709,UDP,AES-192,6.01,Normal
Node_14,Node_11,1310,TCP,AES-256,3.1,Normal
Node_13,Node_19,584,UDP,AES-192,6.35,Normal
Node_13,Node_1,134,UDP,AES-256,9.83,Replay_Attack
Node_10,Node_1,679,TCP,AES-128,18.97,Normal
Node_1,Node_10,1197,TCP,AES-128,7.41,Drop_Attack
Node_9,Node_13,1256,TCP,AES-128,11.12,Normal
Node_10,Node_3,1232,UDP,AES-256,9.92,Normal
Node_3,Node_12,1052,TCP,AES-192,15.94,Normal
Node_19,Node_4,1283,UDP,AES-128,22.63,Normal
Node_19,Node_13,224,TCP,AES-192,7.35,Normal
Node_14,Node_15,310,TCP,AES-256,7.55,Normal
Node_20,Node_1,1362,UDP,AES-128,15.22,Normal
Node_2,Node_12,1169,TCP,AES-192,13.41,Normal
Node_8,Node_5,167,UDP,AES-192,19.23,Normal
Node_19,Node_17,248,TCP,AES-192,12.92,Normal
Node_13,Node_5,334,UDP,AES-128,8.2,Normal
Node_2,Node_19,881,UDP,AES-128,12.95,Normal
Node_14,Node_5,340,UDP,AES-256,15.54,Normal
Node_13,Node_20,465,TCP,AES-128,14.1,Drop_Attack
Node_19,Node_3,294,UDP,AES-192,12.54,Normal
Node_7,Node_12,769,TCP,AES-192,15.33,Normal
Node_12,Node_16,1340,TCP,AES-192,15.85,Replay_Attack
Node_12,Node_5,239,TCP,AES-256,16.91,Blackhole_Attack
Node_10,Node_1,767,TCP,AES-192,13.24,Normal
Node_1,Node_12,492,TCP,AES-128,9.16,Normal
Node_9,Node_19,1053,TCP,AES-256,10.73,Normal
Node_1,Node_14,1257,TCP,AES-192,16.03,Normal
Node_10,Node_7,1490,UDP,AES-128,5.92,Normal
Node_1,Node_4,859,UDP,AES-256,11.84,Normal
Node_12,Node_4,103,UDP,AES-256,8.03,Normal
Node_13,Node_18,267,UDP,AES-192,10.14,Normal
Node_18,Node_3,445,TCP,AES-256,16.39,Normal
Node_18,Node_1,145,TCP,AES-256,10.96,Normal
Node_16,Node_13,385,TCP,AES-192,10.23,Normal
Node_12,Node_10,547,UDP,AES-128,3.2,Normal
Node_13,Node_1,1200,UDP,AES-128,13.73,Normal
Node_13,Node_5,243,UDP,AES-256,13.23,Normal
Node_20,Node_8,918,TCP,AES-256,20.82,Normal
Node_10,Node_12,983,TCP,AES-128,8.46,Normal
Node_19,Node_18,1464,TCP,AES-128,11.1,Normal
Node_17,Node_5,944,TCP,AES-256,11.25,Normal
Node_6,Node_12,202,TCP,AES-128,17.89,Normal
Node_5,Node_1,716,UDP,AES-192,9.52,Normal
Node_9,Node_5,448,TCP,AES-128,11.4,Normal
Node_20,Node_9,1304,TCP,AES-256,13.04,Normal
Node_1,Node_13,226,UDP,AES-128,10.93,Normal
Node_20,Node_16,1394,UDP,AES-128,7.77,Normal
Node_16,Node_17,345,TCP,AES-128,10.97,Normal
Node_14,Node_1,616,UDP,AES-128,15.37,Normal
Node_7,Node_8,199,TCP,AES-192,4.87,Normal
Node_16,Node_11,1001,TCP,AES-192,10.66,Normal
Node_2,Node_14,704,UDP,AES-256,6.5,Normal
Node_19,Node_18,1139,TCP,AES-256,15.98,Drop_Attack
Node_2,Node_9,1126,UDP,AES-256,2.38,Drop_Attack
Node_2,Node_8,660,UDP,AES-192,7.21,Normal
Node_10,Node_16,404,UDP,AES-192,11.89,Normal
Node_2,Node_18,355,UDP,AES-256,17.83,Normal
Node_17,Node_4,432,TCP,AES-192,9.67,Normal
Node_15,Node_1,430,UDP,AES-256,7.22,Normal
Node_7,Node_16,248,UDP,AES-192,19.41,Normal
Node_6,Node_4,250,TCP,AES-256,2.76,Normal
Node_12,Node_3,1136,UDP,AES-256,0.1,Normal
Node_17,Node_6,839,UDP,AES-128,12.2,Normal
Node_11,Node_20,1414,TCP,AES-128,7.49,Normal
Node_6,Node_2,923,UDP,AES-192,4.89,Normal
Node_15,Node_10,1346,TCP,AES-128,13.54,Normal
Node_7,Node_1,1339,UDP,AES-128,11.22,Normal
Node_16,Node_19,75,UDP,AES-128,7.18,Normal
Node_16,Node_15,903,UDP,AES-128,3.6,Normal
Node_1,Node_9,1184,UDP,AES-256,14.36,Normal
Node_7,Node_2,442,TCP,AES-128,13.25,Normal
Node_2,Node_6,130,UDP,AES-192,9.5,Normal
Node_2,Node_5,917,TCP,AES-128,19.23,Normal
Node_20,Node_19,1215,TCP,AES-192,4.65,Normal
Node_12,Node_2,254,UDP,AES-192,2.37,Normal
Node_13,Node_3,939,TCP,AES-192,6.54,Normal
Node_4,Node_10,738,UDP,AES-256,9.77,Normal
Node_7,Node_2,287,TCP,AES-192,11.22,Normal
Node_20,Node_10,938,UDP,AES-192,8.79,Normal
Node_20,Node_12,329,UDP,AES-256,11.76,Normal
Node_16,Node_17,432,TCP,AES-256,3.74,Normal
Node_7,Node_1,306,TCP,AES-192,17.22,Normal
Node_4,Node_8,1324,UDP,AES-192,9.59,Drop_Attack
Node_7,Node_1,1375,TCP,AES-256,15.59,Normal
Node_3,Node_11,678,UDP,AES-128,11.71,Drop_Attack
Node_19,Node_1,423,TCP,AES-192,12.28,Normal
Node_16,Node_17,136,TCP,AES-192,12.85,Normal
Node_15,Node_19,750,UDP,AES-192,12.24,Normal
Node_2,Node_18,677,UDP,AES-256,13.21,Normal
Node_7,Node_20,1467,UDP,AES-192,16.65,Replay_Attack
Node_1,Node_12,832,TCP,AES-256,10.98,Normal
Node_6,Node_4,695,UDP,AES-256,13.55,Drop_Attack
Node_8,Node_13,989,UDP,AES-128,9.55,Normal
Node_6,Node_4,830,TCP,AES-128,17.2,Normal
Node_15,Node_18,115,UDP,AES-256,6.62,Normal
Node_11,Node_17,1136,UDP,AES-192,19,Replay_Attack
Node_17,Node_5,484,TCP,AES-192,9.8,Normal
Node_17,Node_4,72,UDP,AES-128,2.85,Normal
Node_20,Node_3,746,UDP,AES-128,10.64,Blackhole_Attack
Node_1,Node_20,703,TCP,AES-192,6.59,Normal
Node_10,Node_9,1154,UDP,AES-192,14.2,Normal
Node_9,Node_5,386,UDP,AES-128,6.74,Blackhole_Attack
Node_4,Node_8,1175,UDP,AES-256,7.77,Normal
Node_5,Node_11,1239,TCP,AES-128,0.55,Blackhole_Attack
Node_18,Node_15,167,TCP,AES-128,7.74,Normal
Node_2,Node_5,849,TCP,AES-128,0.1,Normal
Node_6,Node_20,1353,UDP,AES-256,2.08,Normal
Node_11,Node_7,1437,TCP,AES-192,13.8,Normal
Node_3,Node_16,263,UDP,AES-192,13.93,Normal
Node_15,Node_17,538,TCP,AES-128,12.13,Normal
Node_20,Node_9,808,UDP,AES-128,5.17,Normal
Node_11,Node_12,992,UDP,AES-128,9.76,Replay_Attack
Node_15,Node_6,642,UDP,AES-256,9.98,Normal
Node_17,Node_4,894,TCP,AES-192,4.21,Normal
Node_3,Node_11,1155,UDP,AES-192,17.52,Normal
Node_8,Node_9,1186,TCP,AES-192,14.39,Normal
Node_11,Node_7,1485,UDP,AES-192,8.9,Normal
Node_11,Node_19,1485,TCP,AES-128,10.13,Normal
Node_3,Node_20,1060,TCP,AES-256,11.04,Normal
Node_11,Node_19,263,UDP,AES-128,0.1,Normal
Node_13,Node_3,1289,TCP,AES-256,8.76,Normal
Node_13,Node_11,1076,TCP,AES-128,6.59,Normal
Node_5,Node_20,1366,TCP,AES-128,4.99,Normal
Node_15,Node_19,660,UDP,AES-256,8.59,Normal
Node_7,Node_8,1459,UDP,AES-192,18.99,Normal
Node_10,Node_15,769,TCP,AES-256,13.2,Blackhole_Attack
Node_5,Node_11,191,UDP,AES-256,7.14,Normal
Node_1,Node_19,799,TCP,AES-192,12.86,Normal
Node_8,Node_15,1272,UDP,AES-256,17,Normal
Node_13,Node_14,845,UDP,AES-256,14.62,Normal
Node_6,Node_17,348,TCP,AES-256,10.3,Normal
Node_12,Node_15,379,UDP,AES-256,6.77,Replay_Attack
Node_1,Node_6,1060,UDP,AES-128,13.49,Blackhole_Attack
Node_15,Node_14,1340,TCP,AES-192,11.97,Normal
Node_18,Node_15,851,UDP,AES-128,14.48,Normal
Node_20,Node_1,1247,UDP,AES-256,13.18,Normal
Node_17,Node_9,905,UDP,AES-128,15.25,Normal
Node_19,Node_16,818,TCP,AES-256,7.32,Normal
Node_3,Node_6,1142,UDP,AES-192,16.59,Normal
Node_17,Node_3,566,UDP,AES-256,10.99,Normal
Node_3,Node_19,1251,UDP,AES-256,20.38,Drop_Attack
Node_1,Node_17,993,UDP,AES-256,6.55,Normal
Node_14,Node_12,667,UDP,AES-128,18.68,Blackhole_Attack
Node_19,Node_9,189,UDP,AES-256,10.99,Normal
Node_2,Node_11,1342,TCP,AES-192,6.74,Normal
Node_5,Node_18,221,UDP,AES-192,7.58,Drop_Attack
Node_9,Node_1,292,TCP,AES-256,8.4,Normal
Node_15,Node_12,423,UDP,AES-256,12.12,Normal
Node_6,Node_18,131,UDP,AES-128,12.61,Normal
Node_20,Node_5,1079,UDP,AES-192,7.13,Normal
Node_15,Node_6,495,UDP,AES-128,9.88,Normal
Node_4,Node_2,407,UDP,AES-192,20.71,Normal
Node_16,Node_19,542,UDP,AES-256,18.64,Normal
Node_16,Node_9,361,UDP,AES-128,12.18,Normal
Node_15,Node_13,1453,UDP,AES-256,10.19,Normal
Node_2,Node_5,1152,UDP,AES-192,10.6,Normal
Node_9,Node_12,617,UDP,AES-128,13.07,Normal
Node_19,Node_13,1008,TCP,AES-256,4.89,Normal
Node_7,Node_18,755,TCP,AES-192,8.71,Normal
Node_1,Node_4,88,UDP,AES-128,1.66,Normal
Node_15,Node_12,513,UDP,AES-192,12,Normal
Node_1,Node_4,180,TCP,AES-256,13.24,Normal
Node_4,Node_3,1302,TCP,AES-192,7.58,Normal
Node_19,Node_6,291,TCP,AES-192,17.87,Normal
Node_3,Node_16,630,UDP,AES-256,3.87,Normal
Node_11,Node_9,395,TCP,AES-192,2.68,Normal
Node_13,Node_14,745,TCP,AES-192,11.12,Normal
Node_9,Node_6,966,TCP,AES-192,15.24,Normal
Node_7,Node_14,429,UDP,AES-128,18.42,Drop_Attack
Node_4,Node_16,594,TCP,AES-128,7.71,Blackhole_Attack
Node_15,Node_1,1083,TCP,AES-256,15.39,Normal
Node_2,Node_14,609,TCP,AES-256,9.81,Normal
Node_13,Node_20,71,UDP,AES-192,9.14,Normal
Node_3,Node_19,526,TCP,AES-192,14.42,Normal
Node_16,Node_4,1225,UDP,AES-192,13.26,Normal
Node_13,Node_2,1358,TCP,AES-192,2.12,Normal
Node_11,Node_3,1005,UDP,AES-256,17.38,Normal
Node_18,Node_2,850,TCP,AES-192,16.9,Normal
Node_4,Node_13,1060,TCP,AES-256,6.87,Normal
Node_7,Node_5,137,TCP,AES-128,11.98,Normal
Node_19,Node_8,1065,UDP,AES-128,12.47,Normal
Node_10,Node_17,1157,UDP,AES-128,11.3,Replay_Attack
Node_2,Node_14,306,TCP,AES-256,7.25,Normal
Node_15,Node_19,369,TCP,AES-128,6.64,Replay_Attack
Node_1,Node_17,1330,TCP,AES-128,9.87,Normal
Node_5,Node_1,416,TCP,AES-192,15.86,Normal
Node_4,Node_16,1315,TCP,AES-256,12.72,Replay_Attack
Node_20,Node_8,193,TCP,AES-192,8.15,Normal
Node_13,Node_11,311,TCP,AES-192,13.86,Normal
Node_7,Node_2,1278,TCP,AES-192,0.1,Drop_Attack
Node_14,Node_6,1490,UDP,AES-256,15.74,Normal
Node_8,Node_20,147,TCP,AES-128,1.3,Normal
Node_20,Node_13,387,TCP,AES-192,8.19,Replay_Attack
Node_3,Node_20,645,UDP,AES-256,4.4,Normal
Node_16,Node_5,486,TCP,AES-256,3.53,Normal
Node_15,Node_14,553,TCP,AES-256,15.8,Normal
Node_20,Node_6,1087,TCP,AES-256,7.66,Normal
Node_10,Node_13,921,TCP,AES-256,11.73,Normal
Node_4,Node_18,259,UDP,AES-256,9.77,Normal
Node_15,Node_7,630,TCP,AES-128,12.39,Replay_Attack
Node_16,Node_17,425,TCP,AES-256,10.38,Normal
Node_2,Node_13,647,TCP,AES-192,3.59,Normal
Node_20,Node_15,152,TCP,AES-256,14.98,Blackhole_Attack
Node_1,Node_17,1118,TCP,AES-128,7.53,Normal
Node_15,Node_20,1251,UDP,AES-192,2.22,Normal
Node_11,Node_8,289,UDP,AES-128,7.86,Blackhole_Attack
Node_7,Node_14,515,TCP,AES-192,17.5,Normal
Node_2,Node_15,360,TCP,AES-256,14.25,Normal
Node_13,Node_12,343,UDP,AES-256,8.26,Normal
Node_12,Node_9,478,UDP,AES-128,8.25,Blackhole_Attack
Node_5,Node_4,1017,UDP,AES-192,8.39,Normal
Node_11,Node_8,668,TCP,AES-256,20.38,Normal
Node_6,Node_20,1196,TCP,AES-128,11.91,Normal
Node_17,Node_16,507,UDP,AES-192,12.15,Normal
Node_14,Node_8,571,UDP,AES-192,15.15,Normal
Node_19,Node_5,1238,TCP,AES-192,11.19,Normal
Node_2,Node_17,1096,TCP,AES-192,8.7,Normal
Node_16,Node_4,990,UDP,AES-128,9.02,Replay_Attack
Node_14,Node_7,335,UDP,AES-192,9.64,Normal
Node_3,Node_1,1046,UDP,AES-128,9.81,Normal
Node_19,Node_20,113,UDP,AES-192,13.64,Normal
Node_13,Node_6,822,UDP,AES-256,10.26,Normal
Node_3,Node_14,1478,UDP,AES-256,13.66,Drop_Attack
Node_20,Node_18,1242,TCP,AES-256,9.6,Drop_Attack
Node_2,Node_18,1445,UDP,AES-128,10.39,Drop_Attack
Node_2,Node_13,814,TCP,AES-256,0.1,Normal
Node_3,Node_19,483,TCP,AES-192,14.58,Normal
Node_4,Node_17,1252,TCP,AES-256,11.73,Normal
Node_11,Node_13,611,UDP,AES-192,14.99,Drop_Attack
Node_16,Node_18,1142,TCP,AES-192,0.1,Normal
Node_18,Node_10,989,UDP,AES-256,20.44,Normal
Node_3,Node_8,1001,TCP,AES-128,9.3,Normal
Node_6,Node_11,221,TCP,AES-128,15.54,Normal
Node_5,Node_17,372,TCP,AES-256,4.8,Normal
Node_1,Node_11,917,TCP,AES-192,13.06,Normal
Node_15,Node_1,661,TCP,AES-128,4.73,Replay_Attack
Node_17,Node_11,907,UDP,AES-256,6.88,Normal
Node_11,Node_17,1279,UDP,AES-192,19.57,Normal
Node_5,Node_11,415,UDP,AES-128,9.05,Normal
Node_10,Node_2,367,UDP,AES-192,11.09,Normal
Node_6,Node_7,1160,UDP,AES-128,14.35,Normal
Node_5,Node_7,551,TCP,AES-128,12.48,Normal
Node_19,Node_5,966,UDP,AES-192,10.75,Normal
Node_18,Node_2,1427,UDP,AES-192,11.82,Drop_Attack
Node_6,Node_19,681,TCP,AES-128,22.02,Normal
Node_16,Node_5,1002,UDP,AES-128,9.71,Blackhole_Attack
Node_17,Node_11,1389,UDP,AES-192,11.01,Normal
Node_19,Node_5,1221,UDP,AES-192,15.25,Normal
Node_16,Node_2,349,TCP,AES-192,15.53,Blackhole_Attack
Node_15,Node_12,253,UDP,AES-128,15.94,Normal
Node_7,Node_20,1142,TCP,AES-192,13.19,Normal
Node_3,Node_19,976,TCP,AES-256,4.28,Normal
Node_16,Node_11,1299,TCP,AES-256,18.17,Normal
Node_5,Node_15,821,UDP,AES-192,4.27,Drop_Attack
Node_15,Node_19,243,TCP,AES-256,11.51,Normal
Node_14,Node_16,655,TCP,AES-256,6.23,Normal
Node_14,Node_15,349,TCP,AES-128,9.68,Normal
Node_16,Node_18,750,TCP,AES-256,11.64,Normal
Node_3,Node_1,902,UDP,AES-192,11.61,Normal
Node_15,Node_20,344,TCP,AES-128,12.11,Normal
Node_10,Node_19,1068,TCP,AES-192,18.07,Normal
Node_10,Node_17,1209,UDP,AES-128,12.27,Replay_Attack
Node_10,Node_17,318,UDP,AES-192,8.78,Normal
Node_8,Node_1,308,UDP,AES-192,14.82,Normal
Node_3,Node_13,1254,UDP,AES-256,15.95,Normal
Node_9,Node_17,1485,TCP,AES-192,3.86,Normal
Node_19,Node_1,595,TCP,AES-256,12.99,Drop_Attack
Node_5,Node_13,398,TCP,AES-192,13.51,Normal
Node_12,Node_2,657,UDP,AES-256,8.51,Normal
Node_3,Node_18,460,TCP,AES-128,16.88,Normal
Node_6,Node_19,724,UDP,AES-256,9.25,Normal
Node_9,Node_13,260,UDP,AES-128,10.63,Blackhole_Attack
Node_16,Node_14,760,TCP,AES-128,9.13,Normal
Node_17,Node_8,449,TCP,AES-192,10.08,Normal
Node_3,Node_5,332,TCP,AES-192,4.52,Normal
Node_12,Node_5,969,UDP,AES-128,2.8,Normal
Node_1,Node_5,519,TCP,AES-256,17.97,Replay_Attack
Node_7,Node_5,224,UDP,AES-256,5.77,Normal
Node_4,Node_3,102,UDP,AES-192,5.04,Replay_Attack
Node_17,Node_20,185,UDP,AES-128,0.1,Normal
Node_2,Node_4,681,TCP,AES-128,6.81,Normal
Node_20,Node_7,1267,TCP,AES-128,3.38,Normal
Node_1,Node_4,362,UDP,AES-256,18.21,Normal
Node_6,Node_18,1319,TCP,AES-256,15.05,Normal
Node_4,Node_20,92,TCP,AES-256,6.56,Normal
Node_10,Node_6,1164,TCP,AES-256,21.26,Replay_Attack
Node_16,Node_12,1493,TCP,AES-192,14.91,Normal
Node_4,Node_7,790,UDP,AES-192,8.38,Normal
Node_8,Node_15,295,UDP,AES-128,0.1,Normal
Node_17,Node_5,1079,UDP,AES-256,21.45,Normal
Node_2,Node_4,735,UDP,AES-128,3.05,Normal
Node_15,Node_10,1471,UDP,AES-128,1.77,Normal
Node_10,Node_15,450,TCP,AES-192,15.11,Normal
Node_12,Node_6,90,UDP,AES-256,22.2,Drop_Attack
Node_3,Node_5,357,UDP,AES-192,16.92,Normal
Node_4,Node_7,196,UDP,AES-128,12.82,Normal
Node_20,Node_13,315,TCP,AES-192,12.97,Normal
Node_9,Node_20,1279,UDP,AES-256,14.27,Normal
Node_12,Node_17,1429,UDP,AES-192,13.79,Normal
Node_5,Node_16,285,TCP,AES-192,11.41,Normal
Node_8,Node_5,124,TCP,AES-256,10.52,Replay_Attack
Node_1,Node_7,847,UDP,AES-128,9.69,Normal
Node_20,Node_4,220,UDP,AES-192,6.23,Normal
Node_16,Node_17,1097,UDP,AES-256,8.6,Normal
Node_18,Node_19,100,TCP,AES-192,1.54,Normal
Node_4,Node_14,985,UDP,AES-192,9.51,Normal
Node_2,Node_3,426,UDP,AES-256,5.06,Normal
Node_14,Node_5,703,UDP,AES-192,4.48,Normal
Node_19,Node_16,1415,UDP,AES-192,10.9,Normal
Node_6,Node_18,178,UDP,AES-192,16.96,Normal
Node_13,Node_12,646,UDP,AES-128,14.59,Replay_Attack
Node_12,Node_13,1259,TCP,AES-256,2.15,Normal
Node_4,Node_15,770,UDP,AES-192,5.05,Normal
Node_8,Node_9,544,UDP,AES-256,14.7,Blackhole_Attack
Node_10,Node_4,755,TCP,AES-128,5.09,Normal
Node_2,Node_16,1411,UDP,AES-256,8.88,Normal
Node_14,Node_9,105,UDP,AES-256,12.75,Drop_Attack
Node_13,Node_11,1236,TCP,AES-192,5.16,Blackhole_Attack
Node_16,Node_18,1430,UDP,AES-128,10.53,Normal
Node_12,Node_15,477,UDP,AES-256,3.33,Normal
Node_3,Node_19,502,UDP,AES-192,6.99,Blackhole_Attack
Node_8,Node_3,1248,TCP,AES-256,11.6,Normal
Node_3,Node_20,1151,UDP,AES-192,2.04,Normal
Node_3,Node_11,1097,UDP,AES-192,12.2,Normal
Node_11,Node_7,912,UDP,AES-192,9.9,Normal
Node_15,Node_19,433,TCP,AES-256,12.76,Normal
Node_6,Node_20,1086,TCP,AES-256,11.12,Normal
Node_15,Node_9,1370,UDP,AES-256,16.82,Normal
Node_2,Node_18,474,UDP,AES-192,10.63,Replay_Attack
Node_10,Node_15,904,UDP,AES-128,7.85,Normal
Node_14,Node_9,651,TCP,AES-192,10.61,Normal
Node_8,Node_14,552,TCP,AES-128,12.72,Normal
Node_8,Node_11,1014,UDP,AES-256,10.24,Normal
Node_14,Node_2,477,TCP,AES-192,10.2,Drop_Attack
Node_9,Node_19,424,TCP,AES-256,6.49,Normal
Node_1,Node_3,235,UDP,AES-256,6.69,Normal
Node_3,Node_15,808,TCP,AES-192,2.99,Normal
Node_5,Node_9,293,TCP,AES-256,18.75,Normal
Node_19,Node_17,579,UDP,AES-128,3.78,Normal
Node_4,Node_12,738,UDP,AES-256,6.54,Normal
Node_14,Node_7,359,TCP,AES-128,6.41,Normal
Node_9,Node_16,900,UDP,AES-256,14.47,Blackhole_Attack
Node_4,Node_12,1181,UDP,AES-192,8.53,Normal
Node_9,Node_5,807,UDP,AES-256,16.24,Normal
Node_10,Node_1,1385,TCP,AES-256,6.63,Normal
Node_2,Node_9,582,UDP,AES-192,11.39,Normal
Node_12,Node_4,1159,TCP,AES-192,5.82,Normal
Node_13,Node_9,680,TCP,AES-128,20.73,Normal
Node_6,Node_16,1357,UDP,AES-256,4.06,Normal
Node_2,Node_10,228,UDP,AES-192,11.55,Normal
Node_11,Node_15,269,TCP,AES-256,13.17,Normal
Node_3,Node_13,925,UDP,AES-192,12.07,Normal
Node_2,Node_7,1354,UDP,AES-256,9.07,Drop_Attack
Node_10,Node_12,1243,TCP,AES-128,9.35,Normal
Node_17,Node_5,1280,UDP,AES-192,10.22,Normal
Node_5,Node_10,419,UDP,AES-192,9.26,Normal
Node_14,Node_12,436,UDP,AES-192,14.82,Normal
Node_19,Node_8,106,TCP,AES-256,21.05,Normal
Node_8,Node_3,1011,TCP,AES-192,7.21,Normal
Node_6,Node_2,885,UDP,AES-256,3.15,Normal
Node_3,Node_13,412,TCP,AES-128,9.56,Normal
Node_14,Node_16,1443,UDP,AES-128,22.9,Normal
Node_7,Node_8,609,UDP,AES-256,5.98,Normal
Node_5,Node_15,487,TCP,AES-192,18.2,Normal
Node_7,Node_15,433,UDP,AES-128,18.39,Drop_Attack
Node_15,Node_8,821,UDP,AES-128,7.23,Replay_Attack
Node_13,Node_7,849,UDP,AES-256,12.84,Normal
Node_3,Node_5,1204,TCP,AES-128,18.14,Normal
Node_8,Node_17,789,TCP,AES-128,8.1,Normal
Node_20,Node_13,683,UDP,AES-256,8.98,Normal
Node_18,Node_2,1252,TCP,AES-192,7.09,Normal
Node_16,Node_11,1022,TCP,AES-128,4.93,Normal
Node_17,Node_14,354,UDP,AES-128,6.75,Normal
Node_5,Node_17,639,UDP,AES-192,3.88,Normal
Node_9,Node_10,1122,UDP,AES-192,10.17,Normal
Node_11,Node_17,373,UDP,AES-128,6.15,Normal
Node_2,Node_9,439,TCP,AES-192,11.17,Normal
Node_15,Node_14,301,UDP,AES-128,2.22,Normal
Node_18,Node_16,1001,UDP,AES-128,11.65,Normal
Node_5,Node_4,779,TCP,AES-128,14.17,Normal
Node_6,Node_7,1105,UDP,AES-256,0.1,Normal
Node_19,Node_7,1259,TCP,AES-256,11.87,Normal
Node_6,Node_15,221,TCP,AES-192,16.14,Normal
Node_11,Node_1,646,TCP,AES-192,3.95,Normal
Node_4,Node_12,378,TCP,AES-128,18.36,Normal
Node_16,Node_15,1350,UDP,AES-256,12.1,Normal
Node_11,Node_2,1407,UDP,AES-192,6.47,Normal
Node_19,Node_5,496,TCP,AES-256,9.72,Normal
Node_2,Node_4,1184,UDP,AES-128,12.79,Normal
Node_6,Node_9,880,TCP,AES-128,10.38,Normal
Node_6,Node_14,888,UDP,AES-256,12.69,Normal
Node_5,Node_4,675,UDP,AES-192,5.4,Normal
Node_10,Node_5,799,TCP,AES-192,10.85,Normal
Node_16,Node_15,858,UDP,AES-192,2.93,Normal
Node_14,Node_3,929,UDP,AES-256,9.44,Normal
Node_14,Node_3,146,UDP,AES-192,5.48,Normal
Node_5,Node_17,1143,TCP,AES-192,6.32,Normal
Node_3,Node_17,679,TCP,AES-128,16.18,Normal
Node_10,Node_8,1135,UDP,AES-192,15.46,Normal
Node_18,Node_3,156,TCP,AES-256,13.05,Normal
Node_4,Node_16,1417,UDP,AES-192,4.54,Normal
Node_3,Node_18,97,TCP,AES-256,8.42,Normal
Node_6,Node_7,868,TCP,AES-128,16.07,Normal
Node_10,Node_12,1266,UDP,AES-256,10.71,Normal
Node_9,Node_12,447,TCP,AES-128,21.6,Blackhole_Attack
Node_4,Node_15,1158,TCP,AES-128,11.97,Normal
Node_1,Node_7,1407,UDP,AES-192,10.96,Normal
Node_20,Node_16,684,UDP,AES-256,8.45,Normal
Node_13,Node_10,243,TCP,AES-128,10.67,Replay_Attack
Node_7,Node_1,492,UDP,AES-256,9.24,Replay_Attack
Node_18,Node_7,240,UDP,AES-192,13.54,Drop_Attack
Node_6,Node_5,975,UDP,AES-192,14.78,Drop_Attack
Node_7,Node_11,1230,UDP,AES-128,6.07,Normal
Node_4,Node_15,915,UDP,AES-256,3.34,Normal
Node_18,Node_10,139,UDP,AES-192,0.82,Normal
Node_19,Node_16,538,TCP,AES-256,12.54,Blackhole_Attack
Node_3,Node_10,1391,UDP,AES-192,4.48,Blackhole_Attack
Node_12,Node_16,1492,UDP,AES-128,0.1,Normal
Node_7,Node_17,768,UDP,AES-128,11.94,Normal
Node_19,Node_11,1297,UDP,AES-128,22.46,Normal
Node_13,Node_15,1442,UDP,AES-192,9.97,Normal
Node_6,Node_8,642,TCP,AES-256,14.19,Normal
Node_6,Node_8,384,UDP,AES-128,10.41,Normal
Node_16,Node_10,544,TCP,AES-256,9.51,Replay_Attack
Node_9,Node_13,1450,TCP,AES-128,14.6,Normal
Node_17,Node_2,194,UDP,AES-192,8.55,Replay_Attack
Node_8,Node_17,592,UDP,AES-192,11.34,Normal
Node_18,Node_9,373,TCP,AES-256,11.61,Drop_Attack
Node_4,Node_5,1314,TCP,AES-256,6.66,Replay_Attack
Node_4,Node_8,804,TCP,AES-256,14.96,Normal
Node_15,Node_18,1084,TCP,AES-128,9.13,Normal
Node_11,Node_5,315,TCP,AES-192,6.22,Normal
Node_1,Node_9,1034,UDP,AES-192,12.68,Normal
Node_3,Node_10,826,UDP,AES-192,5.51,Normal
Node_8,Node_5,1148,UDP,AES-128,10.14,Drop_Attack
Node_14,Node_16,1121,UDP,AES-128,9.95,Normal
Node_1,Node_18,206,TCP,AES-192,15.43,Normal
Node_6,Node_15,189,UDP,AES-128,12.37,Normal
Node_5,Node_20,182,UDP,AES-192,9.87,Normal
Node_18,Node_10,706,UDP,AES-128,14.09,Normal
Node_17,Node_5,1498,UDP,AES-192,16.95,Normal
Node_18,Node_15,1492,UDP,AES-256,12.79,Normal
Node_7,Node_11,236,TCP,AES-256,10.05,Normal
Node_5,Node_18,1171,UDP,AES-128,3.44,Blackhole_Attack
Node_11,Node_6,111,TCP,AES-256,4.67,Normal
Node_8,Node_11,929,TCP,AES-256,8.47,Drop_Attack
Node_17,Node_12,317,TCP,AES-256,6.95,Normal
Node_15,Node_10,1236,TCP,AES-192,9.07,Normal
Node_8,Node_20,1222,TCP,AES-192,10.28,Normal
Node_19,Node_5,837,TCP,AES-128,12.65,Normal
Node_19,Node_7,803,UDP,AES-128,9.65,Drop_Attack
Node_3,Node_4,191,UDP,AES-128,12.43,Normal
Node_15,Node_3,820,UDP,AES-256,10.32,Normal
Node_13,Node_9,1260,UDP,AES-256,0.12,Normal
Node_15,Node_17,917,TCP,AES-128,5.3,Normal
Node_16,Node_15,328,TCP,AES-256,9.28,Normal
Node_16,Node_2,385,UDP,AES-128,3.95,Normal
Node_14,Node_4,311,UDP,AES-256,13,Normal
Node_17,Node_5,305,UDP,AES-192,17.65,Normal
Node_10,Node_11,1059,TCP,AES-128,16.09,Blackhole_Attack
Node_10,Node_11,505,TCP,AES-256,8.93,Normal
Node_4,Node_19,778,TCP,AES-128,17.45,Normal
Node_19,Node_10,1222,UDP,AES-192,10.74,Normal
Node_16,Node_5,347,UDP,AES-192,8.31,Normal
Node_5,Node_12,246,UDP,AES-192,6.93,Normal
Node_13,Node_11,1171,TCP,AES-256,8.49,Normal
Node_9,Node_3,403,TCP,AES-256,8.06,Normal
Node_10,Node_19,1385,TCP,AES-256,10.85,Normal
Node_7,Node_19,1245,TCP,AES-256,10.8,Normal
Node_16,Node_18,102,TCP,AES-256,10.02,Normal
Node_6,Node_1,627,TCP,AES-128,12.18,Normal
Node_19,Node_15,237,UDP,AES-192,15.95,Normal
Node_16,Node_1,760,UDP,AES-128,14.75,Normal
Node_17,Node_11,846,UDP,AES-128,2.58,Replay_Attack
Node_10,Node_5,438,UDP,AES-128,0.1,Normal
Node_14,Node_6,184,UDP,AES-128,14.67,Replay_Attack
Node_4,Node_12,355,UDP,AES-192,3.17,Normal
Node_4,Node_2,478,TCP,AES-256,8.88,Normal
Node_16,Node_18,1097,UDP,AES-128,4.15,Normal
Node_11,Node_16,1196,UDP,AES-128,0.99,Normal
Node_14,Node_8,102,UDP,AES-256,12.71,Normal
Node_4,Node_9,1200,TCP,AES-192,13.8,Normal
Node_15,Node_3,1366,TCP,AES-128,7.12,Normal
Node_6,Node_9,1164,UDP,AES-256,0.1,Normal
Node_1,Node_16,1335,UDP,AES-256,7.27,Normal
Node_1,Node_3,1051,UDP,AES-256,11.96,Normal
Node_13,Node_12,1358,TCP,AES-256,2.61,Normal
Node_10,Node_2,394,TCP,AES-192,10.92,Blackhole_Attack
Node_5,Node_19,636,UDP,AES-128,9.92,Normal
Node_11,Node_12,1364,UDP,AES-256,12.9,Normal
Node_8,Node_12,763,TCP,AES-192,10.6,Normal
Node_11,Node_1,1480,TCP,AES-256,5.13,Normal
Node_20,Node_16,72,TCP,AES-256,15.98,Normal
Node_18,Node_16,868,TCP,AES-256,9.21,Normal
Node_18,Node_1,1439,UDP,AES-256,9.86,Drop_Attack
Node_12,Node_14,426,TCP,AES-128,5.33,Normal
Node_7,Node_16,83,TCP,AES-256,7.78,Drop_Attack
Node_12,Node_7,248,UDP,AES-256,5.58,Normal
Node_16,Node_12,139,UDP,AES-192,9.14,Normal
Node_20,Node_7,78,TCP,AES-256,18.56,Normal
Node_9,Node_20,1088,UDP,AES-128,3.14,Normal
Node_19,Node_20,423,TCP,AES-256,1.93,Replay_Attack
Node_19,Node_8,1135,UDP,AES-128,17.36,Normal
Node_1,Node_19,1322,UDP,AES-256,8.95,Normal
Node_15,Node_1,938,TCP,AES-192,6.65,Normal
Node_14,Node_9,313,UDP,AES-192,15.2,Normal
Node_2,Node_9,160,UDP,AES-192,6.97,Normal
Node_11,Node_1,866,TCP,AES-192,19.13,Blackhole_Attack
Node_8,Node_15,216,TCP,AES-128,13.39,Normal
Node_10,Node_3,1346,TCP,AES-128,7.56,Normal
Node_1,Node_20,1346,UDP,AES-192,20.79,Normal
Node_16,Node_8,761,TCP,AES-192,6.97,Normal
Node_8,Node_3,1292,UDP,AES-128,13.71,Normal
Node_19,Node_4,239,TCP,AES-128,11.5,Normal
Node_3,Node_6,190,UDP,AES-128,16.51,Normal
Node_14,Node_3,272,TCP,AES-256,17.81,Drop_Attack
Node_20,Node_14,541,TCP,AES-192,10.16,Normal
Node_14,Node_4,759,TCP,AES-192,6.23,Normal
Node_19,Node_7,285,TCP,AES-128,12.3,Normal
Node_3,Node_20,460,TCP,AES-256,6.61,Normal
Node_12,Node_15,1049,UDP,AES-128,20.07,Normal
Node_2,Node_3,325,UDP,AES-256,10.68,Normal
Node_12,Node_10,1259,TCP,AES-128,8.17,Normal
Node_20,Node_11,660,UDP,AES-128,10.92,Normal
Node_5,Node_2,550,TCP,AES-192,3.26,Normal
Node_7,Node_8,204,UDP,AES-128,5.14,Normal
Node_15,Node_11,1248,UDP,AES-256,16,Normal
Node_11,Node_6,278,UDP,AES-128,6.72,Normal
Node_1,Node_9,1483,TCP,AES-192,4.77,Normal
Node_8,Node_17,742,UDP,AES-128,12.68,Normal
Node_1,Node_13,84,TCP,AES-192,15.93,Replay_Attack
Node_15,Node_7,1356,UDP,AES-128,13.59,Normal
Node_7,Node_8,645,TCP,AES-128,14.98,Normal
Node_6,Node_12,1199,TCP,AES-128,6.22,Normal
Node_6,Node_10,271,TCP,AES-256,2.89,Blackhole_Attack
Node_4,Node_12,494,UDP,AES-192,17.51,Normal
Node_12,Node_6,1143,UDP,AES-256,8.39,Replay_Attack
Node_5,Node_8,456,UDP,AES-256,8.75,Normal
Node_20,Node_14,1366,TCP,AES-128,16.64,Normal
Node_19,Node_7,1160,UDP,AES-128,12.78,Normal
Node_2,Node_10,322,UDP,AES-128,12.28,Normal
Node_16,Node_3,406,UDP,AES-256,20.83,Normal
Node_12,Node_17,1126,UDP,AES-128,6.78,Normal
Node_12,Node_18,1486,UDP,AES-256,14.64,Normal
Node_16,Node_9,1254,UDP,AES-256,10.29,Normal
Node_19,Node_2,488,TCP,AES-128,11.34,Normal
Node_8,Node_14,511,UDP,AES-192,17.64,Normal
Node_19,Node_6,830,UDP,AES-256,12.54,Replay_Attack
Node_17,Node_12,535,TCP,AES-192,12.69,Normal
Node_11,Node_15,987,UDP,AES-192,15.36,Normal
Node_16,Node_11,623,UDP,AES-128,8.18,Normal
Node_8,Node_10,1385,TCP,AES-192,5.8,Normal
Node_10,Node_18,1114,TCP,AES-192,4.78,Normal
Node_4,Node_5,210,UDP,AES-128,0.17,Normal
Node_11,Node_7,1446,UDP,AES-192,20.28,Normal
Node_9,Node_7,1301,TCP,AES-256,4.48,Normal
Node_9,Node_1,677,UDP,AES-192,8.89,Normal
Node_13,Node_14,1251,TCP,AES-192,8.62,Normal
Node_5,Node_14,530,TCP,AES-256,11.54,Normal
Node_16,Node_8,1120,UDP,AES-256,14.08,Normal
Node_11,Node_3,705,TCP,AES-192,14.3,Normal
Node_14,Node_7,962,UDP,AES-256,7.08,Replay_Attack
Node_5,Node_11,83,UDP,AES-256,9.16,Normal
Node_11,Node_8,922,UDP,AES-256,11.41,Normal
Node_18,Node_10,731,TCP,AES-256,8.76,Normal
Node_5,Node_6,740,UDP,AES-192,18.04,Normal
Node_13,Node_3,1158,UDP,AES-128,12.45,Normal
Node_11,Node_20,988,UDP,AES-128,13.67,Normal
Node_18,Node_6,129,UDP,AES-128,13.31,Normal
Node_3,Node_14,645,TCP,AES-128,15.87,Normal
Node_17,Node_3,995,TCP,AES-192,10.91,Normal
Node_6,Node_12,905,UDP,AES-128,3.52,Normal
Node_5,Node_19,920,UDP,AES-256,12,Replay_Attack
Node_7,Node_11,949,UDP,AES-128,6.74,Normal
Node_10,Node_20,479,UDP,AES-192,7.36,Normal
Node_5,Node_16,195,UDP,AES-256,12.93,Normal
Node_17,Node_11,1229,UDP,AES-192,16.19,Normal
Node_2,Node_4,653,UDP,AES-192,10.11,Normal
Node_10,Node_14,1319,TCP,AES-192,11.54,Normal
Node_20,Node_14,1001,UDP,AES-256,18.51,Normal
Node_19,Node_4,869,TCP,AES-128,11.2,Normal
Node_6,Node_10,1350,UDP,AES-256,23.01,Normal
Node_7,Node_17,906,TCP,AES-192,12.83,Replay_Attack
Node_11,Node_15,987,TCP,AES-192,1.2,Normal
Node_2,Node_16,118,TCP,AES-256,13.77,Normal
Node_15,Node_13,767,UDP,AES-128,11.91,Normal
Node_1,Node_10,298,TCP,AES-192,16.45,Normal
Node_15,Node_17,1008,TCP,AES-128,13.37,Normal
Node_8,Node_16,351,UDP,AES-192,9.31,Normal
Node_6,Node_1,1307,TCP,AES-128,3.88,Normal
Node_18,Node_13,408,TCP,AES-256,8.95,Normal
Node_9,Node_5,966,UDP,AES-128,5.75,Normal
Node_2,Node_19,506,UDP,AES-256,7.1,Blackhole_Attack
Node_4,Node_14,1477,UDP,AES-192,12.94,Replay_Attack
Node_13,Node_7,575,UDP,AES-128,18.35,Normal
Node_1,Node_15,121,TCP,AES-192,11.97,Normal
Node_3,Node_9,261,TCP,AES-256,4.02,Normal
Node_14,Node_18,284,UDP,AES-192,12.22,Normal
Node_7,Node_8,1173,UDP,AES-192,15.98,Replay_Attack
Node_11,Node_6,94,UDP,AES-256,6.95,Normal
Node_13,Node_7,1003,TCP,AES-128,9.33,Normal
Node_9,Node_13,153,TCP,AES-128,10.07,Normal
Node_20,Node_16,272,TCP,AES-192,6.08,Normal
Node_20,Node_11,1356,UDP,AES-256,13.24,Normal
Node_5,Node_12,423,UDP,AES-256,9.4,Normal
Node_11,Node_1,1310,UDP,AES-192,12.1,Normal
Node_8,Node_18,1267,TCP,AES-128,5.56,Replay_Attack
Node_14,Node_8,1333,TCP,AES-128,7.81,Drop_Attack
Node_5,Node_14,482,TCP,AES-128,13.61,Normal
Node_20,Node_15,737,TCP,AES-192,8.14,Normal
Node_2,Node_18,913,UDP,AES-128,18.63,Normal
Node_11,Node_12,560,TCP,AES-256,8,Blackhole_Attack
Node_8,Node_14,1131,UDP,AES-128,11.12,Normal
Node_1,Node_4,1070,TCP,AES-128,14.66,Replay_Attack
Node_5,Node_3,419,TCP,AES-128,2.91,Normal
Node_14,Node_16,701,TCP,AES-256,1.2,Normal
Node_14,Node_6,1304,TCP,AES-192,2.37,Normal
Node_15,Node_7,620,UDP,AES-128,16.31,Normal
Node_12,Node_14,837,TCP,AES-192,7.24,Normal
Node_17,Node_14,383,UDP,AES-128,22.79,Normal
Node_14,Node_3,678,TCP,AES-256,7.18,Normal
Node_9,Node_14,1013,UDP,AES-192,10.92,Normal
Node_18,Node_16,211,UDP,AES-128,17.71,Normal
Node_7,Node_5,452,TCP,AES-128,20.03,Normal
Node_12,Node_17,892,UDP,AES-192,20.31,Normal
Node_12,Node_14,1066,UDP,AES-256,16.04,Normal
Node_3,Node_15,143,TCP,AES-192,15.12,Normal
Node_6,Node_8,957,UDP,AES-256,12.96,Normal
Node_16,Node_12,1490,TCP,AES-256,13.89,Normal
Node_14,Node_8,560,UDP,AES-128,7.24,Normal
Node_12,Node_1,1492,TCP,AES-192,5.91,Normal
Node_5,Node_10,570,TCP,AES-128,9.98,Replay_Attack
Node_13,Node_14,1264,TCP,AES-256,9.15,Normal
Node_14,Node_6,938,UDP,AES-256,7.73,Normal
Node_18,Node_13,1264,UDP,AES-256,13.48,Normal
Node_3,Node_5,1366,UDP,AES-128,14.78,Normal
Node_7,Node_14,1495,UDP,AES-128,10.44,Normal
Node_16,Node_1,262,TCP,AES-256,17.39,Normal
Node_14,Node_10,946,TCP,AES-128,4.29,Normal
Node_5,Node_8,1060,TCP,AES-256,9.03,Normal
Node_15,Node_20,499,TCP,AES-128,6.42,Replay_Attack
Node_7,Node_10,901,UDP,AES-256,0.67,Normal
Node_4,Node_7,227,UDP,AES-128,9.59,Normal
Node_9,Node_3,764,TCP,AES-256,9.39,Normal
Node_16,Node_4,83,TCP,AES-192,17.57,Normal
Node_1,Node_20,149,TCP,AES-128,13.15,Normal
Node_1,Node_14,1298,UDP,AES-192,4.88,Normal
Node_11,Node_15,753,UDP,AES-256,19.27,Normal
Node_11,Node_8,803,UDP,AES-192,16.11,Normal
Node_12,Node_11,269,TCP,AES-192,12.91,Normal
Node_13,Node_5,116,TCP,AES-256,8.87,Normal
Node_8,Node_13,989,UDP,AES-256,5.2,Normal
Node_7,Node_1,1370,UDP,AES-128,8.14,Normal
Node_2,Node_12,1452,UDP,AES-128,15.44,Normal
Node_13,Node_3,777,UDP,AES-192,19.42,Normal
Node_4,Node_14,665,TCP,AES-256,17.72,Blackhole_Attack
Node_17,Node_2,325,UDP,AES-128,7.56,Normal
Node_18,Node_15,408,UDP,AES-128,4.4,Normal
Node_18,Node_8,562,TCP,AES-128,10.7,Normal
Node_3,Node_5,954,TCP,AES-128,1.16,Normal
Node_11,Node_14,638,TCP,AES-256,11.62,Normal
Node_16,Node_4,1426,TCP,AES-256,9.26,Normal
Node_16,Node_3,1480,UDP,AES-128,7.67,Normal
Node_20,Node_3,1382,UDP,AES-192,2.03,Normal
Node_13,Node_19,958,TCP,AES-128,12.57,Normal
Node_10,Node_3,292,TCP,AES-192,7.34,Normal
Node_7,Node_4,1237,UDP,AES-128,4.15,Normal
Node_13,Node_20,67,UDP,AES-128,0.1,Normal
Node_7,Node_14,931,UDP,AES-192,9.86,Normal
Node_5,Node_18,1423,TCP,AES-128,18.86,Normal
Node_18,Node_15,711,TCP,AES-192,18.31,Normal
Node_16,Node_15,365,UDP,AES-128,7.71,Normal
Node_2,Node_12,696,TCP,AES-192,6.99,Normal
Node_19,Node_16,1356,TCP,AES-192,12.34,Normal
Node_13,Node_2,746,TCP,AES-256,5.01,Normal
Node_8,Node_2,430,UDP,AES-256,11.51,Normal
Node_6,Node_1,1186,UDP,AES-192,13.83,Normal
Node_16,Node_12,865,UDP,AES-128,16.13,Normal
Node_10,Node_11,1490,TCP,AES-256,9.5,Normal
Node_13,Node_4,332,UDP,AES-256,8.98,Normal
Node_2,Node_11,1001,TCP,AES-256,5.61,Blackhole_Attack
Node_5,Node_8,510,TCP,AES-256,5.87,Normal
Node_12,Node_20,272,TCP,AES-192,8.87,Normal
Node_14,Node_6,179,TCP,AES-192,11.84,Normal
Node_6,Node_2,304,UDP,AES-256,14.57,Normal
Node_5,Node_14,565,TCP,AES-128,5.98,Normal
Node_16,Node_10,1472,TCP,AES-256,17.46,Normal
Node_3,Node_16,1395,UDP,AES-192,8.64,Normal
Node_15,Node_12,87,TCP,AES-128,9.89,Drop_Attack
Node_17,Node_8,111,UDP,AES-192,6.26,Normal
Node_4,Node_20,434,UDP,AES-192,0.1,Normal
Node_14,Node_10,1234,TCP,AES-128,14.42,Normal
Node_18,Node_6,894,TCP,AES-192,13.68,Normal
Node_18,Node_17,1064,TCP,AES-256,8.59,Normal
Node_18,Node_4,488,TCP,AES-128,10.33,Normal
Node_6,Node_1,1200,UDP,AES-192,12.58,Replay_Attack
Node_6,Node_3,1215,UDP,AES-128,2.19,Replay_Attack
Node_12,Node_19,415,UDP,AES-256,7.35,Drop_Attack
Node_17,Node_10,1413,UDP,AES-128,13.97,Normal
Node_11,Node_18,785,TCP,AES-256,3.73,Replay_Attack
Node_7,Node_5,677,TCP,AES-128,11.47,Normal
Node_7,Node_20,799,UDP,AES-128,3.22,Normal
Node_14,Node_3,1190,UDP,AES-192,12.33,Normal
Node_6,Node_14,998,TCP,AES-192,9.82,Normal
Node_5,Node_19,481,TCP,AES-256,1.92,Normal
Node_7,Node_13,1218,TCP,AES-192,15.82,Normal
Node_11,Node_15,840,TCP,AES-256,6.33,Normal
Node_9,Node_4,1152,TCP,AES-256,5.95,Normal
Node_3,Node_12,1375,TCP,AES-192,11,Normal
Node_9,Node_5,526,UDP,AES-128,15.74,Replay_Attack
Node_4,Node_5,423,UDP,AES-256,4.92,Normal
Node_16,Node_4,1147,UDP,AES-256,10.31,Normal
Node_10,Node_19,619,TCP,AES-128,12.14,Normal
Node_13,Node_6,770,UDP,AES-192,13.47,Normal
Node_9,Node_1,1470,TCP,AES-256,10.88,Drop_Attack
Node_9,Node_2,1373,UDP,AES-256,8.16,Normal
Node_20,Node_14,1001,TCP,AES-192,5.86,Normal
Node_15,Node_18,651,UDP,AES-192,10.43,Normal
Node_8,Node_11,1365,TCP,AES-192,4.64,Normal
Node_11,Node_3,1363,TCP,AES-128,0.1,Normal
Node_3,Node_7,1242,TCP,AES-128,12.18,Normal
Node_18,Node_16,85,UDP,AES-256,14.52,Normal
Node_5,Node_17,1083,TCP,AES-192,0.1,Replay_Attack
Node_1,Node_15,1158,UDP,AES-128,4.95,Normal
Node_17,Node_2,1307,UDP,AES-128,13.1,Normal
Node_17,Node_8,422,TCP,AES-192,20.29,Normal
Node_17,Node_12,168,UDP,AES-192,10.1,Normal
Node_12,Node_4,756,TCP,AES-256,6.36,Normal
Node_4,Node_11,676,UDP,AES-192,9.09,Normal
Node_1,Node_20,870,TCP,AES-192,16.87,Normal
Node_17,Node_2,1012,UDP,AES-128,6.77,Normal
Node_20,Node_15,736,UDP,AES-192,6,Drop_Attack
Node_6,Node_14,790,TCP,AES-128,7.59,Normal
Node_7,Node_3,1147,TCP,AES-192,5.23,Drop_Attack
Node_9,Node_8,1027,UDP,AES-192,10.61,Normal
Node_14,Node_6,1162,UDP,AES-128,18.12,Normal
Node_15,Node_6,350,UDP,AES-256,11.62,Normal
Node_12,Node_7,290,TCP,AES-192,8.74,Drop_Attack
Node_11,Node_2,392,TCP,AES-192,8.54,Normal
Node_9,Node_4,926,UDP,AES-256,2.18,Normal
Node_5,Node_12,882,UDP,AES-128,14.42,Replay_Attack
Node_5,Node_6,768,TCP,AES-256,9.61,Normal
Node_11,Node_15,1286,TCP,AES-192,9.1,Normal
Node_10,Node_17,233,UDP,AES-128,25.97,Normal
Node_17,Node_6,574,UDP,AES-128,11.49,Normal
Node_8,Node_15,470,UDP,AES-256,6.24,Normal
Node_4,Node_18,1315,TCP,AES-128,7.87,Normal
Node_19,Node_5,533,TCP,AES-128,15.74,Normal
Node_9,Node_7,363,UDP,AES-128,10.57,Normal
Node_3,Node_2,842,UDP,AES-256,2.81,Normal
Node_8,Node_9,752,UDP,AES-192,14.6,Drop_Attack
Node_10,Node_4,615,UDP,AES-192,6.66,Normal
Node_14,Node_8,719,TCP,AES-128,19.37,Replay_Attack
Node_11,Node_7,648,UDP,AES-192,15.4,Normal
Node_4,Node_15,442,UDP,AES-192,7.76,Normal
Node_10,Node_4,262,TCP,AES-256,16.41,Normal
Node_5,Node_12,802,UDP,AES-256,10.34,Normal
Node_17,Node_12,551,UDP,AES-128,14.26,Normal
Node_3,Node_5,331,TCP,AES-128,12.42,Normal
Node_7,Node_8,976,TCP,AES-128,5.77,Normal
Node_20,Node_11,681,UDP,AES-128,6.78,Normal
Node_5,Node_2,325,TCP,AES-192,15.15,Normal
Node_9,Node_19,775,UDP,AES-192,8.33,Normal
Node_4,Node_15,202,UDP,AES-192,7.98,Normal
Node_17,Node_1,405,UDP,AES-256,5.22,Normal
Node_10,Node_2,1223,TCP,AES-256,12.12,Normal
Node_13,Node_17,1466,TCP,AES-128,20.31,Normal
Node_17,Node_13,1215,UDP,AES-192,4.66,Normal
Node_7,Node_6,71,TCP,AES-256,10.12,Normal
Node_1,Node_18,996,UDP,AES-192,17.06,Normal
Node_10,Node_9,1194,TCP,AES-128,9.6,Normal
Node_18,Node_8,661,TCP,AES-256,12.26,Drop_Attack
Node_9,Node_2,1379,TCP,AES-128,4.69,Normal
Node_1,Node_13,1359,UDP,AES-192,12.14,Blackhole_Attack
Node_9,Node_5,900,UDP,AES-192,9.06,Normal
Node_1,Node_13,513,UDP,AES-128,14.93,Normal
Node_1,Node_19,1410,TCP,AES-256,15.94,Normal
Node_13,Node_9,1346,TCP,AES-192,22.95,Normal
Node_9,Node_7,1255,UDP,AES-128,12.9,Normal
Node_14,Node_12,367,UDP,AES-128,11.63,Normal
Node_15,Node_6,424,TCP,AES-256,10.97,Normal
Node_6,Node_11,107,UDP,AES-128,8.23,Normal
Node_13,Node_7,206,TCP,AES-128,11.69,Normal
Node_15,Node_13,269,TCP,AES-256,8.52,Normal
Node_1,Node_5,837,UDP,AES-128,10.84,Replay_Attack
Node_2,Node_6,572,TCP,AES-192,16.59,Blackhole_Attack
Node_1,Node_5,1174,UDP,AES-256,4.97,Replay_Attack
Node_19,Node_15,398,UDP,AES-192,15.7,Normal
Node_8,Node_2,1177,UDP,AES-256,16.59,Normal
Node_1,Node_3,274,UDP,AES-128,9.41,Normal
Node_14,Node_5,66,TCP,AES-128,0.1,Normal
Node_13,Node_5,787,UDP,AES-128,6.96,Normal
Node_13,Node_4,1071,TCP,AES-128,16.48,Normal
Node_10,Node_13,220,UDP,AES-128,9.89,Normal
Node_3,Node_2,1302,TCP,AES-128,5,Normal
Node_11,Node_6,1455,UDP,AES-128,7.48,Normal
Node_10,Node_11,777,TCP,AES-192,14.2,Normal
Node_12,Node_9,220,TCP,AES-128,12.73,Normal
Node_5,Node_12,366,UDP,AES-192,8.81,Normal
Node_16,Node_3,295,UDP,AES-256,8.17,Normal
Node_3,Node_12,325,TCP,AES-192,8.04,Normal
Node_16,Node_14,1049,UDP,AES-256,5.39,Normal
Node_11,Node_5,1403,TCP,AES-192,18.08,Normal
Node_16,Node_19,1157,UDP,AES-256,8.39,Normal
Node_8,Node_14,235,UDP,AES-256,16.09,Normal
Node_8,Node_3,545,UDP,AES-128,17.61,Normal
Node_1,Node_13,1207,UDP,AES-128,14.99,Normal
Node_2,Node_13,803,TCP,AES-192,7.84,Normal
Node_18,Node_14,560,TCP,AES-128,12.02,Replay_Attack
Node_5,Node_14,117,UDP,AES-192,9.88,Replay_Attack
Node_3,Node_17,1280,TCP,AES-128,5.48,Replay_Attack
Node_3,Node_1,1229,UDP,AES-128,11.62,Normal
Node_16,Node_5,1144,UDP,AES-192,4.1,Normal
Node_11,Node_16,1384,TCP,AES-192,15.94,Replay_Attack
Node_2,Node_7,1094,TCP,AES-128,7.68,Normal
Node_14,Node_16,1198,UDP,AES-256,11.01,Normal
Node_8,Node_15,385,UDP,AES-128,11.42,Normal
Node_5,Node_8,884,TCP,AES-128,8.71,Normal
Node_18,Node_3,1482,UDP,AES-192,12.93,Normal
Node_13,Node_14,401,TCP,AES-192,7.63,Normal
Node_7,Node_10,286,TCP,AES-128,14.36,Normal
Node_11,Node_1,554,UDP,AES-128,3.27,Normal
Node_3,Node_8,1286,TCP,AES-192,10.63,Normal
Node_7,Node_2,556,UDP,AES-128,19.69,Normal
Node_19,Node_2,1218,UDP,AES-128,5,Replay_Attack
Node_1,Node_13,642,UDP,AES-256,6.61,Normal
Node_13,Node_12,329,TCP,AES-192,12.57,Normal
Node_17,Node_4,1092,TCP,AES-128,10.9,Normal
Node_13,Node_17,1264,TCP,AES-192,11.75,Normal
Node_15,Node_3,1345,TCP,AES-256,12.45,Normal
Node_7,Node_5,393,UDP,AES-192,13.17,Normal
Node_11,Node_10,801,UDP,AES-128,15.55,Normal
Node_13,Node_8,491,TCP,AES-128,12.05,Normal
Node_16,Node_4,94,TCP,AES-192,8.79,Normal
Node_3,Node_17,256,UDP,AES-192,13.36,Normal
Node_10,Node_6,203,UDP,AES-256,19.5,Normal
Node_3,Node_4,430,UDP,AES-192,9.34,Normal
Node_9,Node_16,1395,TCP,AES-128,5.13,Normal
Node_16,Node_2,808,UDP,AES-192,15.54,Normal
Node_20,Node_5,966,UDP,AES-256,9.4,Normal
Node_11,Node_13,234,UDP,AES-256,0.1,Normal
Node_2,Node_3,565,TCP,AES-128,14.24,Normal
Node_10,Node_14,388,UDP,AES-128,7.32,Normal
Node_15,Node_3,778,UDP,AES-192,9.55,Normal
Node_15,Node_4,239,TCP,AES-256,11.66,Drop_Attack
Node_7,Node_14,737,TCP,AES-192,10.95,Normal
Node_20,Node_16,499,UDP,AES-128,13.55,Normal
Node_2,Node_19,382,UDP,AES-128,7.82,Normal
Node_11,Node_20,128,UDP,AES-128,12.57,Normal
Node_12,Node_15,1033,TCP,AES-128,8.7,Normal
Node_1,Node_15,616,UDP,AES-256,13.69,Normal
Node_5,Node_3,624,UDP,AES-128,13.08,Normal
Node_15,Node_14,1138,TCP,AES-256,5.32,Normal
Node_6,Node_2,253,UDP,AES-192,15.43,Normal
Node_10,Node_6,470,UDP,AES-192,7.32,Normal
Node_18,Node_6,1490,UDP,AES-192,14.04,Normal
Node_19,Node_13,84,TCP,AES-128,11.84,Normal
Node_19,Node_5,727,UDP,AES-128,19.19,Normal
Node_15,Node_5,1086,UDP,AES-128,8.88,Normal
Node_14,Node_9,1130,TCP,AES-192,8.25,Normal
Node_5,Node_16,1372,TCP,AES-128,9.9,Normal
Node_7,Node_15,1490,TCP,AES-256,8.48,Normal
Node_12,Node_7,455,TCP,AES-192,14,Normal
Node_1,Node_11,692,TCP,AES-256,1.92,Normal
Node_15,Node_14,904,UDP,AES-192,4.73,Normal
Node_14,Node_18,751,TCP,AES-128,4.66,Normal
Node_12,Node_6,1196,TCP,AES-256,14.75,Normal
Node_10,Node_15,1362,UDP,AES-256,18.55,Normal
Node_4,Node_3,276,TCP,AES-256,9.48,Drop_Attack
Node_20,Node_18,268,UDP,AES-256,9.16,Normal
Node_2,Node_11,925,TCP,AES-128,10.35,Normal
Node_18,Node_13,298,TCP,AES-192,15.81,Normal
Node_12,Node_16,909,UDP,AES-128,5.36,Normal
Node_8,Node_18,644,UDP,AES-256,11.19,Normal
Node_14,Node_8,72,UDP,AES-128,14.88,Replay_Attack
Node_17,Node_11,750,TCP,AES-256,12.51,Normal
Node_8,Node_19,865,TCP,AES-256,10.95,Normal
Node_2,Node_20,942,TCP,AES-256,15.01,Normal
Node_6,Node_14,715,TCP,AES-192,0.1,Normal
Node_5,Node_18,306,UDP,AES-256,13.39,Normal
Node_18,Node_6,724,TCP,AES-128,6.73,Drop_Attack
Node_19,Node_5,120,TCP,AES-256,0.85,Normal
Node_5,Node_16,1363,UDP,AES-128,12.56,Normal
Node_8,Node_11,460,TCP,AES-256,16.87,Normal
Node_13,Node_9,1414,TCP,AES-192,9.31,Replay_Attack
Node_19,Node_4,291,UDP,AES-256,14.76,Replay_Attack
Node_6,Node_3,222,UDP,AES-192,18.06,Normal
Node_7,Node_14,270,UDP,AES-128,16.57,Normal
Node_16,Node_3,494,UDP,AES-192,18.2,Normal
Node_15,Node_6,432,UDP,AES-128,13.71,Normal
Node_19,Node_2,304,UDP,AES-192,10.38,Normal
Node_20,Node_18,74,TCP,AES-256,1.99,Normal
Node_4,Node_8,1305,TCP,AES-256,8.77,Blackhole_Attack
Node_7,Node_13,299,TCP,AES-128,5.78,Normal
Node_8,Node_3,1480,TCP,AES-192,20.85,Normal
Node_7,Node_3,777,UDP,AES-192,9.12,Normal
Node_16,Node_14,1113,UDP,AES-128,10.62,Normal
Node_7,Node_10,868,TCP,AES-256,12.76,Normal
Node_19,Node_10,403,TCP,AES-256,10.22,Normal
Node_15,Node_14,1285,UDP,AES-192,18.48,Normal
Node_20,Node_13,943,TCP,AES-256,6.89,Normal
Node_3,Node_16,406,TCP,AES-256,10.97,Normal
Node_14,Node_10,1300,UDP,AES-192,6.29,Replay_Attack
Node_14,Node_6,796,TCP,AES-128,3.4,Normal
Node_12,Node_13,361,UDP,AES-128,6.94,Blackhole_Attack
Node_11,Node_7,1017,UDP,AES-128,9.81,Normal
Node_13,Node_10,1296,TCP,AES-256,7.85,Normal
Node_18,Node_9,1308,TCP,AES-256,6.54,Normal
Node_14,Node_15,714,UDP,AES-128,2.97,Normal
Node_16,Node_17,159,UDP,AES-192,9.58,Drop_Attack
Node_11,Node_20,848,TCP,AES-256,2.48,Replay_Attack
Node_19,Node_1,1009,UDP,AES-128,13.8,Normal
Node_13,Node_2,1156,TCP,AES-192,10.41,Normal
Node_3,Node_17,258,UDP,AES-256,2.71,Normal
Node_11,Node_13,883,TCP,AES-256,8.45,Normal
Node_16,Node_2,869,UDP,AES-256,6.24,Normal
Node_16,Node_4,829,TCP,AES-128,11.6,Normal
Node_1,Node_6,279,UDP,AES-256,16.7,Normal
Node_8,Node_6,244,TCP,AES-256,0.62,Normal
Node_12,Node_19,74,TCP,AES-192,10.58,Normal
Node_2,Node_5,162,UDP,AES-128,9.2,Normal
Node_20,Node_13,616,TCP,AES-128,13.36,Normal
Node_4,Node_6,717,TCP,AES-256,11.07,Normal
Node_14,Node_16,1432,TCP,AES-256,6.24,Normal
Node_19,Node_16,1418,UDP,AES-192,8.4,Normal
Node_16,Node_8,252,UDP,AES-192,6.02,Normal
Node_12,Node_19,560,TCP,AES-256,15.38,Drop_Attack
Node_1,Node_8,1022,UDP,AES-128,10.11,Normal
Node_11,Node_7,1273,UDP,AES-192,19.51,Normal
Node_5,Node_18,280,TCP,AES-128,9.7,Normal
Node_13,Node_16,1334,TCP,AES-192,6.46,Normal
Node_9,Node_15,400,UDP,AES-256,2.43,Normal
Node_5,Node_16,283,TCP,AES-128,0.98,Drop_Attack
Node_1,Node_17,1419,UDP,AES-192,2.08,Normal
Node_18,Node_3,789,UDP,AES-128,11.34,Normal
Node_17,Node_14,1104,UDP,AES-128,12.54,Normal
Node_12,Node_4,164,UDP,AES-256,2.09,Normal
Node_7,Node_11,451,UDP,AES-128,14.48,Normal
Node_17,Node_16,1126,UDP,AES-128,7.58,Normal
Node_8,Node_4,513,TCP,AES-128,10.73,Normal
Node_19,Node_9,552,TCP,AES-256,18.06,Replay_Attack
Node_13,Node_14,868,TCP,AES-128,14.48,Normal
Node_9,Node_17,485,TCP,AES-128,8.66,Normal
Node_10,Node_11,70,TCP,AES-128,5.54,Normal
Node_20,Node_16,689,TCP,AES-128,0.1,Normal
Node_3,Node_7,447,UDP,AES-192,6.4,Replay_Attack
Node_14,Node_11,106,TCP,AES-192,8.94,Normal
Node_6,Node_1,1280,UDP,AES-192,5.06,Normal
Node_16,Node_8,1031,TCP,AES-128,9.34,Normal
Node_19,Node_10,531,TCP,AES-128,10.38,Normal
Node_4,Node_11,751,UDP,AES-192,8.88,Normal
Node_18,Node_9,1422,UDP,AES-192,6.75,Normal
Node_1,Node_13,680,UDP,AES-256,10.84,Normal
Node_20,Node_16,294,UDP,AES-256,12.21,Normal
Node_1,Node_6,904,TCP,AES-256,4.55,Normal
Node_12,Node_17,127,TCP,AES-256,17.05,Normal
Node_14,Node_12,486,TCP,AES-128,9.51,Normal
Node_13,Node_4,624,UDP,AES-256,10.09,Normal
Node_12,Node_11,864,UDP,AES-192,13.54,Normal
Node_2,Node_20,1129,UDP,AES-256,11.17,Drop_Attack
Node_12,Node_10,289,TCP,AES-192,14.77,Normal
Node_5,Node_16,1458,TCP,AES-256,11.44,Normal
Node_20,Node_18,1424,TCP,AES-192,6.94,Normal
Node_3,Node_11,95,UDP,AES-128,11.81,Normal
Node_19,Node_4,172,UDP,AES-192,4.28,Drop_Attack
Node_1,Node_3,578,TCP,AES-192,10.54,Normal
Node_17,Node_19,381,TCP,AES-256,9.83,Normal
Node_7,Node_15,1262,TCP,AES-192,8.96,Normal
Node_16,Node_12,573,UDP,AES-192,9.36,Normal
Node_4,Node_10,682,UDP,AES-128,0.59,Normal
Node_11,Node_20,349,TCP,AES-192,7.26,Blackhole_Attack
Node_10,Node_3,672,UDP,AES-256,10.46,Normal
Node_14,Node_4,347,UDP,AES-256,10.8,Normal
Node_12,Node_16,789,UDP,AES-192,4.86,Normal
Node_14,Node_16,120,TCP,AES-192,16.33,Replay_Attack
Node_10,Node_8,1252,UDP,AES-128,5.67,Normal
Node_19,Node_10,173,UDP,AES-128,14.85,Normal
Node_1,Node_16,1124,UDP,AES-128,12.14,Drop_Attack
Node_4,Node_12,1281,TCP,AES-192,6.77,Normal
Node_11,Node_2,312,TCP,AES-256,18.88,Normal
Node_5,Node_19,1078,TCP,AES-128,4.03,Normal
Node_5,Node_11,1350,UDP,AES-256,14.6,Normal
Node_1,Node_17,1341,TCP,AES-128,15,Replay_Attack
Node_4,Node_18,262,TCP,AES-128,6.65,Replay_Attack
Node_15,Node_13,177,TCP,AES-192,16.96,Normal
Node_6,Node_9,1183,UDP,AES-256,8.75,Normal
Node_20,Node_4,949,TCP,AES-256,11.44,Replay_Attack
Node_8,Node_6,1111,TCP,AES-192,11.3,Normal
Node_10,Node_4,1269,UDP,AES-192,9.33,Normal
Node_13,Node_14,1492,TCP,AES-192,14.05,Normal
Node_14,Node_5,121,UDP,AES-192,13.97,Drop_Attack
Node_10,Node_2,1385,UDP,AES-128,1.26,Normal
Node_12,Node_5,1022,UDP,AES-192,16.52,Replay_Attack
Node_17,Node_7,778,UDP,AES-256,1.69,Blackhole_Attack
Node_19,Node_11,1005,TCP,AES-192,15.16,Normal
Node_10,Node_14,203,UDP,AES-192,15.63,Normal
Node_20,Node_6,1243,UDP,AES-128,4.55,Normal
Node_19,Node_20,776,UDP,AES-128,7.95,Blackhole_Attack
Node_4,Node_5,1086,UDP,AES-192,4.47,Normal
Node_8,Node_4,420,UDP,AES-192,8.93,Normal
Node_2,Node_10,298,TCP,AES-256,8.46,Drop_Attack
Node_1,Node_7,721,TCP,AES-256,13.9,Normal
Node_5,Node_20,1203,TCP,AES-128,16.55,Normal
Node_15,Node_10,525,TCP,AES-256,16.98,Normal
Node_17,Node_7,240,TCP,AES-256,7.19,Normal
Node_4,Node_8,132,TCP,AES-128,8.95,Normal
Node_14,Node_20,1183,TCP,AES-192,1.58,Normal
Node_17,Node_16,453,TCP,AES-256,5.97,Normal
Node_17,Node_12,794,TCP,AES-128,14.82,Normal
Node_13,Node_3,1229,TCP,AES-128,18.08,Normal
Node_10,Node_4,305,UDP,AES-128,3.83,Blackhole_Attack
Node_8,Node_11,578,UDP,AES-256,7.04,Normal
Node_6,Node_11,217,TCP,AES-256,9.87,Normal
Node_17,Node_10,881,TCP,AES-256,11.4,Normal
Node_4,Node_20,1028,UDP,AES-256,5.95,Drop_Attack
Node_7,Node_12,185,TCP,AES-128,12.12,Normal
Node_11,Node_2,546,UDP,AES-128,7.63,Normal
Node_19,Node_2,772,TCP,AES-192,9.93,Normal
Node_20,Node_3,1193,UDP,AES-128,12.73,Normal
Node_2,Node_5,136,UDP,AES-256,10.03,Normal
Node_12,Node_15,1042,UDP,AES-128,7.82,Replay_Attack
Node_7,Node_19,1309,UDP,AES-256,9.45,Normal
Node_1,Node_19,1051,TCP,AES-192,9.56,Normal
Node_5,Node_15,1500,UDP,AES-256,8.15,Drop_Attack
Node_20,Node_12,784,TCP,AES-192,8.71,Normal
Node_2,Node_9,539,TCP,AES-256,17.99,Drop_Attack
Node_18,Node_20,157,TCP,AES-256,12.8,Normal
Node_2,Node_4,180,TCP,AES-192,8.52,Normal
Node_2,Node_12,780,TCP,AES-192,13.48,Drop_Attack
Node_4,Node_3,220,UDP,AES-256,8.33,Normal
Node_12,Node_8,972,UDP,AES-192,15.87,Normal
Node_10,Node_8,1142,UDP,AES-192,11.85,Normal
Node_17,Node_4,174,UDP,AES-192,9.46,Normal
Node_20,Node_16,636,TCP,AES-128,12.24,Normal
Node_17,Node_8,688,TCP,AES-128,2.15,Normal
Node_5,Node_2,545,UDP,AES-256,4.37,Normal
Node_4,Node_1,1085,TCP,AES-192,4.03,Normal
Node_13,Node_10,237,TCP,AES-192,10.71,Normal
Node_13,Node_17,102,UDP,AES-192,18.66,Normal
Node_8,Node_7,840,TCP,AES-256,21.16,Normal
Node_2,Node_11,128,UDP,AES-128,13.19,Normal
Node_11,Node_9,1274,TCP,AES-128,12.5,Normal
Node_20,Node_14,939,TCP,AES-128,0.99,Normal
Node_10,Node_19,1013,UDP,AES-256,7.29,Normal
Node_17,Node_9,396,UDP,AES-192,6.06,Normal
Node_8,Node_5,95,UDP,AES-256,6.9,Normal
Node_3,Node_9,1175,UDP,AES-192,9.16,Normal
Node_2,Node_10,804,UDP,AES-256,7.64,Normal
Node_20,Node_1,318,UDP,AES-256,0.1,Normal
Node_9,Node_6,972,UDP,AES-128,13.74,Normal
Node_15,Node_2,798,UDP,AES-256,4.64,Normal
Node_7,Node_15,183,TCP,AES-192,11.2,Normal
Node_18,Node_11,195,UDP,AES-128,20.37,Normal
Node_9,Node_10,1077,TCP,AES-128,5.4,Normal
Node_5,Node_2,540,TCP,AES-256,0.1,Blackhole_Attack
Node_15,Node_20,713,TCP,AES-256,8.57,Normal
Node_2,Node_10,591,TCP,AES-256,15.5,Normal
Node_12,Node_19,155,TCP,AES-192,19.79,Blackhole_Attack
Node_17,Node_3,549,TCP,AES-192,3.85,Normal
Node_14,Node_3,1378,UDP,AES-192,12.48,Drop_Attack
Node_12,Node_11,899,UDP,AES-192,7.67,Normal
Node_10,Node_1,392,UDP,AES-128,9.47,Normal
Node_5,Node_20,116,TCP,AES-256,23.22,Normal
Node_11,Node_18,1104,UDP,AES-128,2.49,Normal
Node_19,Node_2,1409,TCP,AES-192,11.27,Normal
Node_3,Node_4,523,UDP,AES-256,12.34,Normal
Node_17,Node_2,1307,UDP,AES-256,15.43,Normal
Node_15,Node_11,615,TCP,AES-256,10.49,Normal
Node_8,Node_12,561,UDP,AES-128,11.54,Normal
Node_4,Node_9,975,UDP,AES-192,8.04,Blackhole_Attack
Node_12,Node_17,1303,TCP,AES-192,11.35,Normal
Node_8,Node_20,320,TCP,AES-192,8.28,Normal
Node_5,Node_10,651,UDP,AES-192,13.11,Drop_Attack
Node_5,Node_20,1076,TCP,AES-128,8.15,Normal
Node_1,Node_7,311,UDP,AES-192,11.89,Normal
Node_16,Node_4,322,TCP,AES-192,9.85,Replay_Attack
Node_5,Node_18,1148,UDP,AES-192,15.63,Normal
Node_13,Node_19,558,UDP,AES-128,9.74,Normal
Node_11,Node_20,1310,TCP,AES-256,1.13,Blackhole_Attack
Node_15,Node_14,1355,UDP,AES-256,16.31,Normal
Node_10,Node_17,1497,TCP,AES-256,5.47,Normal
Node_19,Node_17,235,TCP,AES-128,6.73,Normal
Node_12,Node_16,840,UDP,AES-192,7.02,Normal
Node_19,Node_9,262,TCP,AES-192,16.87,Normal
Node_2,Node_20,1124,UDP,AES-192,0.1,Normal
Node_11,Node_6,357,TCP,AES-256,25.69,Normal
Node_7,Node_15,1127,UDP,AES-256,15.28,Normal
Node_11,Node_4,775,UDP,AES-128,11.12,Drop_Attack
Node_8,Node_6,654,UDP,AES-256,9.73,Normal
Node_8,Node_10,352,TCP,AES-128,11.43,Normal
Node_17,Node_6,120,TCP,AES-256,12.61,Normal
Node_7,Node_1,1064,TCP,AES-192,13.23,Normal
Node_19,Node_14,975,TCP,AES-192,12.78,Normal
Node_4,Node_5,974,UDP,AES-192,10.45,Normal
Node_5,Node_10,1433,TCP,AES-192,9.01,Normal
Node_8,Node_3,733,TCP,AES-256,9.24,Normal
Node_15,Node_18,1440,TCP,AES-256,9.03,Normal
Node_2,Node_15,269,UDP,AES-128,15.67,Normal
Node_2,Node_1,567,TCP,AES-256,12.97,Normal
Node_8,Node_7,607,UDP,AES-128,0.1,Normal
Node_6,Node_17,642,TCP,AES-128,13.28,Normal
Node_3,Node_18,502,TCP,AES-192,10.97,Blackhole_Attack
Node_6,Node_2,920,UDP,AES-256,9.91,Normal
Node_19,Node_8,1370,UDP,AES-192,8.06,Normal
Node_6,Node_11,538,UDP,AES-256,15.62,Normal
Node_13,Node_12,1176,UDP,AES-192,14.74,Replay_Attack
Node_10,Node_15,979,UDP,AES-128,6.14,Normal
Node_4,Node_7,1015,UDP,AES-256,12.04,Blackhole_Attack
Node_5,Node_17,1065,UDP,AES-256,5.14,Normal
Node_10,Node_9,1103,TCP,AES-192,3.1,Drop_Attack
Node_11,Node_15,865,UDP,AES-192,6.87,Normal
Node_2,Node_10,1058,TCP,AES-192,14.31,Normal
Node_2,Node_11,980,UDP,AES-128,14.77,Normal
Node_6,Node_19,486,TCP,AES-256,12.57,Normal
Node_5,Node_19,104,TCP,AES-192,13.63,Blackhole_Attack
Node_12,Node_19,193,TCP,AES-256,12.58,Normal
Node_18,Node_7,385,UDP,AES-256,6.79,Normal
Node_6,Node_13,742,UDP,AES-128,12.16,Normal
Node_8,Node_1,137,TCP,AES-256,14,Drop_Attack
Node_2,Node_7,643,UDP,AES-128,13.77,Normal
Node_8,Node_2,621,TCP,AES-192,15.94,Normal
Node_5,Node_10,237,TCP,AES-128,13.54,Normal
Node_14,Node_1,94,TCP,AES-128,11.76,Normal
Node_13,Node_7,1304,UDP,AES-192,15.35,Normal
Node_1,Node_11,625,UDP,AES-128,9.87,Blackhole_Attack
Node_13,Node_10,943,TCP,AES-128,5.59,Normal
Node_18,Node_9,1053,UDP,AES-256,9.18,Normal
Node_8,Node_14,99,UDP,AES-256,6.28,Normal
Node_12,Node_19,285,UDP,AES-128,6.62,Normal
Node_1,Node_14,539,UDP,AES-192,9.28,Normal
Node_4,Node_11,744,TCP,AES-256,6.04,Normal
Node_4,Node_19,410,TCP,AES-192,8.46,Normal
Node_3,Node_6,889,UDP,AES-256,0.53,Normal
Node_19,Node_8,184,UDP,AES-192,11.07,Normal
Node_11,Node_5,138,UDP,AES-256,10.01,Normal
Node_14,Node_1,613,TCP,AES-256,5.91,Normal
Node_18,Node_16,705,TCP,AES-192,13.3,Normal
Node_16,Node_18,1200,TCP,AES-128,14.69,Normal
Node_3,Node_14,324,TCP,AES-128,1.96,Normal
Node_4,Node_7,468,UDP,AES-128,6.19,Drop_Attack
Node_17,Node_16,350,UDP,AES-192,6.15,Replay_Attack
Node_10,Node_9,1134,UDP,AES-256,5.3,Normal
Node_19,Node_6,353,UDP,AES-256,14.15,Normal
Node_20,Node_12,1127,UDP,AES-192,9.03,Normal
Node_11,Node_5,400,UDP,AES-128,8.68,Normal
Node_6,Node_5,1027,TCP,AES-128,0.1,Normal
Node_7,Node_8,1485,TCP,AES-256,13.18,Normal
Node_4,Node_2,1343,UDP,AES-256,3.8,Normal
Node_12,Node_19,526,UDP,AES-256,10.3,Replay_Attack
Node_14,Node_20,690,UDP,AES-256,11.39,Normal
Node_9,Node_19,1172,TCP,AES-128,16.8,Normal
Node_4,Node_8,637,TCP,AES-192,3.46,Normal
Node_5,Node_18,1266,UDP,AES-192,0.1,Normal
Node_19,Node_9,1325,UDP,AES-128,10.92,Normal
Node_8,Node_7,251,TCP,AES-128,19,Normal
Node_1,Node_12,223,TCP,AES-128,16.19,Normal
Node_15,Node_14,1425,UDP,AES-192,11.05,Normal
Node_4,Node_9,1211,UDP,AES-192,7.54,Normal
Node_16,Node_12,702,UDP,AES-256,14.04,Blackhole_Attack
Node_6,Node_10,356,UDP,AES-256,5.13,Normal
Node_9,Node_4,1206,UDP,AES-256,12.38,Normal
Node_1,Node_13,1018,UDP,AES-256,12.53,Normal
Node_20,Node_18,455,UDP,AES-192,15.3,Normal
Node_1,Node_8,969,UDP,AES-256,23.8,Normal
Node_19,Node_10,736,TCP,AES-192,11.96,Normal
Node_17,Node_1,1306,UDP,AES-128,7.46,Normal
Node_16,Node_13,153,UDP,AES-192,9.87,Normal
Node_19,Node_1,1028,UDP,AES-192,1.15,Normal
Node_18,Node_4,142,UDP,AES-128,6.53,Normal
Node_5,Node_7,333,TCP,AES-192,7.95,Normal
Node_4,Node_2,972,TCP,AES-192,7.38,Blackhole_Attack
Node_7,Node_1,745,UDP,AES-256,10.76,Normal
Node_19,Node_12,1121,TCP,AES-256,5.89,Normal
Node_2,Node_4,459,TCP,AES-256,15.61,Normal
Node_6,Node_16,155,UDP,AES-256,10,Normal
Node_17,Node_14,418,TCP,AES-192,9.95,Normal
Node_12,Node_4,763,UDP,AES-256,8.36,Normal
Node_3,Node_20,1012,TCP,AES-128,10.78,Normal
Node_6,Node_3,444,UDP,AES-256,14.13,Normal
Node_1,Node_7,85,TCP,AES-256,5.66,Normal
Node_3,Node_9,694,TCP,AES-256,6.71,Normal
Node_5,Node_11,173,UDP,AES-256,8.48,Normal
Node_9,Node_5,1221,UDP,AES-192,3.27,Normal
Node_7,Node_10,472,TCP,AES-192,5.9,Normal
Node_15,Node_9,253,UDP,AES-192,7.62,Normal
Node_12,Node_18,984,TCP,AES-128,14.37,Normal
Node_19,Node_13,382,TCP,AES-256,11.31,Normal
Node_10,Node_7,764,UDP,AES-128,10.97,Normal
Node_7,Node_10,510,UDP,AES-192,14.25,Replay_Attack
Node_6,Node_17,350,UDP,AES-256,9.31,Normal
Node_19,Node_13,1412,TCP,AES-192,11.95,Normal
Node_12,Node_1,389,UDP,AES-192,9.48,Normal
Node_4,Node_7,797,UDP,AES-128,11.33,Normal
Node_6,Node_1,963,UDP,AES-256,7.09,Normal
Node_14,Node_13,1033,TCP,AES-192,0.1,Normal
Node_20,Node_11,1052,UDP,AES-192,9.33,Replay_Attack
Node_17,Node_4,926,UDP,AES-192,17.11,Normal
Node_13,Node_20,122,TCP,AES-256,14.63,Normal
Node_10,Node_18,470,TCP,AES-128,14.83,Normal
Node_2,Node_4,697,TCP,AES-192,16.18,Normal
Node_6,Node_16,65,TCP,AES-128,10.44,Normal
Node_10,Node_11,228,TCP,AES-128,10.99,Normal
Node_14,Node_3,565,TCP,AES-256,6.91,Normal
Node_12,Node_1,1041,TCP,AES-192,8.42,Blackhole_Attack
Node_7,Node_17,1432,UDP,AES-192,13.08,Normal
Node_4,Node_14,327,UDP,AES-128,16.02,Normal
Node_11,Node_10,1445,UDP,AES-256,9.3,Normal
Node_3,Node_13,1064,TCP,AES-128,7.75,Normal
Node_6,Node_9,819,UDP,AES-192,10,Normal
Node_1,Node_14,222,TCP,AES-128,13.01,Normal
Node_2,Node_8,682,UDP,AES-128,2.78,Normal
Node_6,Node_15,372,UDP,AES-192,0.1,Normal
Node_16,Node_2,598,UDP,AES-128,7.25,Normal
Node_17,Node_4,1016,TCP,AES-192,3.9,Normal
Node_4,Node_14,89,TCP,AES-192,7.46,Blackhole_Attack
Node_15,Node_1,1059,UDP,AES-192,9.26,Normal
Node_10,Node_15,593,TCP,AES-256,7.73,Normal
Node_15,Node_18,827,UDP,AES-256,17.26,Normal
Node_18,Node_12,292,TCP,AES-192,11.63,Normal
Node_13,Node_3,371,TCP,AES-192,11.5,Normal
Node_19,Node_9,468,UDP,AES-192,13.11,Drop_Attack
Node_16,Node_15,815,TCP,AES-256,4.31,Normal
Node_9,Node_15,755,UDP,AES-128,15.2,Normal
Node_6,Node_11,794,UDP,AES-128,9.62,Normal
Node_10,Node_2,1284,TCP,AES-192,13.35,Normal
Node_18,Node_13,573,TCP,AES-128,4.64,Normal
Node_5,Node_6,1360,UDP,AES-192,2.23,Normal
Node_12,Node_16,1475,TCP,AES-256,14.09,Normal
Node_19,Node_15,147,TCP,AES-192,11.88,Normal
Node_5,Node_4,846,TCP,AES-192,5.49,Normal
Node_10,Node_15,884,TCP,AES-128,5.65,Normal
Node_9,Node_3,951,TCP,AES-128,15.63,Normal
Node_10,Node_18,1168,TCP,AES-256,4.05,Normal
Node_12,Node_20,1032,TCP,AES-192,18.21,Normal
Node_6,Node_10,1091,TCP,AES-256,5.5,Normal
Node_6,Node_11,622,TCP,AES-192,13.19,Normal
Node_14,Node_5,626,UDP,AES-192,8.36,Normal
Node_11,Node_4,517,TCP,AES-128,13.02,Normal
Node_8,Node_3,1316,UDP,AES-256,7.28,Normal
Node_15,Node_20,925,UDP,AES-256,9.19,Normal
Node_18,Node_1,766,UDP,AES-192,10.2,Normal
Node_15,Node_5,1010,UDP,AES-128,4.99,Normal
Node_6,Node_14,587,UDP,AES-128,13.7,Normal
Node_19,Node_3,1357,UDP,AES-256,7.43,Normal
Node_3,Node_8,1148,UDP,AES-192,8.86,Normal
Node_11,Node_16,1445,UDP,AES-128,5.03,Normal
Node_19,Node_6,1342,UDP,AES-256,0.1,Normal
Node_1,Node_11,1203,UDP,AES-128,9.04,Normal
Node_18,Node_5,839,TCP,AES-128,22.06,Normal
Node_7,Node_4,1232,UDP,AES-128,13.92,Normal
Node_13,Node_19,900,UDP,AES-128,9.9,Normal
Node_20,Node_9,718,UDP,AES-256,8.69,Blackhole_Attack
Node_11,Node_18,1160,UDP,AES-128,10.11,Normal
Node_16,Node_15,650,UDP,AES-128,12.74,Normal
Node_6,Node_14,654,TCP,AES-256,4.1,Normal
Node_15,Node_6,1463,TCP,AES-192,15.57,Normal
Node_14,Node_15,904,TCP,AES-256,13.58,Replay_Attack
Node_20,Node_17,228,UDP,AES-128,13.59,Normal
Node_8,Node_6,1229,UDP,AES-256,12.19,Drop_Attack
Node_20,Node_13,1194,TCP,AES-128,10.1,Normal
Node_8,Node_6,1031,TCP,AES-192,13.36,Replay_Attack
Node_7,Node_20,1008,UDP,AES-128,12.96,Normal
Node_15,Node_8,426,UDP,AES-256,8.23,Normal
Node_20,Node_11,390,TCP,AES-192,7.13,Normal
Node_3,Node_1,130,UDP,AES-256,10.51,Normal
Node_13,Node_3,918,UDP,AES-256,17.75,Normal
Node_20,Node_18,112,UDP,AES-192,3.8,Normal
Node_2,Node_11,879,TCP,AES-192,2.66,Normal
Node_17,Node_15,941,TCP,AES-128,10.82,Drop_Attack
Node_19,Node_4,410,UDP,AES-192,10.25,Normal
Node_5,Node_9,1052,TCP,AES-192,10.87,Blackhole_Attack
Node_15,Node_17,565,UDP,AES-192,11.22,Normal
Node_15,Node_11,986,UDP,AES-256,8.88,Normal
Node_2,Node_6,367,UDP,AES-128,17.45,Normal
Node_12,Node_20,806,UDP,AES-192,2,Normal
Node_6,Node_20,1362,UDP,AES-192,5.86,Normal
Node_10,Node_5,1487,TCP,AES-128,9.48,Normal
Node_13,Node_9,1368,TCP,AES-128,1.78,Normal
Node_19,Node_10,367,TCP,AES-192,9.12,Normal
Node_17,Node_18,895,UDP,AES-256,18.31,Normal
Node_12,Node_5,1266,UDP,AES-256,10.1,Normal
Node_16,Node_6,1139,UDP,AES-128,11.15,Normal
Node_13,Node_1,1433,TCP,AES-192,3.7,Normal
Node_7,Node_9,371,UDP,AES-256,6.92,Normal
Node_4,Node_8,794,UDP,AES-192,8.12,Normal
Node_1,Node_18,531,TCP,AES-192,8.41,Normal
Node_13,Node_4,738,TCP,AES-192,16.41,Normal
Node_18,Node_19,226,TCP,AES-192,12.79,Normal
Node_8,Node_9,588,TCP,AES-256,4.44,Normal
Node_8,Node_9,1476,UDP,AES-128,11.23,Blackhole_Attack
Node_9,Node_3,453,TCP,AES-128,12.49,Normal
Node_2,Node_8,530,TCP,AES-256,15.7,Normal
Node_16,Node_15,265,TCP,AES-192,17.9,Normal
Node_3,Node_8,1043,TCP,AES-192,4.92,Replay_Attack
Node_19,Node_7,1289,UDP,AES-192,5.95,Normal
Node_19,Node_14,292,UDP,AES-256,3.71,Normal
Node_20,Node_15,65,UDP,AES-192,8.83,Normal
Node_16,Node_6,737,UDP,AES-256,12.33,Normal
Node_10,Node_9,1153,TCP,AES-192,14.94,Normal
Node_18,Node_17,696,UDP,AES-128,9.62,Normal
Node_6,Node_17,77,UDP,AES-256,8.4,Normal
Node_6,Node_7,198,UDP,AES-256,10.76,Normal
Node_15,Node_11,1370,TCP,AES-128,5.82,Normal
Node_8,Node_7,693,UDP,AES-192,20.45,Normal
Node_16,Node_4,1466,UDP,AES-256,1.96,Normal
Node_5,Node_12,384,TCP,AES-192,10.92,Normal
Node_6,Node_7,730,UDP,AES-256,20.12,Normal
Node_14,Node_9,532,UDP,AES-192,10.03,Normal
Node_10,Node_13,360,UDP,AES-192,9.05,Normal
Node_11,Node_16,694,UDP,AES-256,8.21,Normal
Node_14,Node_1,891,TCP,AES-192,9.1,Normal
Node_5,Node_16,625,TCP,AES-256,16.86,Normal
Node_9,Node_11,828,TCP,AES-192,0.1,Normal
Node_13,Node_11,1206,TCP,AES-128,17.67,Normal
Node_15,Node_9,282,TCP,AES-128,2.88,Normal
Node_16,Node_20,1026,TCP,AES-256,8.67,Normal
Node_16,Node_8,637,UDP,AES-128,7.85,Blackhole_Attack
Node_18,Node_12,961,UDP,AES-128,12.94,Normal
Node_3,Node_12,911,TCP,AES-128,2.01,Normal
Node_19,Node_7,1214,TCP,AES-192,12.31,Normal
Node_19,Node_18,1417,UDP,AES-256,20.12,Normal
Node_10,Node_1,351,TCP,AES-256,3.18,Normal
Node_11,Node_13,977,TCP,AES-128,10.95,Normal
Node_8,Node_16,805,UDP,AES-128,6.69,Normal
Node_9,Node_10,1300,TCP,AES-128,12.13,Drop_Attack
Node_16,Node_2,1146,TCP,AES-256,10.1,Normal
Node_19,Node_14,129,UDP,AES-256,6.79,Normal
Node_19,Node_11,1363,TCP,AES-256,12.44,Replay_Attack
Node_4,Node_19,388,TCP,AES-256,19.02,Normal
Node_20,Node_7,213,UDP,AES-192,9.05,Normal
Node_5,Node_12,213,TCP,AES-256,13.6,Normal
Node_15,Node_18,1482,UDP,AES-128,3.53,Normal
Node_10,Node_1,1341,UDP,AES-128,5.22,Drop_Attack
Node_9,Node_8,1260,UDP,AES-256,12.36,Normal
Node_7,Node_20,790,TCP,AES-128,17.42,Normal
Node_7,Node_11,435,TCP,AES-128,11.78,Normal
Node_2,Node_6,1170,UDP,AES-128,8.43,Normal
Node_11,Node_8,1411,TCP,AES-128,10,Normal
Node_14,Node_9,541,TCP,AES-192,3.75,Drop_Attack
Node_13,Node_1,973,TCP,AES-192,13.02,Drop_Attack
Node_7,Node_14,1272,TCP,AES-128,14.41,Normal
Node_17,Node_20,1121,TCP,AES-128,7.74,Normal
Node_4,Node_17,1302,UDP,AES-256,7.65,Normal
Node_14,Node_7,494,TCP,AES-256,11.33,Normal
Node_9,Node_18,293,UDP,AES-128,7.82,Drop_Attack
Node_4,Node_13,802,UDP,AES-128,9.67,Normal
Node_10,Node_8,1500,TCP,AES-256,20.5,Normal
Node_13,Node_17,96,UDP,AES-256,8.76,Normal
Node_11,Node_2,352,TCP,AES-128,8.21,Normal
Node_5,Node_18,382,TCP,AES-256,6.76,Normal
Node_2,Node_3,1285,TCP,AES-256,13.72,Normal
Node_12,Node_15,386,UDP,AES-128,9.09,Normal
Node_17,Node_5,1433,TCP,AES-192,6.75,Normal
Node_4,Node_7,125,UDP,AES-128,16.61,Normal
Node_12,Node_9,1337,UDP,AES-128,17.1,Normal
Node_11,Node_1,1027,TCP,AES-256,7,Normal
Node_14,Node_2,1168,UDP,AES-256,0.67,Normal
Node_6,Node_7,269,TCP,AES-192,15.04,Normal
Node_3,Node_15,199,TCP,AES-192,6.58,Normal
Node_14,Node_19,965,TCP,AES-256,13.95,Normal
Node_1,Node_11,1039,UDP,AES-192,0.15,Blackhole_Attack
Node_20,Node_4,1042,UDP,AES-256,14.46,Normal
Node_19,Node_7,321,TCP,AES-256,3.94,Replay_Attack
Node_3,Node_5,891,UDP,AES-256,13.65,Replay_Attack
Node_10,Node_12,1010,UDP,AES-128,10.07,Normal
Node_12,Node_5,1250,TCP,AES-256,5.23,Normal
Node_13,Node_2,469,TCP,AES-128,7.96,Replay_Attack
Node_8,Node_6,876,UDP,AES-128,13.43,Normal
Node_16,Node_12,448,UDP,AES-192,10.53,Normal
Node_15,Node_9,1181,UDP,AES-128,12.92,Normal
Node_17,Node_11,754,TCP,AES-192,19.88,Normal
Node_16,Node_19,998,TCP,AES-256,2.18,Normal
Node_17,Node_9,193,UDP,AES-192,18.09,Normal
Node_18,Node_5,257,TCP,AES-192,10.52,Normal
Node_4,Node_19,669,TCP,AES-192,5.51,Normal
Node_14,Node_19,233,TCP,AES-192,3.35,Normal
Node_17,Node_7,354,TCP,AES-128,9.05,Normal
Node_12,Node_18,1294,TCP,AES-256,14.61,Normal
Node_17,Node_2,1155,UDP,AES-256,9.36,Normal
Node_17,Node_6,830,TCP,AES-128,17.56,Normal
Node_20,Node_8,375,UDP,AES-128,2.74,Normal
Node_13,Node_10,862,UDP,AES-192,9.94,Normal
Node_5,Node_11,64,TCP,AES-192,3.74,Normal
Node_10,Node_7,1319,TCP,AES-128,11.82,Normal
Node_5,Node_6,1048,TCP,AES-128,14.43,Normal
Node_6,Node_15,864,TCP,AES-128,7.9,Normal
Node_3,Node_9,629,TCP,AES-192,0.1,Blackhole_Attack
Node_5,Node_8,972,TCP,AES-256,10.99,Normal
Node_11,Node_1,1368,TCP,AES-256,12.18,Normal
Node_4,Node_17,539,UDP,AES-192,12.02,Normal
Node_18,Node_15,378,TCP,AES-256,16.18,Normal
Node_9,Node_2,845,UDP,AES-128,4.64,Normal
Node_14,Node_20,408,UDP,AES-192,13.4,Normal
Node_4,Node_3,1299,UDP,AES-128,15.96,Normal
Node_16,Node_14,927,TCP,AES-256,1.11,Drop_Attack
Node_9,Node_10,1375,UDP,AES-192,11.6,Normal
Node_9,Node_13,234,TCP,AES-128,7.48,Normal
Node_16,Node_8,1263,UDP,AES-128,9.59,Normal
Node_9,Node_4,1063,UDP,AES-256,11.74,Normal
Node_13,Node_2,1296,TCP,AES-256,7.56,Normal
Node_4,Node_20,258,TCP,AES-128,6.62,Normal
Node_20,Node_14,870,TCP,AES-192,10.17,Normal
Node_15,Node_16,1238,TCP,AES-192,4.56,Normal
Node_14,Node_1,506,TCP,AES-128,4.57,Normal
Node_11,Node_4,662,UDP,AES-128,13.4,Normal
Node_9,Node_13,1462,UDP,AES-192,4.26,Normal
Node_8,Node_10,977,TCP,AES-192,13.33,Normal
Node_9,Node_6,492,UDP,AES-256,12.31,Normal
Node_12,Node_6,1087,TCP,AES-192,1.37,Normal
Node_18,Node_8,712,UDP,AES-128,6.61,Normal
Node_3,Node_14,704,UDP,AES-256,15.97,Normal
Node_13,Node_7,606,UDP,AES-192,5.09,Normal
Node_15,Node_12,390,TCP,AES-192,7.68,Replay_Attack
Node_17,Node_19,670,TCP,AES-192,12.31,Normal
Node_3,Node_8,255,TCP,AES-256,13.92,Normal
Node_13,Node_9,362,UDP,AES-256,8.74,Normal
Node_5,Node_14,276,UDP,AES-256,7.01,Normal
Node_3,Node_12,524,UDP,AES-128,17.11,Normal
Node_5,Node_10,117,UDP,AES-128,18.69,Normal
Node_8,Node_9,526,UDP,AES-256,14.89,Normal
Node_5,Node_1,671,TCP,AES-128,10.43,Normal
Node_16,Node_15,912,TCP,AES-192,5.96,Normal
Node_17,Node_20,882,UDP,AES-256,5.85,Normal
Node_12,Node_9,947,UDP,AES-192,12.61,Normal
Node_8,Node_12,1170,UDP,AES-128,12.09,Normal
Node_5,Node_12,569,TCP,AES-128,17.01,Normal
Node_17,Node_16,1160,UDP,AES-128,13.25,Normal
Node_20,Node_8,777,TCP,AES-192,2.48,Normal
Node_2,Node_16,1331,UDP,AES-192,15.26,Normal
Node_3,Node_7,109,UDP,AES-256,5.01,Normal
Node_12,Node_17,366,TCP,AES-256,8.08,Normal
Node_9,Node_20,580,TCP,AES-256,11.25,Normal
Node_14,Node_5,875,TCP,AES-256,19.98,Normal
Node_18,Node_10,740,TCP,AES-256,25.55,Normal
Node_17,Node_14,359,UDP,AES-128,13.03,Normal
Node_2,Node_13,1267,TCP,AES-128,9.08,Normal
Node_17,Node_14,394,TCP,AES-128,12.67,Normal
Node_6,Node_7,124,UDP,AES-256,14.44,Replay_Attack
Node_13,Node_20,1499,UDP,AES-192,8.4,Normal
Node_16,Node_5,767,TCP,AES-128,18.98,Normal
Node_6,Node_15,580,UDP,AES-128,11.15,Normal
Node_13,Node_7,528,UDP,AES-256,12.49,Normal
Node_11,Node_16,256,UDP,AES-128,13.33,Normal
Node_2,Node_19,185,UDP,AES-128,12.11,Normal
Node_17,Node_1,73,UDP,AES-192,14.19,Normal
Node_19,Node_20,831,TCP,AES-128,6.91,Normal
Node_20,Node_16,436,TCP,AES-192,7.21,Blackhole_Attack
Node_20,Node_12,1239,TCP,AES-192,4.5,Normal
Node_6,Node_18,368,UDP,AES-128,12.2,Normal
Node_18,Node_4,702,UDP,AES-128,13.89,Normal
Node_6,Node_20,1125,TCP,AES-128,12.29,Normal
Node_20,Node_5,1319,UDP,AES-192,18.37,Normal
Node_18,Node_13,981,TCP,AES-256,9.97,Normal
Node_11,Node_8,812,TCP,AES-128,13.34,Normal
Node_16,Node_7,891,TCP,AES-192,4.54,Drop_Attack
Node_19,Node_4,1128,TCP,AES-256,8.06,Normal
Node_17,Node_20,1241,UDP,AES-256,13.48,Normal
Node_10,Node_12,341,UDP,AES-128,14.25,Normal
Node_14,Node_13,955,UDP,AES-128,8.53,Normal
Node_16,Node_4,722,UDP,AES-256,9.64,Normal
Node_16,Node_10,1464,TCP,AES-256,2.41,Normal
Node_7,Node_3,692,TCP,AES-256,8.21,Normal
Node_2,Node_19,121,TCP,AES-192,14.45,Normal
Node_12,Node_19,171,UDP,AES-256,12.88,Normal
Node_6,Node_18,823,TCP,AES-128,12.5,Replay_Attack
Node_11,Node_3,480,UDP,AES-128,10.25,Normal
Node_20,Node_1,156,UDP,AES-128,10.04,Normal
Node_4,Node_11,73,TCP,AES-256,6.7,Normal
Node_11,Node_6,862,TCP,AES-192,13.49,Normal
Node_13,Node_2,383,TCP,AES-256,12.1,Normal
Node_9,Node_15,1457,UDP,AES-128,12.46,Normal
Node_9,Node_15,1477,TCP,AES-192,7.37,Normal
Node_13,Node_9,452,UDP,AES-192,0.1,Normal
Node_13,Node_2,1489,UDP,AES-128,15.49,Normal
Node_8,Node_3,1369,TCP,AES-128,7.61,Normal
Node_16,Node_3,439,UDP,AES-128,5.69,Normal
Node_9,Node_14,647,UDP,AES-192,13.47,Normal
Node_9,Node_4,308,UDP,AES-128,8.04,Normal
Node_18,Node_16,475,TCP,AES-256,15.3,Normal
Node_16,Node_17,287,TCP,AES-128,13.09,Drop_Attack
Node_3,Node_9,956,UDP,AES-192,13.42,Normal
Node_15,Node_2,1421,TCP,AES-128,3.17,Normal
Node_2,Node_20,93,TCP,AES-192,16.06,Normal
Node_9,Node_6,781,UDP,AES-128,11.31,Normal
Node_2,Node_14,842,TCP,AES-192,8.15,Normal
Node_8,Node_6,1348,TCP,AES-192,10.72,Normal
Node_15,Node_1,966,TCP,AES-128,1.12,Normal
Node_10,Node_19,393,TCP,AES-256,12.04,Normal
Node_2,Node_5,1466,TCP,AES-192,4.85,Normal
Node_1,Node_7,722,UDP,AES-128,3.24,Replay_Attack
Node_1,Node_14,71,TCP,AES-192,2.39,Normal
Node_4,Node_9,1350,TCP,AES-256,15.56,Normal
Node_1,Node_17,1234,UDP,AES-192,6.85,Normal
Node_13,Node_16,550,UDP,AES-256,17.67,Normal
Node_15,Node_17,377,UDP,AES-256,7.32,Normal
Node_8,Node_5,651,TCP,AES-192,1.46,Normal
Node_6,Node_13,106,UDP,AES-192,4.42,Drop_Attack
Node_18,Node_8,887,TCP,AES-256,16.18,Normal
Node_13,Node_15,919,UDP,AES-256,9.22,Normal
Node_13,Node_16,808,UDP,AES-192,7.26,Normal
Node_5,Node_18,485,TCP,AES-128,10.8,Normal
Node_19,Node_7,1414,UDP,AES-192,12.51,Normal
Node_14,Node_12,1382,UDP,AES-128,15.59,Normal
Node_16,Node_4,1175,UDP,AES-192,17.24,Normal
Node_20,Node_14,168,TCP,AES-128,8.2,Normal
Node_6,Node_14,1123,UDP,AES-128,3.37,Normal
Node_1,Node_8,854,TCP,AES-192,7.93,Normal
Node_19,Node_5,1377,UDP,AES-256,11.3,Normal
Node_7,Node_5,906,UDP,AES-192,5.18,Normal
Node_5,Node_17,711,TCP,AES-256,5.21,Replay_Attack
Node_1,Node_3,742,TCP,AES-192,11.72,Normal
Node_12,Node_7,372,TCP,AES-192,9.76,Normal
Node_12,Node_11,1258,UDP,AES-192,10.16,Normal
Node_6,Node_11,685,TCP,AES-256,6.21,Normal
Node_5,Node_7,914,TCP,AES-256,8.85,Normal
Node_14,Node_6,1214,UDP,AES-256,5.38,Normal
Node_8,Node_4,1423,TCP,AES-192,14.45,Replay_Attack
Node_13,Node_17,840,UDP,AES-128,15.18,Normal
Node_19,Node_12,967,TCP,AES-192,0.77,Normal
Node_16,Node_20,768,UDP,AES-128,5.35,Normal
Node_3,Node_7,340,UDP,AES-256,2.52,Normal
Node_5,Node_4,1433,TCP,AES-256,6.75,Normal
Node_3,Node_13,1298,UDP,AES-128,9.58,Normal
Node_19,Node_14,410,UDP,AES-192,2.75,Normal
Node_9,Node_18,112,UDP,AES-192,5.39,Normal
Node_2,Node_9,1498,UDP,AES-192,4.98,Normal
Node_14,Node_11,146,UDP,AES-256,11.04,Normal
Node_15,Node_3,745,TCP,AES-128,10.35,Normal
Node_20,Node_1,1238,TCP,AES-192,6.39,Normal
Node_16,Node_13,859,TCP,AES-256,10.88,Normal
Node_13,Node_11,815,UDP,AES-192,7.27,Normal
Node_5,Node_13,599,TCP,AES-192,8.64,Normal
Node_3,Node_16,1439,TCP,AES-256,18.37,Normal
Node_17,Node_4,111,TCP,AES-128,16.7,Normal
Node_6,Node_13,197,TCP,AES-256,3.5,Normal
Node_3,Node_4,83,TCP,AES-256,14.15,Normal
Node_20,Node_3,383,UDP,AES-256,14.06,Normal
Node_4,Node_5,179,TCP,AES-128,4.26,Normal
Node_3,Node_7,251,TCP,AES-128,14.09,Normal
Node_8,Node_7,166,TCP,AES-192,17.69,Normal
Node_17,Node_7,1038,TCP,AES-256,4.39,Normal
Node_20,Node_6,1024,UDP,AES-256,5.41,Normal
Node_2,Node_16,442,TCP,AES-128,15.09,Normal
Node_7,Node_10,358,TCP,AES-256,11.36,Replay_Attack
Node_11,Node_8,396,UDP,AES-256,12.76,Normal
Node_10,Node_15,1101,UDP,AES-128,11.7,Normal
Node_12,Node_8,1150,TCP,AES-256,11.95,Normal
Node_9,Node_11,394,TCP,AES-128,3.37,Drop_Attack
Node_2,Node_15,227,UDP,AES-128,15.24,Normal
Node_3,Node_12,1268,UDP,AES-256,15.85,Normal
Node_3,Node_20,601,UDP,AES-192,8.85,Normal
Node_16,Node_12,1087,UDP,AES-192,9.78,Normal
Node_7,Node_9,1266,TCP,AES-128,2.34,Normal
Node_14,Node_16,1009,UDP,AES-192,12.57,Normal
Node_15,Node_16,376,TCP,AES-256,12.86,Normal
Node_14,Node_1,349,UDP,AES-192,9.69,Normal
Node_5,Node_14,812,TCP,AES-192,15.62,Normal
Node_6,Node_5,1278,TCP,AES-128,8.33,Drop_Attack
Node_9,Node_12,469,TCP,AES-192,12.82,Normal
Node_10,Node_19,632,TCP,AES-128,4.9,Normal
Node_16,Node_14,955,TCP,AES-192,9.88,Normal
Node_2,Node_13,281,TCP,AES-192,9.13,Normal
Node_20,Node_10,353,TCP,AES-256,11.13,Normal
Node_7,Node_15,1068,TCP,AES-192,8.15,Normal
Node_11,Node_10,1464,UDP,AES-256,9.34,Replay_Attack
Node_11,Node_13,1474,TCP,AES-192,14.13,Normal
Node_16,Node_3,100,UDP,AES-192,7.82,Normal
Node_7,Node_12,1473,TCP,AES-192,1.97,Normal
Node_16,Node_9,1200,UDP,AES-256,18.75,Normal
Node_7,Node_5,723,TCP,AES-256,16.91,Normal
Node_8,Node_9,1064,UDP,AES-128,3.54,Normal
Node_4,Node_14,367,UDP,AES-128,13.45,Normal
Node_15,Node_9,201,UDP,AES-192,7.49,Normal
Node_9,Node_5,809,TCP,AES-192,11.32,Normal
Node_1,Node_12,793,UDP,AES-256,11.47,Drop_Attack
Node_16,Node_11,1302,TCP,AES-256,8.83,Normal
Node_20,Node_4,669,TCP,AES-256,6.08,Normal
Node_17,Node_18,642,TCP,AES-192,6.55,Normal
Node_1,Node_11,598,TCP,AES-128,5.42,Normal
Node_1,Node_15,225,UDP,AES-192,5.84,Normal
Node_5,Node_16,1345,UDP,AES-256,9.66,Normal
Node_15,Node_11,284,UDP,AES-192,6.42,Normal
Node_20,Node_15,647,TCP,AES-256,13.41,Replay_Attack
Node_11,Node_19,1041,UDP,AES-128,17.44,Normal
Node_13,Node_19,116,UDP,AES-256,7.1,Normal
Node_6,Node_12,1319,TCP,AES-256,11.2,Normal
Node_19,Node_20,144,TCP,AES-256,12.5,Normal
Node_5,Node_17,194,TCP,AES-128,12.36,Normal
Node_17,Node_6,545,TCP,AES-192,10.38,Normal
Node_11,Node_3,909,UDP,AES-128,13.71,Normal
Node_18,Node_2,1138,UDP,AES-256,12.41,Normal
Node_5,Node_19,247,TCP,AES-192,3.81,Normal
Node_9,Node_8,554,TCP,AES-256,14.35,Normal
Node_1,Node_3,1380,TCP,AES-192,14.44,Replay_Attack
Node_5,Node_6,1089,UDP,AES-192,6.18,Normal
Node_13,Node_1,1108,UDP,AES-192,10.19,Blackhole_Attack
Node_18,Node_3,146,TCP,AES-256,13.42,Replay_Attack
Node_1,Node_13,229,UDP,AES-256,8.95,Normal
Node_6,Node_14,499,TCP,AES-256,15.36,Blackhole_Attack
Node_10,Node_9,1203,UDP,AES-256,21.82,Normal
Node_7,Node_10,749,TCP,AES-192,6.07,Normal
Node_13,Node_4,1396,UDP,AES-192,3.09,Blackhole_Attack
Node_17,Node_13,483,TCP,AES-128,11.52,Replay_Attack
Node_7,Node_8,1231,UDP,AES-256,13.61,Normal
Node_19,Node_10,803,UDP,AES-128,8.85,Normal
Node_8,Node_20,580,TCP,AES-256,17.27,Replay_Attack
Node_6,Node_12,486,UDP,AES-256,3.31,Normal
Node_11,Node_16,864,TCP,AES-192,13.46,Normal
Node_20,Node_10,1430,TCP,AES-128,6.97,Normal
Node_1,Node_2,1332,TCP,AES-128,18.6,Normal
Node_1,Node_11,975,UDP,AES-256,19.96,Normal
Node_6,Node_4,173,UDP,AES-128,6.17,Normal
Node_14,Node_12,219,UDP,AES-192,7.25,Normal
Node_10,Node_2,309,UDP,AES-128,14.3,Normal
Node_7,Node_4,1367,TCP,AES-192,8.06,Normal
Node_4,Node_3,544,UDP,AES-256,9.77,Normal
Node_9,Node_10,110,UDP,AES-128,10.13,Normal
Node_5,Node_8,197,UDP,AES-256,0.4,Normal
Node_2,Node_17,949,UDP,AES-192,9.93,Normal
Node_1,Node_20,154,TCP,AES-192,6.55,Normal
Node_16,Node_7,611,TCP,AES-256,7.53,Normal
Node_7,Node_9,1476,UDP,AES-128,17.22,Normal
Node_2,Node_20,955,UDP,AES-128,3.72,Normal
Node_2,Node_11,809,TCP,AES-256,14.07,Normal
Node_16,Node_19,399,UDP,AES-256,8.61,Normal
Node_18,Node_19,362,UDP,AES-256,8.6,Normal
Node_14,Node_6,1252,UDP,AES-192,13.95,Normal
Node_12,Node_10,366,UDP,AES-256,11.7,Normal
Node_12,Node_15,241,UDP,AES-128,12.85,Normal
Node_12,Node_16,987,TCP,AES-128,14.84,Normal
Node_5,Node_12,1170,TCP,AES-256,8.34,Replay_Attack
Node_13,Node_3,922,TCP,AES-256,6.94,Normal
Node_17,Node_4,1242,TCP,AES-192,4.57,Normal
Node_6,Node_9,1464,UDP,AES-192,5.87,Blackhole_Attack
Node_12,Node_19,872,UDP,AES-128,24.75,Normal
Node_14,Node_4,526,UDP,AES-128,16.22,Normal
Node_7,Node_1,1097,TCP,AES-192,3.24,Replay_Attack
Node_10,Node_8,895,UDP,AES-128,3.39,Normal
Node_4,Node_8,112,TCP,AES-128,12.41,Normal
Node_7,Node_6,1457,TCP,AES-128,12.74,Normal
Node_4,Node_15,796,UDP,AES-128,12.74,Normal
Node_10,Node_12,858,UDP,AES-128,8.73,Normal
Node_20,Node_19,1043,TCP,AES-256,9.37,Normal
Node_2,Node_17,718,UDP,AES-128,11.64,Normal
Node_16,Node_13,1167,TCP,AES-192,10.43,Normal
Node_20,Node_12,1466,UDP,AES-128,0.1,Normal
Node_16,Node_3,1036,UDP,AES-256,8.85,Replay_Attack
Node_4,Node_16,841,UDP,AES-128,5.74,Normal
Node_16,Node_2,725,UDP,AES-256,10.88,Normal
Node_15,Node_7,1320,UDP,AES-128,24.93,Replay_Attack
Node_1,Node_18,974,TCP,AES-256,11.84,Normal
Node_9,Node_20,858,TCP,AES-192,8.43,Normal
Node_17,Node_16,420,UDP,AES-192,14.61,Normal
Node_2,Node_11,1295,UDP,AES-192,12.41,Replay_Attack
Node_3,Node_8,1051,UDP,AES-128,12.1,Blackhole_Attack
Node_6,Node_14,153,UDP,AES-128,13.03,Normal
Node_19,Node_16,532,UDP,AES-256,20.28,Normal
Node_4,Node_5,400,TCP,AES-128,4.35,Normal
Node_20,Node_19,112,UDP,AES-192,12.37,Normal
Node_14,Node_1,1139,UDP,AES-256,5.37,Normal
Node_14,Node_17,132,UDP,AES-192,12.78,Normal
Node_14,Node_3,197,TCP,AES-192,5.41,Normal
Node_12,Node_17,885,TCP,AES-128,7.91,Replay_Attack
Node_6,Node_8,977,UDP,AES-256,8.52,Normal
Node_3,Node_7,1256,UDP,AES-128,14.88,Normal
Node_8,Node_7,365,UDP,AES-128,14.59,Normal
Node_13,Node_1,825,TCP,AES-256,3.77,Normal
Node_4,Node_18,1427,UDP,AES-256,10.27,Normal
Node_10,Node_5,718,TCP,AES-192,6.45,Normal
Node_7,Node_17,1043,UDP,AES-128,3.71,Drop_Attack
Node_18,Node_3,363,TCP,AES-256,8.91,Replay_Attack
Node_3,Node_20,401,TCP,AES-256,8.46,Normal
Node_12,Node_8,601,UDP,AES-128,22.13,Normal
Node_2,Node_12,872,TCP,AES-128,12.16,Normal
Node_12,Node_14,985,TCP,AES-256,3.11,Normal
Node_16,Node_18,896,TCP,AES-128,7.18,Normal
Node_10,Node_17,217,UDP,AES-256,15.11,Replay_Attack
Node_5,Node_2,820,UDP,AES-192,20.44,Normal
Node_11,Node_10,1160,UDP,AES-192,2.07,Normal
Node_16,Node_18,1062,UDP,AES-256,0.6,Normal
Node_18,Node_20,345,UDP,AES-192,19.35,Drop_Attack
Node_18,Node_17,1326,TCP,AES-192,11.95,Normal
Node_9,Node_11,1281,TCP,AES-192,5.66,Normal
Node_11,Node_8,1223,TCP,AES-192,12.67,Normal
Node_7,Node_12,1124,UDP,AES-192,0.1,Normal
Node_14,Node_7,1319,TCP,AES-256,10.02,Normal
Node_12,Node_19,1196,UDP,AES-128,11.64,Normal
Node_19,Node_17,419,TCP,AES-256,14.62,Normal
Node_10,Node_8,485,UDP,AES-128,4.93,Normal
Node_16,Node_12,567,UDP,AES-192,10.43,Normal
Node_19,Node_15,1164,UDP,AES-128,5.37,Normal
Node_3,Node_10,318,UDP,AES-256,11.28,Normal
Node_1,Node_4,450,UDP,AES-192,5.52,Normal
Node_18,Node_20,631,UDP,AES-128,7.96,Normal
Node_14,Node_17,1283,TCP,AES-192,5.02,Normal
Node_11,Node_4,350,TCP,AES-128,13.26,Normal
Node_2,Node_3,207,UDP,AES-128,14.29,Normal
Node_9,Node_5,260,UDP,AES-128,8.83,Blackhole_Attack
Node_1,Node_5,755,UDP,AES-192,10.19,Normal
Node_8,Node_9,1330,UDP,AES-256,2.76,Normal
Node_8,Node_5,111,UDP,AES-128,8.5,Normal
Node_13,Node_7,1173,TCP,AES-128,9.75,Blackhole_Attack
Node_9,Node_17,319,TCP,AES-128,23.1,Normal
Node_8,Node_9,1005,TCP,AES-128,4.44,Normal
Node_9,Node_4,70,TCP,AES-256,17.32,Normal
Node_19,Node_13,977,TCP,AES-128,14.98,Replay_Attack
Node_15,Node_16,371,UDP,AES-256,11.4,Normal
Node_1,Node_19,620,TCP,AES-256,18.79,Normal
Node_17,Node_11,723,TCP,AES-192,11.86,Normal
Node_13,Node_16,1306,TCP,AES-192,11.95,Replay_Attack
Node_13,Node_6,891,TCP,AES-128,9.73,Normal
Node_13,Node_9,573,UDP,AES-128,16.12,Normal
Node_16,Node_1,1469,TCP,AES-256,15.48,Normal
Node_15,Node_1,860,UDP,AES-192,6.87,Normal
Node_16,Node_14,976,UDP,AES-128,3.4,Normal
Node_12,Node_8,615,UDP,AES-192,8.99,Normal
Node_6,Node_9,1263,TCP,AES-128,6,Normal
Node_12,Node_2,532,TCP,AES-256,9.68,Normal
Node_3,Node_19,166,UDP,AES-128,16.19,Normal
Node_9,Node_16,369,UDP,AES-128,7.71,Normal
Node_9,Node_6,533,UDP,AES-192,9.79,Normal
Node_3,Node_9,252,TCP,AES-256,10.29,Normal
Node_6,Node_11,1186,UDP,AES-192,14.24,Normal
Node_8,Node_1,464,TCP,AES-128,0.1,Normal
Node_9,Node_6,1157,TCP,AES-192,6.97,Normal
Node_12,Node_6,376,TCP,AES-128,11.06,Normal
Node_11,Node_6,621,TCP,AES-256,16,Normal
Node_2,Node_14,340,TCP,AES-128,7.54,Normal
Node_5,Node_9,1311,UDP,AES-256,0.62,Normal
Node_15,Node_8,995,TCP,AES-256,13.1,Replay_Attack
Node_20,Node_2,201,UDP,AES-128,6.82,Drop_Attack
Node_16,Node_13,1191,UDP,AES-256,4.05,Normal
Node_17,Node_12,1304,UDP,AES-192,6.88,Normal
Node_14,Node_6,1094,UDP,AES-128,9.08,Normal
Node_7,Node_3,1292,UDP,AES-192,6.98,Drop_Attack
Node_10,Node_13,112,UDP,AES-192,0.1,Normal
Node_1,Node_8,955,TCP,AES-192,14.49,Normal
Node_5,Node_11,875,TCP,AES-128,16.37,Replay_Attack
Node_9,Node_17,881,UDP,AES-256,13.26,Normal
Node_7,Node_16,331,UDP,AES-128,4.31,Normal
Node_5,Node_4,669,UDP,AES-128,8.99,Normal
Node_13,Node_15,223,UDP,AES-192,9.97,Normal
Node_18,Node_16,146,UDP,AES-128,12.99,Normal
Node_7,Node_11,1101,TCP,AES-128,13.34,Normal
Node_5,Node_19,616,TCP,AES-128,6.33,Normal
Node_17,Node_12,113,UDP,AES-192,10.41,Normal
Node_20,Node_15,774,UDP,AES-192,12.29,Normal
Node_17,Node_20,316,UDP,AES-192,17.28,Normal
Node_17,Node_2,1428,TCP,AES-128,13.52,Normal
Node_13,Node_11,1416,UDP,AES-256,13.95,Normal
Node_9,Node_5,355,TCP,AES-128,10.42,Normal
Node_9,Node_14,515,TCP,AES-128,17.05,Normal
Node_5,Node_8,920,TCP,AES-192,12.05,Normal
Node_5,Node_15,1184,UDP,AES-128,5.69,Replay_Attack
Node_2,Node_10,1052,TCP,AES-128,17.02,Normal
Node_6,Node_17,297,TCP,AES-256,13.49,Normal
Node_11,Node_13,1024,UDP,AES-256,7.78,Normal
Node_11,Node_12,1142,TCP,AES-256,7.6,Normal
Node_19,Node_17,1461,UDP,AES-256,11.48,Normal
Node_8,Node_9,109,UDP,AES-192,12.32,Normal
Node_17,Node_10,1085,UDP,AES-128,10.99,Normal
Node_10,Node_9,282,TCP,AES-256,11.56,Normal
Node_8,Node_9,1014,TCP,AES-128,18.5,Normal
Node_17,Node_12,909,UDP,AES-192,15.36,Normal
Node_10,Node_3,560,TCP,AES-256,10.95,Normal
Node_3,Node_12,180,UDP,AES-192,14.71,Normal
Node_5,Node_15,1033,TCP,AES-192,4.84,Normal
Node_4,Node_11,546,UDP,AES-192,11.99,Normal
Node_13,Node_20,502,UDP,AES-192,19.05,Normal
Node_10,Node_8,1314,TCP,AES-192,8.91,Normal
Node_11,Node_20,835,TCP,AES-128,5.76,Blackhole_Attack
Node_18,Node_14,1072,TCP,AES-256,6.74,Normal
Node_2,Node_1,1029,TCP,AES-128,4.55,Drop_Attack
Node_12,Node_20,243,TCP,AES-128,6.08,Normal
Node_11,Node_4,143,TCP,AES-128,8.15,Normal
Node_7,Node_6,864,UDP,AES-128,2.97,Normal
Node_10,Node_18,210,UDP,AES-128,10.08,Blackhole_Attack
Node_6,Node_18,260,UDP,AES-256,14.51,Normal
Node_10,Node_2,869,UDP,AES-256,5.46,Normal
Node_16,Node_15,798,UDP,AES-192,17.6,Normal
Node_13,Node_15,545,UDP,AES-256,12.55,Normal
Node_8,Node_16,368,TCP,AES-128,15.15,Blackhole_Attack
Node_5,Node_4,983,TCP,AES-128,6.71,Normal
Node_10,Node_12,1472,UDP,AES-256,14.27,Normal
Node_16,Node_14,903,TCP,AES-256,4.54,Normal
Node_18,Node_20,683,TCP,AES-192,14.45,Normal
Node_12,Node_6,864,TCP,AES-192,10.86,Replay_Attack
Node_9,Node_14,446,UDP,AES-192,12.77,Normal
Node_13,Node_11,984,TCP,AES-192,4.12,Normal
Node_14,Node_11,1224,TCP,AES-128,5.52,Normal
Node_6,Node_10,915,TCP,AES-192,12.99,Normal
Node_11,Node_5,150,TCP,AES-128,5.26,Normal
Node_16,Node_9,478,TCP,AES-192,12.32,Replay_Attack
Node_11,Node_13,754,TCP,AES-128,3.16,Normal
Node_17,Node_7,496,TCP,AES-192,14.24,Normal
Node_17,Node_9,1151,UDP,AES-256,3.84,Normal
Node_20,Node_7,954,TCP,AES-192,12.76,Normal
Node_19,Node_18,658,UDP,AES-128,13.13,Normal
Node_1,Node_15,1270,TCP,AES-192,6.52,Normal
Node_14,Node_16,1310,TCP,AES-192,12.91,Normal
Node_8,Node_16,606,UDP,AES-256,11.3,Normal
Node_8,Node_20,584,UDP,AES-192,7.31,Replay_Attack
Node_15,Node_8,877,TCP,AES-192,4.96,Replay_Attack
Node_9,Node_19,1183,UDP,AES-128,0.19,Normal
Node_10,Node_2,1081,TCP,AES-256,11.75,Normal
Node_10,Node_4,544,UDP,AES-256,2.18,Normal
Node_6,Node_19,1407,TCP,AES-128,10.48,Normal
Node_3,Node_12,1388,TCP,AES-192,8.68,Replay_Attack
Node_9,Node_6,1410,UDP,AES-256,13.4,Normal
Node_6,Node_15,481,TCP,AES-192,8.49,Drop_Attack
Node_18,Node_19,1372,TCP,AES-128,8.35,Normal
Node_4,Node_1,554,TCP,AES-192,13.66,Normal
Node_4,Node_16,755,TCP,AES-256,11.68,Normal
Node_18,Node_15,1110,TCP,AES-192,11.58,Normal
Node_9,Node_3,793,TCP,AES-192,12.35,Normal
Node_7,Node_19,576,TCP,AES-256,2.32,Normal
Node_3,Node_4,396,TCP,AES-192,13.78,Normal
Node_18,Node_7,1044,UDP,AES-128,13.06,Normal
Node_13,Node_15,276,UDP,AES-128,4.92,Normal
Node_20,Node_16,1264,TCP,AES-256,8.78,Normal
Node_16,Node_19,1001,UDP,AES-192,9.8,Normal
Node_7,Node_2,138,UDP,AES-128,9.33,Drop_Attack
Node_12,Node_11,915,TCP,AES-192,11.67,Normal
Node_3,Node_6,260,TCP,AES-256,17.16,Drop_Attack
Node_18,Node_11,309,TCP,AES-256,15.41,Normal
Node_10,Node_19,935,UDP,AES-128,3.44,Normal
Node_2,Node_11,1425,TCP,AES-256,13.11,Normal
Node_13,Node_5,638,UDP,AES-192,16.64,Normal
Node_17,Node_12,217,UDP,AES-192,11.93,Normal
Node_14,Node_1,117,UDP,AES-192,15.45,Normal
Node_3,Node_6,1139,TCP,AES-192,20.06,Drop_Attack
Node_11,Node_4,438,TCP,AES-256,15.12,Normal
Node_8,Node_2,630,UDP,AES-256,11.25,Normal
Node_3,Node_19,1246,UDP,AES-256,15.23,Normal
Node_4,Node_14,147,UDP,AES-192,10.72,Drop_Attack
Node_2,Node_6,204,TCP,AES-256,10.12,Drop_Attack
Node_12,Node_14,1173,TCP,AES-192,8.24,Normal
Node_18,Node_8,231,UDP,AES-128,17.82,Normal
Node_19,Node_4,1355,TCP,AES-192,5.91,Normal
Node_5,Node_7,1461,TCP,AES-192,17.66,Blackhole_Attack
Node_19,Node_7,1072,TCP,AES-128,12.5,Normal
Node_20,Node_13,458,UDP,AES-192,3,Blackhole_Attack
Node_19,Node_10,615,TCP,AES-256,11.84,Normal
Node_4,Node_15,586,UDP,AES-128,0.1,Normal
Node_13,Node_20,455,UDP,AES-256,13.13,Replay_Attack
Node_19,Node_4,1438,TCP,AES-128,14.43,Normal
Node_8,Node_9,159,TCP,AES-256,7.04,Normal
Node_7,Node_10,294,TCP,AES-256,10.62,Normal
Node_4,Node_1,910,TCP,AES-192,19.77,Normal
Node_5,Node_6,1391,TCP,AES-192,7.47,Normal
Node_14,Node_13,1414,UDP,AES-192,4.71,Normal
Node_5,Node_8,861,UDP,AES-128,17.41,Normal
Node_8,Node_17,1065,UDP,AES-192,19.81,Replay_Attack
Node_6,Node_2,186,UDP,AES-256,10.02,Normal
Node_14,Node_4,652,TCP,AES-192,15.06,Normal
Node_14,Node_1,1033,TCP,AES-256,16.71,Normal
Node_10,Node_8,984,TCP,AES-256,6.29,Normal
Node_16,Node_13,616,TCP,AES-192,7.57,Normal
Node_5,Node_1,544,UDP,AES-192,16.15,Normal
Node_18,Node_17,1378,TCP,AES-128,18.43,Normal
Node_12,Node_18,585,TCP,AES-192,12.81,Normal
Node_17,Node_10,890,TCP,AES-128,5.6,Normal
Node_4,Node_9,643,UDP,AES-128,19.94,Normal
Node_18,Node_20,1149,TCP,AES-256,7.35,Normal
Node_17,Node_1,369,TCP,AES-192,8.32,Normal
Node_18,Node_14,1227,UDP,AES-128,11.71,Normal
Node_6,Node_4,691,UDP,AES-192,17.77,Normal
Node_9,Node_20,472,UDP,AES-256,14.27,Normal
Node_20,Node_19,1219,UDP,AES-128,12.07,Normal
Node_20,Node_7,565,UDP,AES-128,12.32,Normal
Node_12,Node_17,557,UDP,AES-192,10.22,Normal
Node_18,Node_1,1476,TCP,AES-128,12.79,Normal
Node_5,Node_9,905,TCP,AES-128,0.1,Normal
Node_18,Node_3,274,UDP,AES-256,8.52,Blackhole_Attack
Node_12,Node_4,138,UDP,AES-128,11.21,Normal
Node_14,Node_4,638,UDP,AES-128,4.24,Replay_Attack
Node_3,Node_10,1289,TCP,AES-128,11.93,Normal
Node_9,Node_19,406,TCP,AES-192,8.98,Normal
Node_7,Node_15,741,TCP,AES-128,18.78,Normal
Node_8,Node_20,632,TCP,AES-192,17.87,Normal
Node_12,Node_16,1203,TCP,AES-128,7.67,Normal
Node_19,Node_1,1430,UDP,AES-128,9.25,Normal
Node_6,Node_9,156,TCP,AES-128,9.63,Normal
Node_7,Node_5,668,UDP,AES-128,7.74,Normal
Node_8,Node_5,128,TCP,AES-256,10.98,Normal
Node_7,Node_13,1348,UDP,AES-256,6.21,Normal
Node_3,Node_7,1034,UDP,AES-128,4.35,Normal
Node_2,Node_19,422,UDP,AES-128,13.11,Replay_Attack
Node_5,Node_15,286,UDP,AES-128,13.15,Normal
Node_6,Node_10,1129,UDP,AES-192,5.98,Normal
Node_20,Node_18,1416,TCP,AES-192,14.48,Normal
Node_20,Node_15,635,UDP,AES-192,6.84,Normal
Node_1,Node_8,895,UDP,AES-192,11.27,Normal
Node_15,Node_3,1254,TCP,AES-256,14.1,Replay_Attack
Node_18,Node_4,1211,UDP,AES-192,9.83,Normal
Node_19,Node_5,172,TCP,AES-256,12.27,Normal
Node_5,Node_9,167,TCP,AES-128,7.42,Normal
Node_3,Node_12,1139,TCP,AES-192,9.02,Normal
Node_18,Node_5,429,TCP,AES-192,8.97,Normal
Node_7,Node_5,515,TCP,AES-256,6.27,Drop_Attack
Node_18,Node_3,723,UDP,AES-128,9.12,Normal
Node_11,Node_1,131,TCP,AES-128,2.26,Normal
Node_1,Node_2,235,UDP,AES-128,7.54,Normal
Node_19,Node_3,233,TCP,AES-192,8.58,Normal
Node_4,Node_16,1167,UDP,AES-128,8.72,Normal
Node_20,Node_1,370,UDP,AES-192,8.79,Normal
Node_4,Node_18,1386,UDP,AES-192,9.69,Normal
Node_3,Node_19,366,UDP,AES-192,12.4,Normal
Node_3,Node_6,423,UDP,AES-256,14.37,Normal
Node_2,Node_12,841,UDP,AES-128,6.75,Normal
Node_15,Node_1,154,TCP,AES-128,3.98,Normal
Node_8,Node_14,771,UDP,AES-128,4.79,Normal
Node_17,Node_9,1149,TCP,AES-192,7.56,Normal
Node_4,Node_9,909,TCP,AES-192,8.24,Normal
Node_11,Node_13,1418,TCP,AES-192,6.15,Normal
Node_6,Node_20,832,TCP,AES-256,3.52,Normal
Node_16,Node_2,896,TCP,AES-128,7.72,Normal
Node_20,Node_18,1006,UDP,AES-128,10.91,Normal
Node_17,Node_6,321,TCP,AES-128,12.98,Normal
Node_2,Node_5,866,UDP,AES-256,7.21,Blackhole_Attack
Node_1,Node_10,1345,UDP,AES-256,7.94,Normal
Node_16,Node_17,573,TCP,AES-192,5.37,Normal
Node_7,Node_18,1390,TCP,AES-192,9.84,Normal
Node_5,Node_3,353,UDP,AES-256,5.76,Normal
Node_6,Node_18,1234,UDP,AES-192,12.87,Normal
Node_1,Node_9,923,TCP,AES-192,1.07,Normal
Node_17,Node_14,502,TCP,AES-192,8.2,Normal
Node_9,Node_3,1010,TCP,AES-192,11.51,Normal
Node_13,Node_6,790,UDP,AES-192,10.92,Normal
Node_2,Node_7,889,TCP,AES-256,23.47,Normal
Node_11,Node_19,1463,TCP,AES-192,11.75,Normal
Node_1,Node_4,1026,UDP,AES-192,4.98,Normal
Node_9,Node_11,1114,TCP,AES-128,9.52,Normal
Node_12,Node_8,1202,TCP,AES-192,1.12,Normal
Node_5,Node_16,1313,TCP,AES-256,9.6,Normal
Node_2,Node_11,1470,TCP,AES-192,5.83,Normal
Node_7,Node_8,791,TCP,AES-256,14.58,Normal
Node_11,Node_4,872,TCP,AES-128,7.25,Normal
Node_3,Node_5,1292,UDP,AES-256,9.42,Normal
Node_4,Node_19,162,TCP,AES-128,6.82,Normal
Node_7,Node_17,507,TCP,AES-192,18.69,Normal
Node_8,Node_2,896,TCP,AES-256,8.39,Replay_Attack
Node_20,Node_17,1081,UDP,AES-192,19.16,Blackhole_Attack
Node_18,Node_17,81,TCP,AES-128,14.07,Normal
Node_1,Node_2,1264,TCP,AES-192,12.41,Normal
Node_4,Node_19,325,TCP,AES-128,11.84,Normal
Node_11,Node_17,1368,UDP,AES-192,11.97,Normal
Node_20,Node_4,914,TCP,AES-256,0.36,Normal
Node_13,Node_12,1312,UDP,AES-128,8.61,Normal
Node_3,Node_11,1300,TCP,AES-128,14.23,Normal
Node_19,Node_10,286,UDP,AES-128,9.76,Normal
Node_17,Node_16,766,TCP,AES-256,2.97,Drop_Attack
Node_6,Node_8,1306,TCP,AES-128,9.74,Normal
Node_9,Node_12,755,UDP,AES-128,18.52,Replay_Attack
Node_10,Node_5,1128,UDP,AES-256,16.23,Drop_Attack
Node_11,Node_8,1072,UDP,AES-192,9.69,Normal
Node_2,Node_18,1484,TCP,AES-128,14.76,Normal
Node_14,Node_1,150,TCP,AES-128,8.17,Normal
Node_7,Node_13,863,UDP,AES-256,1.48,Replay_Attack
Node_15,Node_3,720,TCP,AES-128,5.38,Normal
Node_7,Node_10,761,UDP,AES-128,17.81,Normal
Node_17,Node_19,439,UDP,AES-256,8.63,Blackhole_Attack
Node_14,Node_19,1383,TCP,AES-256,8.78,Normal
Node_17,Node_9,658,TCP,AES-128,8.5,Normal
Node_18,Node_1,1144,UDP,AES-128,19.52,Normal
Node_8,Node_17,1430,TCP,AES-192,18.13,Replay_Attack
Node_20,Node_4,173,TCP,AES-256,21.09,Normal
Node_1,Node_3,1103,UDP,AES-256,9.2,Normal
Node_3,Node_11,649,TCP,AES-128,11.48,Normal
Node_15,Node_9,1257,TCP,AES-192,2.42,Normal
Node_19,Node_14,1342,UDP,AES-256,17.38,Normal
Node_18,Node_15,247,UDP,AES-128,4.16,Normal
Node_12,Node_20,850,TCP,AES-128,11.08,Normal
Node_4,Node_11,107,UDP,AES-256,4.51,Normal
Node_7,Node_6,453,TCP,AES-128,7.06,Normal
Node_8,Node_11,353,UDP,AES-192,5.81,Normal
Node_2,Node_15,1338,TCP,AES-256,6.96,Normal
Node_13,Node_4,1000,UDP,AES-128,7.3,Normal
Node_6,Node_8,697,TCP,AES-256,7.26,Normal
Node_11,Node_13,1395,TCP,AES-256,14.17,Blackhole_Attack
Node_10,Node_1,769,UDP,AES-256,4.48,Replay_Attack
Node_19,Node_14,763,TCP,AES-256,11.1,Normal
Node_5,Node_14,1273,UDP,AES-256,16.09,Normal
Node_14,Node_9,255,UDP,AES-256,7.43,Normal
Node_14,Node_3,507,TCP,AES-256,6.41,Normal
Node_14,Node_4,1440,TCP,AES-128,8.85,Normal
Node_11,Node_20,753,TCP,AES-192,15.9,Normal
Node_9,Node_14,1172,TCP,AES-128,10.97,Normal
Node_10,Node_18,620,TCP,AES-128,7.34,Normal
Node_6,Node_17,522,TCP,AES-128,12.42,Normal
Node_17,Node_14,1293,UDP,AES-192,4.49,Replay_Attack
Node_13,Node_18,477,TCP,AES-128,13.41,Normal
Node_20,Node_11,116,TCP,AES-128,12.04,Normal
Node_2,Node_10,228,UDP,AES-256,8.46,Normal
Node_11,Node_2,992,UDP,AES-128,5.81,Normal
Node_17,Node_7,1256,UDP,AES-256,5.57,Normal
Node_5,Node_2,818,TCP,AES-256,12.67,Normal
Node_1,Node_17,966,UDP,AES-256,16.14,Normal
Node_6,Node_2,983,TCP,AES-256,6.81,Normal
Node_14,Node_5,1285,TCP,AES-192,12.29,Replay_Attack
Node_16,Node_17,851,TCP,AES-128,0.1,Normal
Node_20,Node_3,603,TCP,AES-192,7.08,Normal
Node_18,Node_9,201,TCP,AES-128,9.84,Normal
Node_8,Node_3,335,UDP,AES-192,5.45,Normal
Node_6,Node_8,770,UDP,AES-128,5.32,Normal
Node_3,Node_16,85,TCP,AES-128,6.66,Normal
Node_3,Node_7,64,UDP,AES-128,11.46,Normal
Node_14,Node_8,1115,UDP,AES-128,9.06,Normal
Node_18,Node_20,770,UDP,AES-128,0.1,Normal
Node_15,Node_3,1431,UDP,AES-192,0.1,Normal
Node_2,Node_7,1249,UDP,AES-128,6.97,Drop_Attack
Node_2,Node_5,947,UDP,AES-192,12.29,Normal
Node_8,Node_16,483,UDP,AES-128,0.1,Normal
Node_18,Node_4,354,UDP,AES-256,7.5,Normal
Node_17,Node_6,446,TCP,AES-128,7.37,Normal
Node_3,Node_17,1270,TCP,AES-128,16.94,Normal
Node_9,Node_18,923,TCP,AES-256,8.07,Normal
Node_16,Node_15,542,UDP,AES-128,11.91,Normal
Node_18,Node_8,299,TCP,AES-256,10.71,Normal
Node_11,Node_15,123,UDP,AES-128,0.1,Normal
Node_15,Node_1,1073,UDP,AES-192,13.84,Normal
Node_4,Node_16,1043,TCP,AES-192,11.08,Normal
Node_16,Node_8,893,TCP,AES-128,12.54,Normal
Node_1,Node_14,1171,TCP,AES-128,29.63,Normal
Node_6,Node_7,522,UDP,AES-192,0.1,Normal
Node_3,Node_14,1454,UDP,AES-128,18.62,Normal
Node_18,Node_15,278,UDP,AES-192,8.56,Normal
Node_3,Node_18,1397,TCP,AES-128,11.44,Normal
Node_5,Node_12,1226,UDP,AES-192,9.77,Normal
Node_2,Node_19,1273,UDP,AES-128,7.88,Normal
Node_20,Node_18,655,TCP,AES-128,7.15,Replay_Attack
Node_2,Node_9,1420,UDP,AES-256,11.65,Normal
Node_9,Node_18,661,TCP,AES-192,2.41,Normal
Node_11,Node_18,1197,TCP,AES-256,13.75,Drop_Attack
Node_18,Node_17,1001,TCP,AES-256,7.92,Normal
Node_3,Node_13,430,TCP,AES-256,4.35,Normal
Node_13,Node_17,465,TCP,AES-128,7.75,Normal
Node_15,Node_9,843,TCP,AES-256,16.29,Blackhole_Attack
Node_15,Node_17,1314,UDP,AES-192,7.32,Normal
Node_20,Node_19,957,UDP,AES-256,11.79,Normal
Node_5,Node_12,1121,TCP,AES-192,6.35,Normal
Node_2,Node_19,715,TCP,AES-192,13.79,Normal
Node_8,Node_13,170,UDP,AES-128,13.43,Normal
Node_12,Node_14,844,UDP,AES-256,19.24,Normal
Node_2,Node_1,1442,TCP,AES-128,9.12,Normal
Node_18,Node_6,765,UDP,AES-192,13.34,Normal
Node_17,Node_13,1007,UDP,AES-128,10.49,Blackhole_Attack
Node_8,Node_5,1463,UDP,AES-192,16.48,Normal
Node_8,Node_7,1182,TCP,AES-192,6.41,Normal
Node_9,Node_3,1465,UDP,AES-128,13.73,Normal
Node_11,Node_17,428,UDP,AES-192,9.03,Normal
Node_19,Node_6,890,TCP,AES-256,9.68,Normal
Node_17,Node_12,273,TCP,AES-256,10.46,Blackhole_Attack
Node_12,Node_1,1386,UDP,AES-256,11.26,Normal
Node_13,Node_19,728,TCP,AES-256,9.42,Normal
Node_16,Node_10,599,TCP,AES-128,11.07,Normal
Node_20,Node_4,1447,TCP,AES-128,17.89,Normal
Node_20,Node_16,401,TCP,AES-128,14.93,Normal
Node_11,Node_20,547,UDP,AES-128,14.35,Drop_Attack
Node_10,Node_3,730,UDP,AES-192,7.72,Drop_Attack
Node_7,Node_6,813,TCP,AES-192,5.55,Normal
Node_17,Node_4,551,UDP,AES-192,14.78,Normal
Node_2,Node_1,1335,UDP,AES-128,14.38,Normal
Node_4,Node_11,242,TCP,AES-192,17.36,Normal
Node_13,Node_18,313,UDP,AES-256,6.98,Blackhole_Attack
Node_16,Node_1,620,UDP,AES-128,8.85,Normal
Node_17,Node_18,1206,UDP,AES-192,1.8,Normal
Node_5,Node_12,1205,UDP,AES-192,8.04,Drop_Attack
Node_19,Node_17,914,UDP,AES-256,14.98,Normal
Node_10,Node_6,347,UDP,AES-256,7.67,Normal
Node_11,Node_9,1172,UDP,AES-256,13.2,Normal
Node_12,Node_11,1320,UDP,AES-128,9.05,Normal
Node_10,Node_4,233,UDP,AES-192,11.62,Replay_Attack
Node_2,Node_6,692,UDP,AES-256,4.26,Normal
Node_8,Node_3,548,TCP,AES-256,10.43,Normal
Node_4,Node_12,713,TCP,AES-128,0.1,Drop_Attack
Node_17,Node_7,1361,UDP,AES-256,9.07,Normal
Node_4,Node_11,685,UDP,AES-256,1.85,Normal
Node_13,Node_14,1265,UDP,AES-128,16.03,Normal
Node_8,Node_15,983,UDP,AES-256,13.89,Normal
Node_14,Node_5,77,TCP,AES-192,12.33,Normal
Node_6,Node_13,653,TCP,AES-128,17.61,Normal
Node_6,Node_19,280,TCP,AES-128,5.26,Normal
Node_5,Node_8,1306,TCP,AES-256,18.74,Drop_Attack
Node_2,Node_14,80,TCP,AES-256,14.66,Normal
Node_9,Node_17,391,TCP,AES-256,8.82,Normal
Node_12,Node_1,1154,TCP,AES-192,15.68,Normal
Node_3,Node_16,426,TCP,AES-192,4.47,Normal
Node_11,Node_9,807,UDP,AES-192,5.88,Replay_Attack
Node_2,Node_12,355,TCP,AES-256,6.96,Normal
Node_15,Node_13,1410,TCP,AES-256,7.36,Replay_Attack
Node_6,Node_16,311,UDP,AES-128,4.72,Blackhole_Attack
Node_15,Node_7,1220,TCP,AES-128,16.12,Normal
Node_6,Node_5,1244,TCP,AES-256,8.71,Normal
Node_6,Node_4,938,UDP,AES-256,11.76,Normal
Node_3,Node_11,547,TCP,AES-128,7.15,Normal
Node_11,Node_13,564,TCP,AES-192,0.9,Normal
Node_10,Node_9,919,TCP,AES-192,11.35,Normal
Node_15,Node_17,512,TCP,AES-192,0.44,Normal
Node_1,Node_20,745,UDP,AES-192,9.66,Normal
Node_16,Node_4,433,UDP,AES-256,3.16,Normal
Node_19,Node_15,69,TCP,AES-256,19.94,Normal
Node_3,Node_7,177,UDP,AES-128,14.56,Normal
Node_20,Node_15,1143,UDP,AES-256,10.53,Drop_Attack
Node_11,Node_5,1250,TCP,AES-128,16.32,Blackhole_Attack
Node_4,Node_6,810,UDP,AES-256,5.77,Normal
Node_2,Node_19,449,TCP,AES-128,12.72,Normal
Node_9,Node_19,1065,UDP,AES-256,11,Normal
Node_19,Node_15,779,TCP,AES-256,11.32,Normal
Node_12,Node_18,795,TCP,AES-128,16.36,Normal
Node_13,Node_2,146,TCP,AES-128,13.66,Normal
Node_10,Node_8,858,TCP,AES-256,11.44,Normal
Node_19,Node_11,288,UDP,AES-128,1.73,Normal
Node_6,Node_8,1232,TCP,AES-128,5.2,Normal
Node_19,Node_6,1265,UDP,AES-256,9.39,Drop_Attack
Node_9,Node_18,458,TCP,AES-256,10.47,Normal
Node_1,Node_20,915,UDP,AES-128,4.35,Normal
Node_19,Node_16,254,TCP,AES-128,22.06,Normal
Node_5,Node_6,300,TCP,AES-128,17.58,Blackhole_Attack
Node_15,Node_14,1019,TCP,AES-128,13.01,Blackhole_Attack
Node_4,Node_5,847,UDP,AES-128,10.36,Replay_Attack
Node_20,Node_2,978,TCP,AES-256,8.94,Normal
Node_17,Node_15,573,TCP,AES-256,5.24,Normal
Node_7,Node_2,665,TCP,AES-192,10.39,Normal
Node_7,Node_19,91,TCP,AES-192,11.29,Normal
Node_10,Node_18,276,TCP,AES-192,3.79,Normal
Node_3,Node_11,110,UDP,AES-256,11.67,Normal
Node_11,Node_1,1244,UDP,AES-128,9.22,Normal
Node_10,Node_14,327,TCP,AES-256,0.46,Normal
Node_12,Node_13,843,TCP,AES-256,5.7,Normal
Node_1,Node_8,1429,UDP,AES-128,7.93,Normal
Node_19,Node_16,98,TCP,AES-128,19.44,Normal
Node_4,Node_6,628,TCP,AES-192,12.78,Normal
Node_18,Node_11,1169,UDP,AES-192,3.32,Normal
Node_5,Node_8,119,UDP,AES-128,12.43,Normal
Node_5,Node_1,352,UDP,AES-128,2.26,Normal
Node_12,Node_6,1045,TCP,AES-256,15.41,Normal
Node_2,Node_7,1290,TCP,AES-192,7.64,Normal
Node_3,Node_15,936,TCP,AES-192,9.53,Normal
Node_5,Node_11,1151,TCP,AES-192,16.63,Normal
Node_6,Node_1,518,UDP,AES-128,3.56,Normal
Node_4,Node_1,1325,UDP,AES-192,3.01,Normal
Node_19,Node_15,818,UDP,AES-192,7.08,Normal
Node_12,Node_16,1272,UDP,AES-192,15.19,Normal
Node_6,Node_9,578,UDP,AES-128,2.4,Drop_Attack
Node_1,Node_5,154,TCP,AES-128,0.1,Normal
Node_17,Node_4,143,TCP,AES-128,7.74,Normal
Node_14,Node_19,534,TCP,AES-192,12.76,Normal
Node_3,Node_17,395,UDP,AES-256,16,Replay_Attack
Node_12,Node_16,283,TCP,AES-256,7.68,Blackhole_Attack
Node_11,Node_2,1013,TCP,AES-128,7.94,Normal
Node_14,Node_16,272,TCP,AES-128,15.77,Normal
Node_8,Node_12,227,TCP,AES-192,0.65,Normal
Node_17,Node_9,1071,UDP,AES-128,8.06,Normal
Node_6,Node_4,466,TCP,AES-128,10.95,Normal
Node_6,Node_13,1152,UDP,AES-192,12.25,Normal
Node_14,Node_9,1080,TCP,AES-128,7.45,Replay_Attack
Node_7,Node_14,384,UDP,AES-192,10.17,Normal
Node_13,Node_15,368,TCP,AES-192,0.1,Normal
Node_17,Node_8,347,UDP,AES-128,6.71,Drop_Attack
Node_14,Node_4,700,UDP,AES-256,12.27,Normal
Node_3,Node_5,167,UDP,AES-256,5.09,Normal
Node_15,Node_4,580,TCP,AES-128,10.29,Normal
Node_9,Node_20,547,TCP,AES-256,12.23,Normal
Node_9,Node_20,70,UDP,AES-128,8.29,Normal
Node_3,Node_12,416,TCP,AES-192,10.85,Normal
Node_17,Node_2,1271,UDP,AES-256,5.19,Normal
Node_16,Node_13,1305,UDP,AES-256,8.97,Normal
Node_3,Node_8,1012,UDP,AES-256,13.05,Drop_Attack
Node_18,Node_10,273,UDP,AES-192,10.78,Normal
Node_5,Node_8,1057,UDP,AES-128,7.07,Normal
Node_19,Node_9,572,TCP,AES-128,11.12,Normal
Node_14,Node_6,495,UDP,AES-256,13.57,Normal
Node_4,Node_16,94,TCP,AES-256,0.1,Normal
Node_9,Node_6,946,TCP,AES-128,15.8,Normal
Node_2,Node_18,1007,TCP,AES-128,8.32,Replay_Attack
Node_1,Node_10,258,TCP,AES-128,12.13,Normal
Node_20,Node_19,1114,UDP,AES-128,15.99,Normal
Node_3,Node_16,109,UDP,AES-256,3.14,Normal
Node_3,Node_19,881,UDP,AES-192,6.45,Normal
Node_6,Node_4,988,UDP,AES-256,8.56,Normal
Node_8,Node_20,965,UDP,AES-192,6.08,Normal
Node_18,Node_6,190,TCP,AES-192,18.67,Normal
Node_14,Node_17,719,UDP,AES-256,5.72,Replay_Attack
Node_13,Node_20,238,UDP,AES-256,7.22,Normal
Node_3,Node_7,1110,UDP,AES-256,11.02,Normal
Node_9,Node_6,1292,UDP,AES-256,3.99,Normal
Node_5,Node_16,867,UDP,AES-256,8.02,Normal
Node_9,Node_2,1269,UDP,AES-128,11.59,Normal
Node_9,Node_3,1253,UDP,AES-128,8.34,Normal
Node_2,Node_17,1194,TCP,AES-128,9.53,Normal
Node_18,Node_19,523,UDP,AES-256,7.35,Normal
Node_4,Node_16,1253,UDP,AES-128,2.43,Normal
Node_2,Node_15,1374,UDP,AES-256,11.61,Normal
Node_18,Node_8,606,UDP,AES-128,18.77,Normal
Node_17,Node_10,374,TCP,AES-192,10.09,Blackhole_Attack
Node_13,Node_5,391,UDP,AES-256,11.13,Normal
Node_14,Node_9,1175,TCP,AES-128,13.46,Normal
Node_19,Node_8,608,UDP,AES-256,3.65,Normal
Node_8,Node_2,956,TCP,AES-192,18.51,Normal
Node_5,Node_18,975,TCP,AES-192,11.01,Replay_Attack
Node_3,Node_8,295,TCP,AES-192,18.16,Normal
Node_20,Node_6,482,UDP,AES-128,6.33,Normal
Node_16,Node_14,64,UDP,AES-128,19.09,Normal
Node_2,Node_10,721,TCP,AES-192,13.88,Normal
Node_1,Node_7,801,UDP,AES-192,12.77,Normal
Node_9,Node_4,1326,TCP,AES-192,11.17,Normal
Node_2,Node_8,1491,UDP,AES-192,8.76,Blackhole_Attack
Node_3,Node_17,1055,TCP,AES-256,16,Drop_Attack
Node_19,Node_18,1355,TCP,AES-256,10.7,Normal
Node_1,Node_14,1009,TCP,AES-128,0.16,Normal
Node_15,Node_9,911,TCP,AES-128,4.41,Normal
Node_20,Node_6,871,UDP,AES-192,9.07,Normal
Node_20,Node_18,1328,TCP,AES-256,11.55,Normal
Node_13,Node_19,965,UDP,AES-256,9.72,Normal
Node_10,Node_3,734,UDP,AES-256,16.09,Normal
Node_11,Node_2,290,TCP,AES-256,0.24,Blackhole_Attack
Node_2,Node_17,803,TCP,AES-256,10.72,Normal
Node_2,Node_13,296,TCP,AES-192,0.91,Blackhole_Attack
Node_8,Node_19,1201,UDP,AES-128,13.8,Normal
Node_8,Node_15,1390,TCP,AES-128,9.53,Normal
Node_9,Node_12,826,TCP,AES-192,12.1,Normal
Node_2,Node_1,1280,UDP,AES-128,5.68,Normal
Node_19,Node_9,430,TCP,AES-192,16.4,Normal
Node_13,Node_9,1204,UDP,AES-192,15.21,Normal
Node_2,Node_12,956,UDP,AES-128,12.92,Drop_Attack
Node_12,Node_17,971,UDP,AES-256,9.35,Normal
Node_19,Node_15,695,UDP,AES-128,12.9,Normal
Node_17,Node_1,934,TCP,AES-128,6.47,Normal
Node_12,Node_9,892,UDP,AES-128,14.28,Normal
Node_6,Node_15,753,UDP,AES-128,18.25,Blackhole_Attack
Node_20,Node_12,532,TCP,AES-128,15.35,Normal
Node_14,Node_6,446,TCP,AES-128,6.35,Normal
Node_6,Node_16,940,UDP,AES-256,11.81,Normal
Node_10,Node_14,339,UDP,AES-256,3.53,Replay_Attack
Node_6,Node_10,268,TCP,AES-192,12.86,Normal
Node_17,Node_9,1156,UDP,AES-128,12.25,Blackhole_Attack
Node_16,Node_20,1121,UDP,AES-192,0.65,Normal
Node_18,Node_5,465,TCP,AES-128,4.19,Normal
Node_12,Node_16,91,UDP,AES-192,8.58,Blackhole_Attack
Node_9,Node_6,1371,UDP,AES-128,8.5,Replay_Attack
Node_2,Node_8,1146,UDP,AES-128,3.95,Normal
Node_16,Node_11,530,UDP,AES-192,11.94,Normal
Node_13,Node_19,162,UDP,AES-256,11.26,Normal
Node_6,Node_13,606,TCP,AES-192,9.03,Blackhole_Attack
Node_8,Node_18,728,UDP,AES-192,6.22,Normal
Node_9,Node_2,128,UDP,AES-192,15.24,Normal
Node_12,Node_10,1399,UDP,AES-192,18.28,Normal
Node_7,Node_3,292,TCP,AES-128,7.58,Normal
Node_15,Node_10,1164,UDP,AES-256,6.94,Normal
Node_3,Node_16,961,UDP,AES-128,12.46,Normal
Node_10,Node_6,1066,TCP,AES-128,8.21,Normal
Node_18,Node_19,841,TCP,AES-128,9.3,Normal
Node_12,Node_1,1405,TCP,AES-128,13.7,Normal
Node_13,Node_8,149,UDP,AES-192,0.45,Normal
Node_7,Node_2,855,TCP,AES-192,16.59,Normal
Node_17,Node_5,610,TCP,AES-192,10.36,Normal
Node_10,Node_1,137,TCP,AES-256,7.94,Drop_Attack
Node_17,Node_10,1117,TCP,AES-192,9.55,Normal
Node_6,Node_10,584,UDP,AES-256,9.81,Normal
Node_9,Node_10,939,TCP,AES-256,1.34,Normal
Node_18,Node_12,1473,TCP,AES-192,17.47,Normal
Node_7,Node_16,1195,TCP,AES-128,10.21,Normal
Node_11,Node_8,1382,TCP,AES-128,12.22,Normal
Node_17,Node_18,1417,UDP,AES-256,14.76,Normal
Node_20,Node_19,1250,UDP,AES-256,4.89,Normal
Node_5,Node_2,690,UDP,AES-192,12.37,Normal
Node_5,Node_17,278,UDP,AES-192,8.66,Normal
Node_9,Node_14,540,TCP,AES-128,14.23,Normal
Node_20,Node_18,844,UDP,AES-128,0.1,Normal
Node_7,Node_19,1392,TCP,AES-256,9.5,Normal
Node_17,Node_8,551,TCP,AES-128,6.99,Normal
Node_18,Node_16,125,UDP,AES-128,12.16,Normal
Node_19,Node_7,417,TCP,AES-256,12.35,Normal
Node_7,Node_6,362,TCP,AES-128,6.46,Normal
Node_1,Node_7,535,TCP,AES-128,6.44,Blackhole_Attack
Node_15,Node_14,841,TCP,AES-128,9.45,Normal
Node_17,Node_19,1449,UDP,AES-256,5.52,Normal
Node_1,Node_19,235,UDP,AES-128,14.21,Normal
Node_3,Node_11,190,TCP,AES-256,8.15,Normal
Node_11,Node_8,1377,TCP,AES-256,0.1,Normal
Node_2,Node_17,629,UDP,AES-256,8.13,Normal
Node_7,Node_12,697,UDP,AES-256,4.81,Normal
Node_4,Node_2,71,TCP,AES-256,1.84,Normal
Node_1,Node_16,891,TCP,AES-128,3.81,Normal
Node_9,Node_12,1268,UDP,AES-192,10.55,Normal
Node_11,Node_1,1475,TCP,AES-192,16.64,Normal
Node_13,Node_15,614,TCP,AES-128,11.57,Blackhole_Attack
Node_12,Node_10,241,TCP,AES-256,6.97,Normal
Node_8,Node_11,67,UDP,AES-256,12.28,Normal
Node_13,Node_20,614,UDP,AES-128,7.7,Normal
Node_1,Node_13,1214,TCP,AES-192,6.53,Normal
Node_7,Node_11,1198,TCP,AES-192,4.23,Normal
Node_19,Node_20,1337,UDP,AES-128,1.24,Normal
Node_15,Node_1,1145,TCP,AES-256,8.05,Normal
Node_18,Node_17,1365,TCP,AES-192,10.79,Normal
Node_16,Node_3,809,TCP,AES-192,9.52,Normal
Node_14,Node_6,807,UDP,AES-128,7.92,Normal
Node_13,Node_1,1483,TCP,AES-128,5.27,Replay_Attack
Node_12,Node_16,1356,TCP,AES-192,13.04,Replay_Attack
Node_1,Node_20,818,TCP,AES-128,3.41,Normal
Node_12,Node_11,1109,UDP,AES-128,13.88,Normal
Node_15,Node_10,248,TCP,AES-192,4.99,Normal
Node_20,Node_6,216,TCP,AES-256,6.24,Normal
Node_18,Node_5,638,TCP,AES-256,2.67,Normal
Node_13,Node_5,956,UDP,AES-128,7.49,Normal
Node_20,Node_16,748,TCP,AES-192,14.88,Blackhole_Attack
Node_9,Node_13,609,TCP,AES-128,12.58,Normal
Node_12,Node_10,827,UDP,AES-128,14.89,Normal
Node_17,Node_5,69,TCP,AES-128,12.61,Normal
Node_12,Node_17,64,TCP,AES-256,4.48,Blackhole_Attack
Node_11,Node_15,627,TCP,AES-192,8.35,Normal
Node_5,Node_10,1026,TCP,AES-256,6.1,Normal
Node_18,Node_11,637,TCP,AES-128,16.65,Blackhole_Attack
Node_17,Node_6,393,UDP,AES-256,4.02,Normal
Node_3,Node_6,923,TCP,AES-192,14.47,Normal
Node_18,Node_12,76,UDP,AES-128,14.46,Drop_Attack
Node_2,Node_4,301,UDP,AES-128,19.15,Normal
Node_15,Node_4,1409,TCP,AES-192,7.95,Normal
Node_3,Node_2,806,TCP,AES-192,13.56,Blackhole_Attack
Node_2,Node_3,1010,TCP,AES-192,21.41,Normal
Node_1,Node_2,1054,UDP,AES-256,6.91,Normal
Node_3,Node_18,1239,UDP,AES-256,2.32,Normal
Node_10,Node_8,1386,TCP,AES-256,0.6,Normal
Node_14,Node_20,1201,TCP,AES-192,13.56,Normal
Node_20,Node_9,635,UDP,AES-128,0.58,Normal
Node_3,Node_18,353,UDP,AES-128,8.14,Normal
Node_18,Node_3,500,TCP,AES-128,12.19,Normal
Node_2,Node_6,784,UDP,AES-128,10.93,Normal
Node_3,Node_16,671,TCP,AES-256,12.13,Normal
Node_9,Node_18,559,UDP,AES-128,11.11,Normal
Node_2,Node_14,623,UDP,AES-128,16.39,Normal
Node_15,Node_7,1268,TCP,AES-256,5.24,Normal
Node_10,Node_19,1094,TCP,AES-256,6.62,Normal
Node_6,Node_12,530,UDP,AES-256,6.14,Normal
Node_10,Node_14,346,TCP,AES-192,14.15,Normal
Node_15,Node_16,630,TCP,AES-192,14.5,Normal
Node_20,Node_11,785,TCP,AES-192,12.26,Normal
Node_6,Node_8,1220,TCP,AES-256,15.92,Normal
Node_20,Node_2,1171,UDP,AES-192,4.11,Drop_Attack
Node_10,Node_1,1428,TCP,AES-128,18.34,Replay_Attack
Node_15,Node_18,858,TCP,AES-256,17.62,Normal
Node_1,Node_6,736,UDP,AES-256,13.68,Normal
Node_13,Node_2,1470,TCP,AES-128,18.91,Normal
Node_13,Node_12,542,UDP,AES-192,1.72,Normal
Node_3,Node_7,65,TCP,AES-256,7.38,Drop_Attack
Node_19,Node_12,185,TCP,AES-128,6.32,Normal
Node_2,Node_4,718,TCP,AES-192,13.61,Normal
Node_6,Node_13,1404,UDP,AES-192,4.75,Normal
Node_20,Node_11,129,UDP,AES-192,13.79,Drop_Attack
Node_15,Node_7,328,UDP,AES-256,16.85,Normal
Node_12,Node_20,1444,UDP,AES-256,13.48,Replay_Attack
Node_3,Node_2,83,UDP,AES-192,11.42,Normal
Node_20,Node_7,686,TCP,AES-128,5.06,Normal
Node_19,Node_4,70,UDP,AES-192,5.77,Replay_Attack
Node_14,Node_2,1101,UDP,AES-128,16.25,Drop_Attack
Node_4,Node_9,1403,UDP,AES-256,13.9,Normal
Node_6,Node_19,799,UDP,AES-128,9.8,Normal
Node_19,Node_11,364,TCP,AES-192,7.91,Normal
Node_2,Node_3,898,UDP,AES-256,0.1,Normal
Node_1,Node_2,878,UDP,AES-256,4.65,Blackhole_Attack
Node_15,Node_17,602,TCP,AES-256,19.56,Normal
Node_16,Node_18,610,TCP,AES-256,3.6,Normal
Node_7,Node_8,1231,UDP,AES-192,10.95,Normal
Node_12,Node_8,106,TCP,AES-192,15.04,Normal
Node_13,Node_6,748,UDP,AES-128,3.73,Normal
Node_12,Node_1,213,UDP,AES-128,10.92,Normal
Node_11,Node_9,330,UDP,AES-128,14.69,Normal
Node_15,Node_19,585,TCP,AES-256,10.06,Replay_Attack
Node_19,Node_5,512,TCP,AES-192,24.34,Normal
Node_4,Node_3,95,TCP,AES-256,1.66,Drop_Attack
Node_2,Node_13,564,TCP,AES-256,15.29,Normal
Node_18,Node_19,911,UDP,AES-128,9.14,Replay_Attack
Node_13,Node_16,514,TCP,AES-256,13.86,Normal
Node_10,Node_12,998,UDP,AES-256,12.21,Normal
Node_18,Node_15,726,TCP,AES-128,6.33,Normal
Node_19,Node_14,702,TCP,AES-192,11.14,Replay_Attack
Node_6,Node_1,1485,TCP,AES-192,0.71,Normal
Node_17,Node_6,223,UDP,AES-192,13.02,Normal
Node_1,Node_6,66,UDP,AES-128,11.49,Drop_Attack
Node_8,Node_19,76,TCP,AES-128,13.19,Normal
Node_6,Node_4,1389,TCP,AES-128,15.29,Normal
Node_17,Node_4,1133,UDP,AES-256,11.84,Drop_Attack
Node_14,Node_4,293,UDP,AES-128,10.74,Normal
Node_11,Node_19,1191,TCP,AES-256,5.59,Normal
Node_11,Node_20,1013,UDP,AES-128,6.44,Normal
Node_4,Node_14,1202,TCP,AES-256,15.93,Drop_Attack
Node_16,Node_19,1496,TCP,AES-128,17.18,Normal
Node_13,Node_5,1105,UDP,AES-128,8.81,Normal
Node_9,Node_12,700,TCP,AES-256,10.23,Blackhole_Attack
Node_16,Node_6,66,TCP,AES-128,5.48,Normal
Node_20,Node_10,1163,TCP,AES-256,15.86,Normal
Node_8,Node_5,1420,TCP,AES-128,13.33,Normal
Node_9,Node_10,1061,UDP,AES-256,19.71,Normal
Node_5,Node_18,288,TCP,AES-192,5.61,Normal
Node_12,Node_20,1297,TCP,AES-256,8.11,Replay_Attack
Node_1,Node_6,137,TCP,AES-128,11.16,Normal
Node_5,Node_9,332,TCP,AES-256,13.23,Normal
Node_12,Node_5,1488,TCP,AES-128,8.92,Normal
Node_7,Node_2,331,TCP,AES-192,5.64,Normal
Node_2,Node_15,583,UDP,AES-128,14.41,Replay_Attack
Node_20,Node_8,965,UDP,AES-192,13.61,Normal
Node_19,Node_4,1315,TCP,AES-128,5.42,Normal
Node_1,Node_7,1289,TCP,AES-192,16.78,Normal
Node_3,Node_17,675,UDP,AES-256,15.85,Replay_Attack
Node_17,Node_7,308,TCP,AES-192,10.67,Normal
Node_18,Node_9,200,UDP,AES-192,10.4,Normal
Node_19,Node_3,479,TCP,AES-192,12.77,Normal
Node_17,Node_2,815,UDP,AES-256,5.69,Normal
Node_14,Node_13,1007,TCP,AES-192,10.15,Normal
Node_13,Node_5,236,UDP,AES-192,0.1,Normal
Node_10,Node_20,651,UDP,AES-192,14.38,Normal
Node_15,Node_14,865,TCP,AES-256,2.19,Normal
Node_7,Node_9,1226,UDP,AES-192,17.52,Blackhole_Attack
Node_6,Node_16,452,TCP,AES-128,8.35,Normal
Node_14,Node_4,245,UDP,AES-128,8.94,Normal
Node_14,Node_5,767,UDP,AES-192,6.86,Normal
Node_4,Node_18,1115,TCP,AES-256,8.56,Normal
Node_20,Node_4,1339,UDP,AES-128,17.09,Normal
Node_10,Node_3,1411,UDP,AES-192,0.1,Normal
Node_18,Node_11,554,TCP,AES-256,16.38,Normal
Node_10,Node_16,446,UDP,AES-256,11.69,Blackhole_Attack
Node_8,Node_10,478,TCP,AES-256,3.96,Normal
Node_3,Node_13,1433,UDP,AES-192,4.62,Blackhole_Attack
Node_15,Node_13,1476,UDP,AES-192,18.38,Normal
Node_15,Node_13,1265,UDP,AES-256,5.27,Normal
Node_11,Node_7,802,TCP,AES-192,4.23,Normal
Node_16,Node_9,868,UDP,AES-256,15.69,Normal
Node_17,Node_13,194,UDP,AES-128,11.69,Normal
Node_5,Node_3,426,UDP,AES-192,5.31,Normal
Node_18,Node_1,1236,UDP,AES-256,11.08,Normal
Node_10,Node_18,243,UDP,AES-128,4.87,Normal
Node_20,Node_5,725,UDP,AES-256,15.5,Normal
Node_10,Node_16,436,TCP,AES-128,15.31,Drop_Attack
Node_12,Node_20,307,UDP,AES-128,12.66,Normal
Node_10,Node_2,1431,UDP,AES-256,11.81,Normal
Node_7,Node_9,386,UDP,AES-128,18.81,Normal
Node_11,Node_10,501,TCP,AES-192,10,Normal
Node_8,Node_16,526,TCP,AES-256,4.09,Normal
Node_1,Node_19,1386,TCP,AES-192,12.25,Normal
Node_12,Node_6,354,TCP,AES-128,20.43,Normal
Node_18,Node_15,253,UDP,AES-192,4.93,Normal
Node_12,Node_9,424,UDP,AES-256,8.19,Normal
Node_9,Node_10,1457,UDP,AES-128,12.08,Replay_Attack
Node_6,Node_1,1480,UDP,AES-192,9.73,Normal
Node_5,Node_9,974,UDP,AES-192,5.09,Drop_Attack
Node_11,Node_15,449,TCP,AES-192,15.61,Drop_Attack
Node_2,Node_13,376,UDP,AES-256,21.6,Drop_Attack
Node_17,Node_2,138,TCP,AES-128,10.98,Normal
Node_6,Node_5,198,UDP,AES-128,5.48,Normal
Node_7,Node_4,935,TCP,AES-256,2.26,Normal
Node_19,Node_4,509,UDP,AES-256,11.29,Normal
Node_3,Node_17,400,TCP,AES-128,15.52,Drop_Attack
Node_12,Node_5,1125,UDP,AES-128,12.38,Normal
Node_1,Node_7,1242,UDP,AES-128,9.99,Normal
Node_12,Node_13,1414,TCP,AES-128,7.05,Replay_Attack
Node_15,Node_8,1496,TCP,AES-256,4.54,Normal
Node_6,Node_1,652,UDP,AES-192,14.17,Normal
Node_8,Node_13,525,TCP,AES-128,14.57,Normal
Node_3,Node_18,780,TCP,AES-192,2.27,Normal
Node_2,Node_19,1004,TCP,AES-256,17.95,Normal
Node_20,Node_16,311,TCP,AES-128,12.87,Normal
Node_4,Node_1,1070,TCP,AES-128,17,Normal
Node_12,Node_19,519,TCP,AES-256,3.29,Drop_Attack
Node_14,Node_9,1157,UDP,AES-192,3.17,Normal
Node_11,Node_16,601,TCP,AES-128,9.26,Normal
Node_7,Node_5,354,TCP,AES-256,12.51,Normal
Node_4,Node_11,583,TCP,AES-192,18.98,Normal
Node_19,Node_5,1425,TCP,AES-128,13.53,Normal
Node_12,Node_14,181,UDP,AES-128,8.79,Normal
Node_20,Node_11,496,UDP,AES-256,4.87,Drop_Attack
Node_16,Node_8,200,TCP,AES-256,16.15,Drop_Attack
Node_16,Node_9,278,TCP,AES-128,5.18,Normal
Node_11,Node_8,1208,UDP,AES-128,18.14,Normal
Node_11,Node_5,91,TCP,AES-128,8.58,Normal
Node_6,Node_14,1417,TCP,AES-256,17.95,Normal
Node_13,Node_8,1233,UDP,AES-256,13.39,Normal
Node_3,Node_12,630,UDP,AES-128,9.32,Normal
Node_9,Node_20,212,TCP,AES-256,7.4,Normal
Node_12,Node_3,940,UDP,AES-128,8.3,Blackhole_Attack
Node_14,Node_9,98,TCP,AES-256,12.14,Normal
Node_19,Node_7,1274,UDP,AES-192,10.39,Normal
Node_12,Node_6,187,UDP,AES-128,7.03,Normal
Node_1,Node_10,409,UDP,AES-128,9.17,Normal
Node_3,Node_17,260,TCP,AES-256,10.39,Normal
Node_5,Node_11,214,TCP,AES-256,0.1,Normal
Node_14,Node_13,1011,UDP,AES-192,12.29,Blackhole_Attack
Node_3,Node_7,937,UDP,AES-192,5.1,Normal
Node_20,Node_6,334,UDP,AES-256,4.23,Normal
Node_1,Node_16,758,UDP,AES-256,1.56,Normal
Node_12,Node_8,1369,TCP,AES-256,1.03,Normal
Node_10,Node_7,300,TCP,AES-256,3.22,Normal
Node_11,Node_10,449,TCP,AES-256,6.45,Normal
Node_19,Node_11,436,TCP,AES-128,19.77,Replay_Attack
Node_3,Node_13,112,UDP,AES-192,7.37,Normal
Node_9,Node_11,1217,UDP,AES-192,10.89,Normal
Node_2,Node_1,351,UDP,AES-256,12,Normal
Node_10,Node_11,1179,UDP,AES-192,10.66,Normal
Node_19,Node_15,1278,UDP,AES-192,9.61,Normal
Node_3,Node_15,476,UDP,AES-192,4.02,Normal
Node_2,Node_10,741,TCP,AES-128,17.25,Normal
Node_12,Node_11,1495,TCP,AES-192,19.04,Normal
Node_19,Node_13,621,UDP,AES-256,1.59,Normal
Node_15,Node_16,225,TCP,AES-256,4.88,Normal
Node_12,Node_5,1229,UDP,AES-128,8.6,Normal
Node_2,Node_13,1279,UDP,AES-256,5.18,Drop_Attack
Node_6,Node_18,393,UDP,AES-192,12.53,Normal
Node_14,Node_10,544,TCP,AES-192,6.36,Normal
Node_17,Node_19,1231,UDP,AES-256,20.83,Normal
Node_10,Node_15,1410,UDP,AES-128,15.95,Normal
Node_11,Node_9,662,TCP,AES-192,11.06,Normal
Node_3,Node_11,1317,TCP,AES-192,15.13,Normal
Node_20,Node_19,564,TCP,AES-256,15.53,Normal
Node_9,Node_10,1248,UDP,AES-192,7.18,Normal
Node_9,Node_15,604,TCP,AES-256,5.92,Normal
Node_18,Node_6,363,TCP,AES-128,10.39,Normal
Node_17,Node_14,326,UDP,AES-256,14.31,Normal
Node_19,Node_18,1379,UDP,AES-128,10.7,Normal
Node_4,Node_1,1233,UDP,AES-128,2.12,Replay_Attack
Node_16,Node_2,1044,UDP,AES-192,5.99,Normal
Node_17,Node_12,458,UDP,AES-256,9.63,Normal
Node_14,Node_12,753,UDP,AES-256,9.62,Replay_Attack
Node_1,Node_3,682,UDP,AES-256,19.86,Normal
Node_10,Node_14,195,TCP,AES-256,3.07,Normal
Node_19,Node_2,120,TCP,AES-256,12.53,Normal
Node_4,Node_6,299,TCP,AES-256,17.45,Normal
Node_11,Node_14,793,UDP,AES-128,21.36,Normal
Node_11,Node_17,68,UDP,AES-128,7.98,Normal
Node_20,Node_7,204,UDP,AES-256,12.46,Normal
Node_10,Node_7,595,UDP,AES-192,12.85,Normal
Node_3,Node_4,520,UDP,AES-128,10.98,Normal
Node_10,Node_6,454,UDP,AES-128,9.51,Normal
Node_5,Node_2,573,TCP,AES-192,12.18,Normal
Node_6,Node_10,896,TCP,AES-256,0.1,Drop_Attack
Node_15,Node_20,915,UDP,AES-256,13.41,Normal
Node_2,Node_19,1397,UDP,AES-256,10.63,Normal
Node_5,Node_20,638,UDP,AES-256,8.89,Normal
Node_5,Node_3,1388,UDP,AES-192,20.23,Normal
Node_3,Node_16,603,TCP,AES-128,6.63,Normal
Node_11,Node_2,381,TCP,AES-256,7.98,Normal
Node_12,Node_2,398,TCP,AES-256,19.96,Normal
Node_9,Node_15,864,UDP,AES-128,5.84,Normal
Node_11,Node_6,471,TCP,AES-128,7.25,Normal
Node_5,Node_9,83,TCP,AES-128,9.26,Drop_Attack
Node_4,Node_8,482,TCP,AES-128,14.2,Replay_Attack
Node_15,Node_16,202,TCP,AES-256,11.04,Normal
Node_15,Node_12,85,UDP,AES-192,3.54,Drop_Attack
Node_12,Node_11,574,TCP,AES-128,7.34,Normal
Node_12,Node_7,178,TCP,AES-128,6.96,Normal
Node_19,Node_18,593,UDP,AES-128,9.61,Normal
Node_7,Node_10,333,TCP,AES-128,12.13,Normal
Node_15,Node_3,1254,TCP,AES-128,12.09,Normal
Node_6,Node_7,1419,TCP,AES-192,1.12,Drop_Attack
Node_14,Node_9,1416,UDP,AES-256,15.32,Normal
Node_4,Node_17,1379,UDP,AES-192,11.26,Normal
Node_14,Node_4,1338,TCP,AES-192,16.92,Drop_Attack
Node_8,Node_19,966,TCP,AES-256,12.22,Normal
Node_5,Node_12,1099,TCP,AES-128,15.51,Normal
Node_20,Node_2,1261,UDP,AES-192,12.33,Normal
Node_18,Node_10,585,TCP,AES-128,16.73,Normal
Node_7,Node_16,1238,TCP,AES-128,12.61,Replay_Attack
Node_2,Node_5,1151,UDP,AES-256,9.51,Blackhole_Attack
Node_18,Node_14,1321,TCP,AES-256,21.36,Normal
Node_3,Node_16,165,UDP,AES-192,14.45,Normal
Node_8,Node_5,785,TCP,AES-256,12.87,Normal
Node_20,Node_9,1486,UDP,AES-128,3.62,Normal
Node_4,Node_17,272,TCP,AES-128,3.56,Drop_Attack
Node_9,Node_8,515,UDP,AES-128,11.46,Normal
Node_12,Node_10,370,TCP,AES-128,10.73,Normal
Node_13,Node_11,1467,UDP,AES-256,6.93,Normal
Node_13,Node_7,463,TCP,AES-256,10.7,Normal
Node_7,Node_8,657,UDP,AES-192,17.94,Normal
Node_1,Node_11,1092,UDP,AES-256,13.48,Normal
Node_11,Node_1,618,UDP,AES-128,4.29,Normal
Node_1,Node_13,1321,UDP,AES-256,9.44,Normal
Node_3,Node_12,452,UDP,AES-192,5.98,Normal
Node_6,Node_14,938,TCP,AES-128,8.06,Normal
Node_20,Node_11,912,TCP,AES-192,7.93,Normal
Node_16,Node_17,717,TCP,AES-128,7.61,Normal
Node_19,Node_5,99,UDP,AES-128,3.72,Normal
Node_12,Node_19,235,TCP,AES-256,9.36,Blackhole_Attack
Node_6,Node_5,1277,UDP,AES-128,7.2,Drop_Attack
Node_5,Node_20,714,UDP,AES-256,0.1,Normal
Node_13,Node_8,956,TCP,AES-192,20.26,Normal
Node_5,Node_15,416,UDP,AES-256,15.44,Normal
Node_6,Node_2,947,UDP,AES-128,8.12,Normal
Node_9,Node_18,119,UDP,AES-128,10.09,Normal
Node_4,Node_9,1404,TCP,AES-128,4.14,Normal
Node_18,Node_8,385,TCP,AES-256,18.48,Replay_Attack
Node_6,Node_3,826,UDP,AES-256,19.49,Normal
Node_4,Node_13,1166,TCP,AES-192,10.78,Normal
Node_18,Node_16,886,UDP,AES-128,15.12,Blackhole_Attack
Node_11,Node_9,1203,TCP,AES-192,10.88,Normal
Node_10,Node_5,1443,TCP,AES-128,3.32,Normal
Node_6,Node_20,1093,UDP,AES-192,7.94,Normal
Node_16,Node_8,706,UDP,AES-256,10.66,Normal
Node_13,Node_10,881,UDP,AES-256,7.73,Drop_Attack
Node_7,Node_11,1412,TCP,AES-128,8.91,Normal
Node_14,Node_5,430,TCP,AES-128,9.54,Normal
Node_10,Node_3,157,UDP,AES-128,9.6,Normal
Node_18,Node_7,294,UDP,AES-256,10.26,Normal
Node_17,Node_20,1497,TCP,AES-128,4.7,Normal
Node_20,Node_15,378,UDP,AES-256,6.41,Normal
Node_20,Node_9,1242,TCP,AES-256,3.58,Normal
Node_7,Node_4,1189,TCP,AES-128,14.89,Normal
Node_14,Node_15,903,TCP,AES-256,0.1,Normal
Node_6,Node_1,191,TCP,AES-192,15.77,Normal
Node_6,Node_19,753,TCP,AES-256,16.93,Normal
Node_4,Node_1,722,TCP,AES-192,8.49,Normal
Node_9,Node_8,1148,TCP,AES-256,0.1,Normal
Node_12,Node_19,1475,TCP,AES-192,8.19,Normal
Node_20,Node_6,1415,TCP,AES-128,9.68,Normal
Node_18,Node_14,399,UDP,AES-192,4.95,Normal
Node_8,Node_6,1202,TCP,AES-256,7.42,Normal
Node_13,Node_7,503,UDP,AES-192,17.65,Normal
Node_3,Node_18,752,TCP,AES-256,13.32,Normal
Node_13,Node_6,878,UDP,AES-128,5.38,Normal
Node_18,Node_10,286,TCP,AES-128,2.01,Normal
Node_17,Node_6,475,TCP,AES-256,8.36,Normal
Node_4,Node_19,1104,TCP,AES-192,8.93,Normal
Node_15,Node_3,1146,UDP,AES-192,12.48,Normal
Node_1,Node_14,1051,UDP,AES-192,7.32,Replay_Attack
Node_12,Node_20,406,TCP,AES-256,12.56,Normal
Node_18,Node_17,269,UDP,AES-128,19.68,Normal
Node_20,Node_5,1020,UDP,AES-192,14.08,Blackhole_Attack
Node_12,Node_20,922,TCP,AES-256,9.76,Normal
Node_12,Node_17,428,TCP,AES-256,9.08,Normal
Node_5,Node_14,835,UDP,AES-256,8.22,Normal
Node_13,Node_19,851,TCP,AES-256,15.9,Normal
Node_19,Node_4,347,UDP,AES-192,6.86,Normal
Node_20,Node_17,1278,TCP,AES-192,10.23,Normal
Node_20,Node_9,1438,UDP,AES-256,10.26,Normal
Node_15,Node_10,343,TCP,AES-192,7.49,Normal
Node_16,Node_5,1328,UDP,AES-192,3.14,Normal
Node_10,Node_3,960,UDP,AES-192,11.61,Replay_Attack
Node_20,Node_15,692,UDP,AES-192,9.69,Normal
Node_20,Node_19,646,UDP,AES-192,12.5,Blackhole_Attack
Node_20,Node_17,683,TCP,AES-192,7.33,Normal
Node_10,Node_16,1126,UDP,AES-128,16.1,Normal
Node_19,Node_18,1156,TCP,AES-192,5.62,Normal
Node_19,Node_18,121,UDP,AES-192,18.56,Normal
Node_20,Node_6,1421,UDP,AES-128,1.26,Normal
Node_6,Node_4,128,TCP,AES-192,12.17,Drop_Attack
Node_13,Node_10,1196,TCP,AES-128,12.38,Normal
Node_6,Node_10,1158,UDP,AES-192,6.02,Normal
Node_8,Node_1,1203,TCP,AES-256,12.12,Normal
Node_11,Node_17,688,TCP,AES-256,16.4,Normal
Node_16,Node_9,281,UDP,AES-192,0.1,Normal
Node_8,Node_1,369,UDP,AES-192,12.51,Normal
Node_2,Node_1,499,TCP,AES-256,0.1,Normal
Node_13,Node_14,272,UDP,AES-256,5.17,Normal
Node_12,Node_14,663,TCP,AES-256,18.15,Normal
Node_19,Node_7,961,UDP,AES-192,7.09,Normal
Node_2,Node_18,1046,TCP,AES-256,4.13,Drop_Attack
Node_2,Node_1,295,TCP,AES-192,9.01,Normal
Node_4,Node_2,536,UDP,AES-192,20.34,Normal
Node_9,Node_5,1295,TCP,AES-192,0.84,Normal
Node_11,Node_15,1208,UDP,AES-192,4.74,Normal
Node_2,Node_14,354,TCP,AES-128,17.49,Normal
Node_12,Node_15,1042,TCP,AES-192,19.29,Normal
Node_6,Node_7,434,TCP,AES-256,9.48,Replay_Attack
Node_10,Node_16,124,UDP,AES-192,3.8,Normal
Node_13,Node_10,1172,UDP,AES-256,20.48,Normal
Node_12,Node_8,1294,UDP,AES-192,17.97,Normal
Node_8,Node_19,525,UDP,AES-128,13.39,Normal
Node_3,Node_6,652,UDP,AES-256,5.94,Normal
Node_4,Node_7,1500,TCP,AES-128,9.75,Normal
Node_13,Node_5,1412,TCP,AES-128,9.2,Normal
Node_3,Node_17,549,TCP,AES-256,11.65,Normal
Node_16,Node_6,935,UDP,AES-256,17.26,Normal
Node_8,Node_13,1202,UDP,AES-256,14.4,Normal
Node_18,Node_11,414,TCP,AES-256,4.61,Normal
Node_6,Node_13,350,UDP,AES-128,16.88,Normal
Node_17,Node_11,1065,UDP,AES-256,11.57,Replay_Attack
Node_2,Node_18,1368,TCP,AES-192,13.44,Normal
Node_3,Node_10,981,UDP,AES-192,17.33,Normal
Node_8,Node_13,1371,TCP,AES-192,4.44,Normal
Node_10,Node_16,1147,UDP,AES-128,9.82,Normal
Node_15,Node_4,793,UDP,AES-256,7.34,Normal
Node_19,Node_15,472,UDP,AES-192,2.16,Normal
Node_20,Node_7,139,UDP,AES-128,11.73,Normal
Node_18,Node_1,519,TCP,AES-128,22.56,Normal
Node_14,Node_3,204,TCP,AES-128,0.8,Normal
Node_17,Node_6,938,TCP,AES-256,9.84,Normal
Node_18,Node_6,1204,TCP,AES-192,13.2,Normal
Node_16,Node_19,1037,TCP,AES-128,10.62,Normal
Node_18,Node_14,440,UDP,AES-256,9.43,Replay_Attack
Node_10,Node_15,733,TCP,AES-192,3.5,Normal
Node_16,Node_18,166,TCP,AES-256,11.16,Normal
Node_4,Node_13,934,UDP,AES-128,6.22,Normal
Node_13,Node_17,243,UDP,AES-192,0.1,Normal
Node_6,Node_20,878,TCP,AES-192,15.97,Normal
Node_13,Node_5,1267,UDP,AES-192,14.79,Normal
Node_14,Node_9,763,TCP,AES-256,10.26,Normal
Node_19,Node_1,1476,TCP,AES-128,11.15,Blackhole_Attack
Node_16,Node_8,1246,TCP,AES-256,15.37,Normal
Node_11,Node_6,258,TCP,AES-256,11.12,Normal
Node_17,Node_10,652,TCP,AES-256,14.52,Normal
Node_9,Node_18,1122,UDP,AES-256,8.51,Normal
Node_20,Node_15,1257,UDP,AES-192,16.56,Normal
Node_12,Node_17,736,UDP,AES-256,11.6,Blackhole_Attack
Node_19,Node_2,430,TCP,AES-128,10.97,Normal
Node_19,Node_15,1167,TCP,AES-128,3.65,Normal
Node_18,Node_7,1373,UDP,AES-128,11.43,Normal
Node_11,Node_20,1147,UDP,AES-192,5.84,Normal
Node_4,Node_10,486,UDP,AES-192,6.81,Normal
Node_6,Node_18,865,TCP,AES-128,5.92,Normal
Node_7,Node_1,493,UDP,AES-192,4.67,Normal
Node_4,Node_3,1247,TCP,AES-256,20.62,Normal
Node_16,Node_19,227,UDP,AES-192,16.66,Normal
Node_1,Node_20,1354,TCP,AES-128,19.6,Normal
Node_19,Node_2,822,UDP,AES-128,3.89,Normal
Node_14,Node_15,1262,TCP,AES-128,10.36,Normal
Node_12,Node_3,1350,UDP,AES-256,3.53,Normal
Node_1,Node_16,88,UDP,AES-128,6.52,Drop_Attack
Node_4,Node_5,1242,TCP,AES-256,5.41,Replay_Attack
Node_18,Node_5,1238,UDP,AES-192,16.2,Drop_Attack
Node_8,Node_15,150,TCP,AES-256,8.02,Normal
Node_18,Node_4,1092,TCP,AES-128,15.34,Normal
Node_2,Node_6,677,TCP,AES-256,13.02,Normal
Node_13,Node_3,766,UDP,AES-128,21.52,Normal
Node_13,Node_5,964,TCP,AES-128,2.6,Normal
Node_17,Node_13,1227,TCP,AES-128,16.3,Normal
Node_20,Node_2,78,UDP,AES-256,15.73,Normal
Node_14,Node_3,815,UDP,AES-192,5.13,Normal
Node_3,Node_12,854,UDP,AES-128,15.04,Normal
Node_19,Node_6,795,UDP,AES-128,11.68,Drop_Attack
Node_20,Node_2,1415,TCP,AES-256,8.86,Normal
Node_16,Node_17,436,UDP,AES-128,5.88,Normal
Node_18,Node_14,1395,UDP,AES-192,6.4,Replay_Attack
Node_17,Node_3,837,UDP,AES-192,20.25,Blackhole_Attack
Node_3,Node_2,278,UDP,AES-192,10,Normal
Node_7,Node_12,1160,UDP,AES-192,13.91,Normal
Node_2,Node_13,318,TCP,AES-128,6.05,Normal
Node_18,Node_1,341,UDP,AES-128,6.1,Replay_Attack
Node_7,Node_15,339,TCP,AES-192,15.41,Normal
Node_9,Node_16,301,TCP,AES-256,3.25,Normal
Node_7,Node_1,1242,UDP,AES-256,7.92,Normal
Node_14,Node_17,887,UDP,AES-256,10.17,Normal
Node_20,Node_1,1230,TCP,AES-128,10.56,Normal
Node_9,Node_18,994,UDP,AES-192,9.1,Normal
Node_12,Node_4,549,UDP,AES-256,11.98,Normal
Node_15,Node_5,1069,TCP,AES-192,13.46,Normal
Node_7,Node_1,1378,UDP,AES-256,13.67,Normal
Node_4,Node_5,849,UDP,AES-256,5.07,Normal
Node_2,Node_8,688,TCP,AES-256,8.58,Normal
Node_17,Node_3,1102,UDP,AES-128,15.97,Normal
Node_15,Node_12,1112,TCP,AES-256,14.47,Normal
Node_13,Node_10,1036,UDP,AES-128,3.14,Normal
Node_4,Node_9,81,TCP,AES-256,11.76,Normal
Node_12,Node_7,1113,UDP,AES-128,0.11,Normal
Node_5,Node_14,336,UDP,AES-192,10.23,Normal
Node_2,Node_10,202,TCP,AES-128,19.49,Normal
Node_20,Node_2,1400,UDP,AES-192,5.26,Normal
Node_1,Node_10,636,TCP,AES-128,5.83,Blackhole_Attack
Node_19,Node_9,268,TCP,AES-128,13.82,Normal
Node_8,Node_19,1381,TCP,AES-128,2.29,Normal
Node_20,Node_10,266,TCP,AES-128,6.84,Normal
Node_18,Node_15,121,UDP,AES-128,12.98,Normal
Node_9,Node_20,897,TCP,AES-128,6.83,Normal
Node_3,Node_17,675,TCP,AES-128,8.82,Normal
Node_9,Node_7,417,UDP,AES-128,13.72,Blackhole_Attack
Node_7,Node_11,847,UDP,AES-128,12.11,Normal
Node_7,Node_2,1036,TCP,AES-128,11.33,Normal
Node_15,Node_6,178,TCP,AES-128,8.3,Drop_Attack
Node_8,Node_14,912,TCP,AES-128,11.85,Normal
Node_7,Node_15,1177,TCP,AES-128,9.38,Normal
Node_16,Node_11,125,TCP,AES-128,12.29,Normal
Node_5,Node_12,1217,TCP,AES-128,7.52,Normal
Node_7,Node_16,247,TCP,AES-128,9.09,Normal
Node_6,Node_7,255,TCP,AES-128,5.05,Normal
Node_13,Node_20,148,UDP,AES-128,9.82,Normal
Node_16,Node_5,444,TCP,AES-128,5.94,Normal
Node_9,Node_12,636,UDP,AES-128,4.43,Normal
Node_4,Node_20,406,TCP,AES-192,11.29,Normal
Node_15,Node_9,691,TCP,AES-192,11.06,Replay_Attack
Node_10,Node_11,333,TCP,AES-192,13.91,Blackhole_Attack
Node_5,Node_12,434,TCP,AES-256,7.84,Normal
Node_3,Node_6,1424,TCP,AES-256,12.04,Normal
Node_15,Node_17,433,UDP,AES-256,12.75,Blackhole_Attack
Node_12,Node_11,257,TCP,AES-128,12.22,Normal
Node_3,Node_16,1298,UDP,AES-256,5.87,Normal
Node_5,Node_10,770,UDP,AES-256,10.75,Normal
Node_4,Node_14,139,TCP,AES-128,11.82,Blackhole_Attack
Node_18,Node_20,250,TCP,AES-192,10.04,Normal
Node_13,Node_10,1306,UDP,AES-192,0.1,Normal
Node_14,Node_18,1445,UDP,AES-128,10.8,Normal
Node_13,Node_2,83,UDP,AES-192,21.06,Normal
Node_1,Node_18,536,UDP,AES-256,8.2,Normal
Node_3,Node_20,288,TCP,AES-192,6.36,Normal
Node_19,Node_5,239,UDP,AES-192,11.87,Drop_Attack
Node_17,Node_7,868,TCP,AES-128,11.56,Normal
Node_8,Node_10,1170,UDP,AES-256,15.96,Normal
Node_15,Node_2,1096,TCP,AES-128,3.71,Normal
Node_17,Node_14,716,UDP,AES-192,13.66,Normal
Node_1,Node_7,199,TCP,AES-128,12.95,Normal
Node_16,Node_5,93,UDP,AES-192,9.29,Replay_Attack
Node_1,Node_3,106,TCP,AES-256,11.69,Normal
Node_8,Node_11,889,UDP,AES-128,15.15,Normal
Node_20,Node_1,70,TCP,AES-128,14.36,Normal
Node_13,Node_1,111,TCP,AES-192,4.28,Normal
Node_5,Node_9,348,UDP,AES-128,14.1,Normal
Node_19,Node_18,1246,UDP,AES-256,9.68,Normal
Node_2,Node_14,82,UDP,AES-192,10.36,Normal
Node_3,Node_19,934,UDP,AES-192,10.37,Normal
Node_2,Node_3,111,UDP,AES-256,9.25,Normal
Node_14,Node_4,262,TCP,AES-192,15.96,Replay_Attack
Node_3,Node_12,253,UDP,AES-256,9.58,Normal
Node_17,Node_5,1238,UDP,AES-128,4.4,Normal
Node_7,Node_10,1425,TCP,AES-128,8.03,Normal
Node_11,Node_8,632,UDP,AES-192,10.89,Drop_Attack
Node_19,Node_9,644,UDP,AES-192,16.15,Normal
Node_5,Node_2,259,TCP,AES-256,13.02,Blackhole_Attack
Node_5,Node_19,251,TCP,AES-128,5.75,Normal
Node_17,Node_15,1285,UDP,AES-128,22.43,Drop_Attack
Node_17,Node_12,1089,TCP,AES-192,11.32,Normal
Node_11,Node_5,1021,TCP,AES-192,16.38,Normal
Node_7,Node_15,702,TCP,AES-128,9.24,Normal
Node_15,Node_1,81,UDP,AES-128,12.67,Normal
Node_4,Node_19,349,UDP,AES-128,14.2,Normal
Node_14,Node_3,1350,TCP,AES-256,16.09,Normal
Node_12,Node_20,100,UDP,AES-256,15.29,Normal
Node_13,Node_4,128,TCP,AES-192,14.36,Normal
Node_8,Node_2,605,UDP,AES-192,8.42,Replay_Attack
Node_8,Node_18,357,UDP,AES-128,7.14,Blackhole_Attack
Node_6,Node_8,324,UDP,AES-128,11.66,Normal
Node_5,Node_1,1405,UDP,AES-256,14.67,Normal
Node_1,Node_17,943,UDP,AES-192,8.89,Normal
Node_9,Node_11,845,TCP,AES-192,15.33,Normal
Node_5,Node_16,922,TCP,AES-256,17.26,Normal
Node_1,Node_5,1337,TCP,AES-192,5.42,Normal
Node_12,Node_17,1345,TCP,AES-256,5.82,Normal
Node_5,Node_10,545,UDP,AES-256,9.3,Normal
Node_3,Node_17,903,TCP,AES-128,11.54,Normal
Node_4,Node_6,1003,TCP,AES-192,7.38,Normal
Node_1,Node_18,866,UDP,AES-256,16.76,Normal
Node_12,Node_14,376,TCP,AES-192,12.12,Normal
Node_20,Node_15,901,UDP,AES-256,10.2,Normal
Node_9,Node_11,1033,UDP,AES-128,2.82,Normal
Node_19,Node_2,1372,TCP,AES-192,3.42,Drop_Attack
Node_4,Node_18,685,UDP,AES-192,11.41,Normal
Node_5,Node_9,705,UDP,AES-128,0.1,Normal
Node_10,Node_15,838,TCP,AES-128,15.06,Normal
Node_11,Node_15,581,UDP,AES-128,9.21,Normal
Node_19,Node_6,99,UDP,AES-256,26.22,Normal
Node_10,Node_3,317,TCP,AES-256,21.54,Normal
Node_16,Node_7,1183,TCP,AES-256,9.09,Replay_Attack
Node_14,Node_8,692,TCP,AES-192,9.47,Normal
Node_10,Node_18,1093,TCP,AES-256,14.98,Blackhole_Attack
Node_14,Node_19,111,UDP,AES-192,18.52,Normal
Node_1,Node_13,265,TCP,AES-128,1.81,Normal
Node_6,Node_13,700,TCP,AES-256,1.07,Normal
Node_3,Node_7,570,TCP,AES-128,6.89,Normal
Node_2,Node_11,1315,UDP,AES-128,12.91,Normal
Node_8,Node_17,355,TCP,AES-256,12.48,Normal
Node_17,Node_13,172,TCP,AES-128,15.35,Normal
Node_7,Node_4,1281,UDP,AES-256,4,Normal
Node_20,Node_2,228,TCP,AES-192,0.1,Replay_Attack
Node_16,Node_4,556,TCP,AES-256,14.29,Normal
Node_4,Node_20,1019,UDP,AES-128,5.86,Normal
Node_4,Node_14,382,UDP,AES-256,0.1,Normal
Node_2,Node_18,593,TCP,AES-256,10.73,Normal
Node_15,Node_18,737,UDP,AES-128,13.97,Normal
Node_3,Node_8,960,UDP,AES-128,9.39,Normal
Node_6,Node_4,110,UDP,AES-128,7.71,Normal
Node_15,Node_18,71,UDP,AES-128,9.2,Normal
Node_20,Node_2,528,UDP,AES-128,8.15,Normal
Node_4,Node_15,120,TCP,AES-256,3.26,Normal
Node_5,Node_6,479,UDP,AES-192,6.43,Normal
Node_4,Node_19,469,UDP,AES-192,12.61,Normal
Node_2,Node_16,922,TCP,AES-128,11.61,Normal
Node_10,Node_19,94,UDP,AES-192,10.84,Normal
Node_17,Node_2,94,TCP,AES-256,5.02,Normal
Node_10,Node_7,340,TCP,AES-192,9.09,Normal
Node_6,Node_4,864,TCP,AES-192,0.1,Normal
Node_13,Node_19,785,UDP,AES-192,10.89,Normal
Node_16,Node_1,860,UDP,AES-256,17.14,Normal
Node_3,Node_15,1333,TCP,AES-128,2.63,Normal
Node_12,Node_5,247,UDP,AES-128,7.07,Normal
Node_14,Node_10,361,UDP,AES-128,11.65,Replay_Attack
Node_12,Node_2,1392,UDP,AES-128,16.26,Normal
Node_7,Node_4,1333,TCP,AES-256,7.76,Blackhole_Attack
Node_17,Node_3,515,TCP,AES-128,6.54,Normal
Node_4,Node_15,1294,TCP,AES-128,0.16,Normal
Node_8,Node_2,365,TCP,AES-192,10.52,Normal
Node_13,Node_17,810,UDP,AES-256,20.21,Normal
Node_8,Node_9,1431,UDP,AES-128,11.39,Normal
Node_3,Node_4,70,UDP,AES-128,9.89,Normal
Node_9,Node_17,925,UDP,AES-128,11.61,Normal
Node_19,Node_14,314,UDP,AES-192,9.94,Normal
Node_11,Node_12,291,TCP,AES-256,5.93,Normal
Node_15,Node_17,738,TCP,AES-128,14.12,Normal
Node_12,Node_20,1083,TCP,AES-192,11.13,Normal
Node_5,Node_14,1373,TCP,AES-256,10.09,Normal
Node_15,Node_6,529,UDP,AES-128,5.12,Normal
Node_10,Node_15,821,UDP,AES-192,16.52,Normal
Node_15,Node_5,139,UDP,AES-128,13.32,Normal
Node_1,Node_16,480,TCP,AES-256,7.24,Normal
Node_12,Node_14,603,UDP,AES-256,15.01,Normal
Node_8,Node_17,1425,TCP,AES-128,7.51,Drop_Attack
Node_8,Node_18,96,TCP,AES-192,6.09,Normal
Node_3,Node_11,1094,UDP,AES-256,6.2,Normal
Node_6,Node_14,166,TCP,AES-256,1.14,Normal
Node_9,Node_14,1467,UDP,AES-128,12.36,Normal
Node_6,Node_19,1121,UDP,AES-128,0.84,Normal
Node_14,Node_9,342,TCP,AES-192,3.86,Normal
Node_13,Node_7,358,UDP,AES-128,0.1,Normal
Node_7,Node_12,490,UDP,AES-192,9.57,Normal
Node_5,Node_13,1300,TCP,AES-128,9.25,Normal
Node_14,Node_18,1037,TCP,AES-192,8.37,Normal
Node_1,Node_10,1122,UDP,AES-256,4.79,Normal
Node_6,Node_2,1485,UDP,AES-192,4.14,Normal
Node_9,Node_1,774,TCP,AES-256,12.32,Normal
Node_20,Node_5,1035,TCP,AES-256,7.25,Normal
Node_3,Node_12,1284,UDP,AES-192,11.58,Normal
Node_1,Node_12,456,UDP,AES-192,5.57,Normal
Node_16,Node_18,1283,UDP,AES-192,10.91,Normal
Node_12,Node_9,389,UDP,AES-128,16.52,Normal
Node_1,Node_9,1143,UDP,AES-128,12.93,Normal
Node_16,Node_7,888,TCP,AES-192,7.94,Normal
Node_6,Node_2,424,TCP,AES-256,11.29,Replay_Attack
Node_3,Node_16,823,UDP,AES-192,8.8,Normal
Node_16,Node_4,930,TCP,AES-128,10.04,Normal
Node_6,Node_19,825,TCP,AES-192,8.37,Normal
Node_18,Node_13,1245,TCP,AES-128,9.18,Normal
Node_4,Node_15,1248,TCP,AES-128,11.06,Normal
Node_6,Node_7,124,TCP,AES-256,5.03,Normal
Node_19,Node_18,92,TCP,AES-192,4.92,Normal
Node_13,Node_9,1078,TCP,AES-128,3.06,Normal
Node_1,Node_4,986,UDP,AES-128,2,Normal
Node_3,Node_14,461,UDP,AES-128,3.91,Normal
Node_1,Node_3,660,TCP,AES-128,10.8,Normal
Node_15,Node_6,583,UDP,AES-192,5.54,Normal
Node_4,Node_16,391,UDP,AES-192,12.57,Normal
Node_8,Node_19,74,TCP,AES-256,10.17,Drop_Attack
Node_11,Node_9,188,TCP,AES-192,0.16,Normal
Node_20,Node_18,729,TCP,AES-256,13.27,Normal
Node_20,Node_8,324,UDP,AES-256,14.05,Normal
Node_16,Node_6,1171,TCP,AES-128,5.03,Normal
Node_4,Node_14,519,UDP,AES-256,12.1,Blackhole_Attack
Node_2,Node_6,945,UDP,AES-192,5.72,Normal
Node_11,Node_6,993,TCP,AES-256,10.49,Normal
Node_12,Node_7,1268,UDP,AES-192,3.68,Normal
Node_19,Node_12,111,UDP,AES-256,1.03,Blackhole_Attack
Node_1,Node_15,1078,UDP,AES-192,8.09,Normal
Node_1,Node_7,155,TCP,AES-256,9.38,Normal
Node_4,Node_20,415,TCP,AES-128,8.01,Normal
Node_3,Node_13,676,TCP,AES-256,4.08,Drop_Attack
Node_2,Node_20,525,TCP,AES-128,8,Normal
Node_7,Node_9,486,TCP,AES-128,11.35,Normal
Node_8,Node_13,201,TCP,AES-128,9.78,Normal
Node_11,Node_13,185,TCP,AES-256,10.91,Normal
Node_8,Node_12,644,UDP,AES-256,6.65,Normal
Node_2,Node_9,893,UDP,AES-256,15.86,Normal
Node_20,Node_7,566,TCP,AES-128,4.12,Normal
Node_8,Node_14,398,UDP,AES-128,12.44,Blackhole_Attack
Node_19,Node_18,1385,TCP,AES-128,15.91,Drop_Attack
Node_3,Node_7,1251,TCP,AES-192,12.4,Normal
Node_20,Node_13,705,TCP,AES-128,8.99,Replay_Attack
Node_13,Node_7,218,UDP,AES-192,7.36,Normal
Node_12,Node_9,391,TCP,AES-128,15.18,Normal
Node_20,Node_9,1376,TCP,AES-256,2.89,Normal
Node_15,Node_11,1338,TCP,AES-256,5.15,Drop_Attack
Node_8,Node_4,1050,UDP,AES-128,8.01,Normal
Node_5,Node_15,625,UDP,AES-192,16.19,Normal
Node_17,Node_13,579,UDP,AES-128,11.9,Normal
Node_5,Node_1,1335,UDP,AES-128,5.16,Normal
Node_8,Node_1,73,TCP,AES-256,8.45,Normal
Node_18,Node_9,709,TCP,AES-192,6.93,Replay_Attack
Node_3,Node_13,1479,TCP,AES-192,6.45,Normal
Node_11,Node_4,618,TCP,AES-256,14.89,Normal
Node_4,Node_20,1374,TCP,AES-192,3.14,Normal
Node_2,Node_18,968,UDP,AES-256,18.04,Normal
Node_5,Node_10,1018,TCP,AES-192,14.14,Normal
Node_9,Node_5,378,TCP,AES-256,15.45,Normal
Node_9,Node_12,1498,TCP,AES-256,7.69,Normal
Node_1,Node_11,1175,UDP,AES-192,9.25,Drop_Attack
Node_19,Node_7,491,TCP,AES-128,2.83,Normal
Node_18,Node_14,789,TCP,AES-192,7.38,Normal
Node_2,Node_7,760,UDP,AES-256,12.47,Normal
Node_10,Node_15,627,TCP,AES-256,16.48,Normal
Node_17,Node_12,1143,TCP,AES-256,4.46,Normal
Node_11,Node_15,1042,TCP,AES-192,8.17,Normal
Node_1,Node_18,609,UDP,AES-192,9.24,Blackhole_Attack
Node_12,Node_10,507,UDP,AES-256,3.02,Normal
Node_19,Node_13,409,TCP,AES-128,12.96,Normal
Node_12,Node_1,281,TCP,AES-192,6.38,Normal
Node_13,Node_6,678,UDP,AES-128,9.02,Normal
Node_7,Node_20,579,TCP,AES-256,7.74,Replay_Attack
Node_8,Node_10,242,UDP,AES-256,6.05,Normal
Node_20,Node_1,91,UDP,AES-192,9.96,Normal
Node_15,Node_2,339,UDP,AES-192,8.92,Drop_Attack
Node_2,Node_20,803,UDP,AES-128,8.14,Normal
Node_16,Node_10,1389,TCP,AES-128,6.36,Normal
Node_20,Node_3,166,TCP,AES-256,11.6,Normal
Node_12,Node_7,1167,TCP,AES-128,18.27,Normal
Node_15,Node_3,241,TCP,AES-192,10.7,Normal
Node_2,Node_15,107,TCP,AES-192,14.98,Normal
Node_2,Node_12,883,UDP,AES-192,3.05,Blackhole_Attack
Node_2,Node_17,956,TCP,AES-192,10.79,Normal
Node_17,Node_12,85,TCP,AES-256,4.51,Normal
Node_15,Node_6,473,UDP,AES-192,2.62,Drop_Attack
Node_8,Node_4,485,TCP,AES-192,6.3,Blackhole_Attack
Node_20,Node_9,643,TCP,AES-192,15.96,Normal
Node_7,Node_4,860,UDP,AES-192,14.75,Normal
Node_10,Node_4,466,UDP,AES-128,11.22,Normal
Node_13,Node_18,805,UDP,AES-192,2.34,Normal
Node_2,Node_15,1482,TCP,AES-192,9.02,Normal
Node_6,Node_2,632,UDP,AES-128,11.51,Normal
Node_11,Node_4,1111,UDP,AES-128,10.88,Normal
Node_16,Node_20,450,TCP,AES-192,0.78,Normal
Node_2,Node_7,651,TCP,AES-192,5.55,Normal
Node_9,Node_3,1080,TCP,AES-128,9.68,Normal
Node_14,Node_11,466,UDP,AES-256,12.68,Normal
Node_19,Node_1,402,UDP,AES-192,0.1,Normal
Node_12,Node_8,839,TCP,AES-192,9.19,Normal
Node_2,Node_10,1473,UDP,AES-128,10.72,Normal
Node_14,Node_9,193,TCP,AES-128,14.25,Normal
Node_8,Node_18,754,UDP,AES-192,13.46,Normal
Node_9,Node_6,251,UDP,AES-256,12.91,Normal
Node_11,Node_20,1299,TCP,AES-128,6,Normal
Node_8,Node_17,1156,TCP,AES-192,0.46,Normal
Node_2,Node_11,1064,UDP,AES-256,8.03,Replay_Attack
Node_17,Node_9,628,TCP,AES-192,15.01,Blackhole_Attack
Node_18,Node_15,1398,UDP,AES-192,16.97,Normal
Node_14,Node_16,333,UDP,AES-128,13.55,Normal
Node_3,Node_13,1413,UDP,AES-256,12.15,Drop_Attack
Node_20,Node_19,132,TCP,AES-128,11.9,Normal
Node_6,Node_20,289,TCP,AES-256,7.22,Normal
Node_2,Node_16,1394,UDP,AES-128,9.35,Normal
Node_8,Node_13,907,UDP,AES-128,18.35,Normal
Node_2,Node_9,571,UDP,AES-192,5.29,Normal
Node_19,Node_17,567,TCP,AES-128,18.07,Normal
Node_15,Node_7,109,UDP,AES-192,8.39,Normal
Node_4,Node_19,341,TCP,AES-256,16.63,Normal
Node_14,Node_17,1240,UDP,AES-128,2.97,Normal
Node_17,Node_15,1104,UDP,AES-192,12.93,Normal
Node_11,Node_2,857,UDP,AES-128,6.32,Normal
Node_7,Node_11,1456,TCP,AES-256,2.92,Normal
Node_20,Node_17,1050,UDP,AES-128,11.09,Normal
Node_11,Node_12,108,UDP,AES-256,15.05,Replay_Attack
Node_2,Node_10,1390,UDP,AES-256,5.78,Normal
Node_18,Node_13,1462,UDP,AES-128,2.5,Normal
Node_7,Node_6,189,TCP,AES-192,9.54,Normal
Node_19,Node_1,1035,TCP,AES-256,9.56,Normal
Node_17,Node_3,1442,TCP,AES-192,12.74,Replay_Attack
Node_11,Node_7,541,UDP,AES-128,14.75,Normal
Node_1,Node_19,930,UDP,AES-256,9.7,Normal
Node_13,Node_20,661,TCP,AES-128,19.28,Normal
Node_19,Node_18,1470,TCP,AES-128,11.12,Normal
Node_8,Node_12,683,TCP,AES-128,8.27,Normal
Node_19,Node_14,984,TCP,AES-192,1.94,Normal
Node_3,Node_12,1167,UDP,AES-128,8.69,Drop_Attack
Node_17,Node_6,620,TCP,AES-256,8.32,Normal
Node_9,Node_8,175,TCP,AES-256,14.8,Normal
Node_3,Node_16,1167,TCP,AES-192,12.31,Normal
Node_1,Node_14,1362,UDP,AES-256,4.1,Normal
Node_8,Node_4,767,TCP,AES-128,10.86,Normal
Node_9,Node_20,1411,TCP,AES-256,13.36,Normal
Node_11,Node_1,473,UDP,AES-128,17.64,Replay_Attack
Node_5,Node_15,1355,UDP,AES-128,14.44,Normal
Node_2,Node_8,127,TCP,AES-256,13.8,Normal
Node_3,Node_16,390,UDP,AES-128,10.3,Normal
Node_20,Node_14,1190,TCP,AES-256,11.94,Normal
Node_10,Node_11,1142,UDP,AES-128,16.25,Normal
Node_1,Node_16,365,UDP,AES-256,3.34,Normal
Node_15,Node_9,245,TCP,AES-192,8.25,Normal
Node_14,Node_20,1467,TCP,AES-256,6.14,Normal
Node_13,Node_4,415,UDP,AES-192,11.9,Normal
Node_1,Node_19,131,TCP,AES-128,16.15,Normal
Node_4,Node_16,180,TCP,AES-192,7.02,Normal
Node_9,Node_10,615,TCP,AES-192,0.1,Normal
Node_13,Node_6,1378,UDP,AES-192,7.94,Normal
Node_16,Node_1,230,TCP,AES-128,14.57,Normal
Node_10,Node_5,674,TCP,AES-256,12.69,Normal
Node_7,Node_15,1285,TCP,AES-256,12.14,Replay_Attack
Node_15,Node_12,573,TCP,AES-128,8.6,Normal
Node_9,Node_20,988,UDP,AES-256,3.6,Blackhole_Attack
Node_15,Node_1,334,UDP,AES-128,12.58,Normal
Node_5,Node_11,150,UDP,AES-192,5.83,Normal
Node_14,Node_9,1090,TCP,AES-256,20.92,Normal
Node_15,Node_12,634,TCP,AES-128,12.85,Normal
Node_9,Node_18,1183,TCP,AES-128,7.1,Normal
Node_19,Node_15,1084,TCP,AES-256,6.94,Normal
Node_13,Node_15,375,TCP,AES-128,9.54,Normal
Node_2,Node_14,889,UDP,AES-256,8.8,Normal
Node_17,Node_14,645,TCP,AES-128,15.58,Normal
Node_10,Node_20,1056,TCP,AES-128,10.93,Normal
Node_9,Node_6,1302,UDP,AES-128,6.34,Normal
Node_14,Node_20,1333,TCP,AES-128,19.45,Normal
Node_13,Node_3,993,UDP,AES-128,10.25,Normal
Node_12,Node_14,1313,TCP,AES-256,13.84,Normal
Node_20,Node_18,571,TCP,AES-192,6.96,Normal
Node_16,Node_13,1202,UDP,AES-256,11.82,Normal
Node_20,Node_6,826,UDP,AES-128,11.56,Normal
Node_8,Node_10,1139,TCP,AES-128,0.55,Normal
Node_9,Node_8,259,UDP,AES-128,20.08,Normal
Node_7,Node_3,380,TCP,AES-192,16.45,Replay_Attack
Node_10,Node_11,165,UDP,AES-192,8.01,Blackhole_Attack
Node_3,Node_11,1399,TCP,AES-128,4.49,Normal
Node_19,Node_3,509,UDP,AES-128,11.74,Blackhole_Attack
Node_16,Node_11,375,UDP,AES-128,10.43,Blackhole_Attack
Node_11,Node_14,672,TCP,AES-256,11.78,Normal
Node_5,Node_11,87,UDP,AES-256,10.96,Normal
Node_5,Node_2,1126,TCP,AES-128,12.53,Normal
Node_8,Node_1,1231,UDP,AES-192,17.24,Normal
Node_4,Node_10,1208,UDP,AES-128,12.84,Normal
Node_19,Node_18,133,UDP,AES-192,4.75,Normal
Node_1,Node_4,1034,UDP,AES-128,16.81,Normal
Node_1,Node_16,1324,UDP,AES-192,18.2,Blackhole_Attack
Node_11,Node_17,377,UDP,AES-128,25.76,Normal
Node_10,Node_17,591,TCP,AES-256,4.38,Normal
Node_8,Node_3,1408,TCP,AES-192,11.21,Normal
Node_11,Node_14,262,TCP,AES-128,0.1,Normal
Node_16,Node_7,1379,TCP,AES-128,12.77,Normal
Node_12,Node_2,526,UDP,AES-128,7.26,Normal
Node_6,Node_2,364,UDP,AES-256,19.62,Normal
Node_19,Node_3,1273,TCP,AES-256,6.13,Normal
Node_7,Node_16,146,TCP,AES-192,1.55,Normal
Node_10,Node_11,627,UDP,AES-192,7.64,Normal
Node_1,Node_10,1074,UDP,AES-128,0.12,Normal
Node_18,Node_14,327,TCP,AES-192,13.76,Normal
Node_1,Node_17,910,UDP,AES-128,0.1,Normal
Node_20,Node_3,1029,TCP,AES-256,10.14,Normal
Node_12,Node_3,1053,TCP,AES-256,0.1,Normal
Node_18,Node_20,774,TCP,AES-192,8.4,Normal
Node_7,Node_10,139,TCP,AES-256,18.22,Normal
Node_17,Node_1,769,UDP,AES-256,11.8,Normal
Node_4,Node_12,989,UDP,AES-192,5.68,Normal
Node_20,Node_13,1434,UDP,AES-128,9.84,Normal
Node_4,Node_14,160,UDP,AES-192,10.09,Drop_Attack
Node_8,Node_1,701,UDP,AES-192,12.36,Drop_Attack
Node_8,Node_19,370,TCP,AES-128,3.17,Normal
Node_1,Node_8,1269,UDP,AES-192,12.96,Normal
Node_2,Node_9,1116,UDP,AES-256,0.1,Normal
Node_9,Node_1,1415,UDP,AES-256,6.85,Normal
Node_5,Node_14,722,TCP,AES-256,7.56,Normal
Node_3,Node_14,642,UDP,AES-256,13.17,Normal
Node_7,Node_9,765,UDP,AES-128,10.11,Normal
Node_7,Node_16,678,UDP,AES-128,2.97,Normal
Node_17,Node_2,948,UDP,AES-128,5.08,Normal
Node_20,Node_18,1053,TCP,AES-256,10.99,Normal
Node_4,Node_3,1171,UDP,AES-128,9.6,Replay_Attack
Node_5,Node_14,839,TCP,AES-128,7.1,Normal
Node_9,Node_19,757,TCP,AES-192,7.6,Normal
Node_13,Node_8,445,TCP,AES-128,13.48,Normal
Node_13,Node_2,668,UDP,AES-256,7.41,Normal
Node_6,Node_5,101,UDP,AES-128,9.56,Normal
Node_16,Node_1,1038,UDP,AES-192,20.85,Normal
Node_9,Node_11,1047,TCP,AES-256,2.88,Normal
Node_5,Node_8,227,UDP,AES-128,0.74,Normal
Node_3,Node_20,758,TCP,AES-256,13.92,Normal
Node_16,Node_13,899,TCP,AES-192,6.61,Normal
Node_11,Node_20,833,TCP,AES-192,8.41,Normal
Node_1,Node_6,851,TCP,AES-256,6.09,Normal
Node_1,Node_6,829,UDP,AES-256,8.7,Normal
Node_1,Node_8,859,UDP,AES-128,17.99,Normal
Node_2,Node_14,548,TCP,AES-192,14.01,Normal
Node_14,Node_1,823,TCP,AES-128,14.31,Normal
Node_3,Node_15,608,TCP,AES-256,2.92,Normal
Node_4,Node_1,507,TCP,AES-256,4.24,Replay_Attack
Node_8,Node_1,357,UDP,AES-128,0.1,Drop_Attack
Node_7,Node_16,823,UDP,AES-256,5.95,Normal
Node_8,Node_4,1240,TCP,AES-192,14.78,Blackhole_Attack
Node_14,Node_2,336,UDP,AES-192,12.58,Normal
Node_16,Node_10,1418,UDP,AES-192,8.89,Normal
Node_19,Node_5,153,UDP,AES-192,9.89,Normal
Node_20,Node_10,1484,UDP,AES-192,6.56,Normal
Node_3,Node_5,1205,TCP,AES-256,11.02,Normal
Node_18,Node_13,776,UDP,AES-256,13.83,Normal
Node_10,Node_12,879,UDP,AES-128,1.92,Normal
Node_20,Node_12,369,TCP,AES-192,11.5,Normal
Node_2,Node_12,1496,UDP,AES-192,14.66,Drop_Attack
Node_14,Node_5,698,UDP,AES-128,7.92,Normal
Node_10,Node_16,1375,TCP,AES-192,13.5,Normal
Node_13,Node_1,332,TCP,AES-192,24.07,Normal
Node_3,Node_13,1096,UDP,AES-128,9.48,Replay_Attack
Node_3,Node_16,535,TCP,AES-192,11.97,Normal
Node_4,Node_12,930,TCP,AES-192,6.31,Normal
Node_19,Node_2,828,TCP,AES-128,10.91,Normal
Node_3,Node_8,566,UDP,AES-192,12.3,Normal
Node_9,Node_2,832,UDP,AES-256,10.97,Normal
Node_7,Node_4,1456,UDP,AES-256,4.9,Normal
Node_15,Node_20,175,UDP,AES-256,11.03,Normal
Node_19,Node_3,1380,UDP,AES-192,17.31,Normal
Node_10,Node_14,1253,TCP,AES-192,12.24,Normal
Node_4,Node_19,545,TCP,AES-192,14.81,Normal
Node_16,Node_9,1348,UDP,AES-192,8.81,Normal
Node_1,Node_13,1470,UDP,AES-128,13.75,Normal
Node_8,Node_17,1034,TCP,AES-256,11.4,Normal
Node_1,Node_5,1218,TCP,AES-128,5.25,Drop_Attack
Node_8,Node_7,452,TCP,AES-256,11.59,Normal
Node_16,Node_7,1461,TCP,AES-128,5.04,Normal
Node_13,Node_10,594,TCP,AES-128,6.84,Normal
Node_5,Node_12,555,TCP,AES-192,10.95,Normal
Node_15,Node_13,1328,TCP,AES-192,11.49,Normal
Node_16,Node_8,1337,TCP,AES-128,4.05,Normal
Node_11,Node_5,159,TCP,AES-128,15.27,Normal
Node_1,Node_20,256,UDP,AES-256,12.86,Normal
Node_3,Node_15,1327,TCP,AES-128,6.48,Normal
Node_6,Node_18,635,UDP,AES-128,2.31,Normal
Node_10,Node_17,1415,TCP,AES-256,9.28,Normal
Node_5,Node_1,1441,UDP,AES-192,7.77,Normal
Node_3,Node_12,614,UDP,AES-128,10.57,Normal
Node_2,Node_16,726,UDP,AES-256,8.18,Normal
Node_20,Node_3,477,TCP,AES-128,0.1,Blackhole_Attack
Node_10,Node_8,501,TCP,AES-128,8.06,Normal
Node_14,Node_5,326,UDP,AES-192,8.47,Normal
Node_7,Node_8,218,UDP,AES-256,13.17,Normal
Node_2,Node_14,886,UDP,AES-256,6.51,Normal
Node_15,Node_1,488,UDP,AES-128,18.39,Normal
Node_2,Node_12,1322,UDP,AES-128,0.44,Normal
Node_10,Node_5,1354,UDP,AES-128,16.56,Normal
Node_2,Node_17,673,TCP,AES-128,8.88,Normal
Node_9,Node_1,1447,UDP,AES-192,14.3,Normal
Node_12,Node_18,406,UDP,AES-192,10.4,Normal
Node_12,Node_20,68,UDP,AES-128,15.7,Replay_Attack
Node_13,Node_7,1105,UDP,AES-256,8.06,Normal
Node_13,Node_9,907,TCP,AES-192,4.51,Normal
Node_9,Node_12,1282,UDP,AES-256,17.1,Normal
Node_4,Node_18,509,UDP,AES-256,9.43,Normal
Node_18,Node_9,1289,TCP,AES-192,11.11,Normal
Node_17,Node_14,134,UDP,AES-192,16.17,Drop_Attack
Node_7,Node_5,917,UDP,AES-192,4.84,Normal
Node_5,Node_9,1273,UDP,AES-192,12.98,Replay_Attack
Node_18,Node_20,1156,TCP,AES-256,7.05,Normal
Node_4,Node_12,1325,UDP,AES-256,9.34,Normal
Node_8,Node_10,97,TCP,AES-256,10.36,Blackhole_Attack
Node_6,Node_5,459,UDP,AES-192,2.5,Normal
Node_6,Node_12,878,UDP,AES-256,6.11,Normal
Node_16,Node_3,1115,TCP,AES-128,16.76,Normal
Node_17,Node_19,1393,UDP,AES-128,14.43,Normal
Node_18,Node_10,202,UDP,AES-256,9.69,Blackhole_Attack
Node_7,Node_10,1242,UDP,AES-192,11.22,Normal
Node_19,Node_18,619,UDP,AES-128,8.53,Normal
Node_11,Node_18,941,UDP,AES-256,16.78,Normal
Node_13,Node_7,1453,TCP,AES-128,9,Normal
Node_15,Node_5,476,UDP,AES-128,11.16,Blackhole_Attack
Node_5,Node_15,235,UDP,AES-192,15.73,Replay_Attack
Node_12,Node_11,984,UDP,AES-192,6.11,Normal
Node_17,Node_13,724,UDP,AES-192,17.79,Normal
Node_12,Node_4,416,UDP,AES-192,2.35,Normal
Node_1,Node_2,171,UDP,AES-256,18.15,Normal
Node_17,Node_14,1151,TCP,AES-192,8.14,Normal
Node_12,Node_3,913,UDP,AES-192,8.79,Normal
Node_4,Node_6,422,UDP,AES-192,0.55,Normal
Node_17,Node_20,1316,UDP,AES-192,7.73,Replay_Attack
Node_14,Node_19,936,TCP,AES-256,4.8,Normal
Node_11,Node_17,149,TCP,AES-192,6.96,Replay_Attack
Node_2,Node_11,612,TCP,AES-128,9.31,Normal
Node_14,Node_2,419,TCP,AES-256,14.79,Normal
Node_2,Node_19,1316,TCP,AES-128,11.04,Normal
Node_9,Node_3,499,UDP,AES-256,11.54,Normal
Node_19,Node_14,1370,TCP,AES-256,4.52,Normal
Node_16,Node_20,1061,TCP,AES-192,5.6,Normal
Node_5,Node_19,614,TCP,AES-128,18.99,Normal
Node_20,Node_9,1142,TCP,AES-192,6.32,Normal
Node_2,Node_16,483,UDP,AES-192,18.28,Normal
Node_16,Node_10,1107,TCP,AES-256,8.78,Normal
Node_8,Node_20,578,TCP,AES-192,10.01,Normal
Node_18,Node_2,351,UDP,AES-128,15.35,Normal
Node_20,Node_9,617,TCP,AES-256,16.36,Normal
Node_2,Node_9,248,UDP,AES-256,9.45,Normal
Node_5,Node_12,1130,UDP,AES-256,8.06,Normal
Node_1,Node_16,455,UDP,AES-128,9.72,Replay_Attack
Node_15,Node_16,1028,UDP,AES-256,11.69,Normal
Node_12,Node_13,296,UDP,AES-128,14.46,Normal
Node_14,Node_9,1470,TCP,AES-128,10.02,Blackhole_Attack
Node_5,Node_12,1377,UDP,AES-256,13.09,Normal
Node_9,Node_4,1232,UDP,AES-128,18.19,Normal
Node_8,Node_6,943,TCP,AES-256,11.91,Normal
Node_18,Node_13,1339,UDP,AES-128,11.56,Normal
Node_16,Node_10,1121,TCP,AES-128,2.41,Normal
Node_15,Node_7,1497,TCP,AES-192,0.1,Normal
Node_19,Node_7,1409,TCP,AES-192,11.94,Blackhole_Attack
Node_3,Node_16,1171,TCP,AES-192,9.53,Normal
Node_13,Node_12,760,UDP,AES-192,7.43,Normal
Node_19,Node_1,924,TCP,AES-128,11.22,Blackhole_Attack
Node_16,Node_4,986,TCP,AES-128,9.7,Normal
Node_8,Node_17,1455,TCP,AES-128,15.64,Normal
Node_14,Node_11,622,UDP,AES-128,10.43,Normal
Node_18,Node_9,1018,UDP,AES-256,6.27,Normal
Node_9,Node_3,1348,UDP,AES-192,14.95,Normal
Node_11,Node_7,1279,TCP,AES-256,8.91,Normal
Node_2,Node_16,494,UDP,AES-256,12.63,Blackhole_Attack
Node_16,Node_2,1206,UDP,AES-192,7.61,Normal
Node_20,Node_13,407,UDP,AES-256,6.75,Normal
Node_9,Node_19,1112,UDP,AES-192,10.42,Normal
Node_1,Node_6,98,UDP,AES-192,10.06,Replay_Attack
Node_4,Node_7,298,TCP,AES-256,12.4,Normal
Node_3,Node_19,1183,TCP,AES-128,8.66,Normal
Node_18,Node_17,1382,UDP,AES-256,0.82,Normal
Node_4,Node_18,338,TCP,AES-256,7.84,Normal
Node_1,Node_14,858,TCP,AES-128,13.97,Blackhole_Attack
Node_16,Node_5,1271,TCP,AES-192,8.51,Normal
Node_8,Node_9,626,UDP,AES-256,8.77,Normal
Node_15,Node_2,560,UDP,AES-128,14.93,Normal
Node_11,Node_16,1110,UDP,AES-256,6.44,Normal
Node_8,Node_7,756,UDP,AES-256,2.29,Normal
Node_16,Node_15,547,TCP,AES-128,9.2,Normal
Node_7,Node_4,725,UDP,AES-192,7.58,Normal
Node_11,Node_16,1448,TCP,AES-192,5.17,Replay_Attack
Node_20,Node_8,1121,UDP,AES-256,9.12,Normal
Node_9,Node_2,701,UDP,AES-256,12.46,Normal
Node_4,Node_3,701,TCP,AES-192,9.95,Normal
Node_2,Node_5,376,TCP,AES-256,11.53,Normal
Node_2,Node_8,884,UDP,AES-128,19.07,Normal
Node_13,Node_19,1296,TCP,AES-256,8.29,Blackhole_Attack
Node_15,Node_16,1165,TCP,AES-128,11.39,Normal
Node_10,Node_9,795,UDP,AES-256,7.45,Normal
Node_14,Node_17,1240,UDP,AES-128,5.77,Normal
Node_8,Node_15,939,UDP,AES-128,7.08,Replay_Attack
Node_20,Node_11,1046,TCP,AES-192,7.61,Normal
Node_7,Node_4,791,UDP,AES-192,11.8,Normal
Node_6,Node_5,1420,UDP,AES-128,21.75,Drop_Attack
Node_7,Node_2,343,TCP,AES-192,6.42,Normal
Node_10,Node_6,528,TCP,AES-128,7.92,Normal
Node_13,Node_12,205,UDP,AES-256,9.68,Normal
Node_18,Node_8,1258,UDP,AES-192,11.98,Drop_Attack
Node_10,Node_11,851,UDP,AES-256,11.32,Normal
Node_6,Node_4,771,UDP,AES-256,16.42,Normal
Node_3,Node_17,612,TCP,AES-192,0.1,Replay_Attack
Node_6,Node_7,221,TCP,AES-192,0.1,Normal
Node_3,Node_11,266,TCP,AES-192,7.52,Normal
Node_16,Node_13,1495,TCP,AES-256,15.49,Normal
Node_18,Node_7,1485,UDP,AES-192,2.17,Normal
Node_5,Node_20,320,UDP,AES-192,0.1,Normal
Node_8,Node_7,122,TCP,AES-192,12.86,Normal
Node_12,Node_1,1241,UDP,AES-256,11.22,Normal
Node_4,Node_19,450,UDP,AES-192,4.55,Normal
Node_4,Node_14,914,UDP,AES-192,5.07,Normal
Node_1,Node_6,705,UDP,AES-128,5.15,Normal
Node_2,Node_6,326,TCP,AES-256,10.55,Normal
Node_8,Node_10,1320,TCP,AES-128,6.87,Normal
Node_7,Node_16,931,TCP,AES-192,12.47,Normal
Node_20,Node_1,256,UDP,AES-192,0.1,Normal
Node_11,Node_5,1365,UDP,AES-192,5.72,Normal
Node_4,Node_10,665,TCP,AES-256,4.37,Normal
Node_8,Node_13,192,UDP,AES-192,8.72,Normal
Node_12,Node_15,693,TCP,AES-192,7.31,Normal
Node_4,Node_19,849,TCP,AES-192,13.99,Normal
Node_13,Node_7,200,UDP,AES-256,0.7,Normal
Node_13,Node_11,793,TCP,AES-256,10.23,Normal
Node_15,Node_13,602,TCP,AES-192,12.79,Normal
Node_1,Node_8,1185,UDP,AES-128,19.28,Normal
Node_11,Node_12,194,TCP,AES-192,7.59,Normal
Node_9,Node_19,881,UDP,AES-128,11.62,Normal
Node_18,Node_8,1236,TCP,AES-192,0.98,Normal
Node_8,Node_9,199,UDP,AES-192,0.1,Normal
Node_3,Node_13,1470,UDP,AES-192,14.22,Normal
Node_7,Node_5,796,TCP,AES-128,9.97,Normal
Node_19,Node_15,1141,UDP,AES-256,15.89,Normal
Node_7,Node_3,338,TCP,AES-192,3.13,Drop_Attack
Node_15,Node_17,1396,UDP,AES-192,12.6,Replay_Attack
Node_17,Node_12,1092,TCP,AES-128,19.34,Blackhole_Attack
Node_8,Node_3,703,TCP,AES-256,12.1,Replay_Attack
Node_9,Node_8,951,UDP,AES-256,11.38,Normal
Node_4,Node_1,1059,TCP,AES-256,10.04,Normal
Node_2,Node_14,1356,UDP,AES-192,2.15,Normal
Node_11,Node_16,172,UDP,AES-256,16.78,Normal
Node_1,Node_6,940,TCP,AES-128,6.95,Normal
Node_3,Node_13,603,TCP,AES-256,12.52,Normal
Node_1,Node_14,132,TCP,AES-128,2.18,Normal
Node_6,Node_18,948,UDP,AES-256,4.1,Normal
Node_11,Node_1,1446,UDP,AES-128,17.18,Normal
Node_4,Node_5,656,TCP,AES-128,8.26,Normal
Node_16,Node_2,275,UDP,AES-128,17.27,Normal
Node_19,Node_20,354,TCP,AES-128,9.61,Normal
Node_13,Node_15,575,TCP,AES-256,0.79,Normal
Node_5,Node_6,343,UDP,AES-128,14.46,Drop_Attack
Node_19,Node_5,441,TCP,AES-128,7.05,Normal
Node_5,Node_1,259,TCP,AES-128,13.49,Replay_Attack
Node_10,Node_7,521,TCP,AES-128,10.13,Normal
Node_6,Node_13,435,UDP,AES-128,2.28,Normal
Node_6,Node_9,1288,UDP,AES-192,10.82,Normal
Node_14,Node_10,746,TCP,AES-128,20.98,Normal
Node_17,Node_13,675,UDP,AES-256,12.46,Normal
Node_1,Node_7,604,UDP,AES-192,9.71,Normal
Node_6,Node_2,1258,UDP,AES-128,15.38,Normal
Node_15,Node_17,1344,TCP,AES-192,11.05,Normal
Node_18,Node_12,427,UDP,AES-128,11.05,Normal
Node_3,Node_12,1473,TCP,AES-192,4.54,Normal
Node_13,Node_12,744,TCP,AES-192,11.17,Normal
Node_13,Node_6,821,TCP,AES-256,15.18,Normal
Node_20,Node_14,916,UDP,AES-128,5.82,Normal
Node_12,Node_8,574,UDP,AES-256,17.12,Normal
Node_6,Node_11,968,UDP,AES-192,9.54,Normal
Node_11,Node_8,756,TCP,AES-256,5.56,Normal
Node_14,Node_5,1362,UDP,AES-256,14.99,Normal
Node_10,Node_7,859,UDP,AES-256,8.57,Normal
Node_4,Node_12,1036,TCP,AES-128,13.8,Normal
Node_14,Node_7,1344,TCP,AES-192,8.54,Normal
Node_10,Node_15,1187,UDP,AES-256,9.7,Normal
Node_8,Node_20,117,UDP,AES-128,12.47,Normal
Node_18,Node_5,670,UDP,AES-256,11.45,Normal
Node_20,Node_18,1410,TCP,AES-192,0.1,Replay_Attack
Node_17,Node_3,271,UDP,AES-256,4.39,Normal
Node_15,Node_3,123,TCP,AES-128,14.65,Normal
Node_7,Node_17,331,UDP,AES-128,9.34,Normal
Node_6,Node_1,259,UDP,AES-256,7.38,Normal
Node_16,Node_19,103,TCP,AES-192,3.21,Normal
Node_19,Node_7,305,TCP,AES-128,4.6,Normal
Node_13,Node_7,1276,UDP,AES-192,0.1,Normal
Node_11,Node_9,359,TCP,AES-192,9.49,Normal
Node_10,Node_13,894,TCP,AES-128,7.01,Normal
Node_15,Node_5,1262,UDP,AES-128,5.17,Normal
Node_19,Node_9,1099,TCP,AES-256,9.66,Blackhole_Attack
Node_13,Node_10,1225,UDP,AES-128,11.82,Normal
Node_15,Node_1,907,TCP,AES-128,20.47,Normal
Node_20,Node_4,131,TCP,AES-192,2.44,Drop_Attack
Node_19,Node_1,296,UDP,AES-256,15.8,Normal
Node_20,Node_9,1262,TCP,AES-128,14.87,Normal
Node_8,Node_10,620,TCP,AES-192,6.1,Normal
Node_14,Node_17,1409,TCP,AES-256,11.02,Normal
Node_4,Node_11,157,UDP,AES-128,7.71,Normal
Node_3,Node_15,1074,TCP,AES-128,10.93,Drop_Attack
Node_3,Node_5,884,TCP,AES-192,17.55,Normal
Node_19,Node_3,115,TCP,AES-192,13.03,Normal
Node_6,Node_2,372,UDP,AES-192,12.54,Normal
Node_13,Node_19,131,TCP,AES-256,7.85,Normal
Node_8,Node_11,359,TCP,AES-128,2.58,Normal
Node_11,Node_10,1197,UDP,AES-128,8.96,Normal
Node_7,Node_12,468,TCP,AES-192,16.03,Drop_Attack
Node_4,Node_17,1275,TCP,AES-128,2.36,Normal
Node_13,Node_2,227,UDP,AES-192,4.72,Blackhole_Attack
Node_16,Node_4,480,TCP,AES-256,10.63,Blackhole_Attack
Node_1,Node_6,685,UDP,AES-256,5.08,Normal
Node_6,Node_18,1201,TCP,AES-192,6.04,Replay_Attack
Node_15,Node_10,713,TCP,AES-192,7.88,Normal
Node_3,Node_8,957,UDP,AES-256,3.17,Normal
Node_13,Node_10,941,TCP,AES-256,5.13,Blackhole_Attack
Node_3,Node_2,1368,UDP,AES-192,13.52,Normal
Node_4,Node_14,314,UDP,AES-128,3.46,Normal
Node_5,Node_4,777,UDP,AES-128,2.01,Replay_Attack
Node_11,Node_7,742,TCP,AES-192,6.85,Normal
Node_14,Node_6,859,TCP,AES-192,13.66,Normal
Node_12,Node_11,406,UDP,AES-128,9.02,Normal
Node_16,Node_10,217,TCP,AES-128,7.68,Normal
Node_10,Node_17,197,UDP,AES-256,10.22,Normal
Node_20,Node_9,1130,UDP,AES-192,1.27,Normal
Node_10,Node_18,1231,TCP,AES-128,12.47,Replay_Attack
Node_11,Node_15,988,UDP,AES-256,11.92,Normal
Node_7,Node_13,809,UDP,AES-128,7.95,Normal
Node_6,Node_16,1370,TCP,AES-192,15.03,Normal
Node_13,Node_5,1402,UDP,AES-192,4.36,Normal
Node_9,Node_14,80,UDP,AES-128,15.64,Normal
Node_3,Node_11,1403,UDP,AES-128,10.77,Normal
Node_1,Node_14,1106,UDP,AES-128,8.32,Normal
Node_17,Node_15,274,TCP,AES-128,9.9,Normal
Node_14,Node_15,1172,TCP,AES-256,9.46,Normal
Node_4,Node_17,341,TCP,AES-128,16.1,Normal
Node_6,Node_8,1091,TCP,AES-128,4.62,Normal
Node_6,Node_5,533,TCP,AES-256,6.19,Replay_Attack
Node_10,Node_1,1161,UDP,AES-192,15.18,Normal
Node_5,Node_18,458,UDP,AES-256,7.02,Normal
Node_10,Node_2,66,UDP,AES-128,14.5,Blackhole_Attack
Node_20,Node_4,531,UDP,AES-128,18.5,Normal
Node_8,Node_13,1430,TCP,AES-192,7.99,Normal
Node_15,Node_5,401,TCP,AES-128,13.41,Normal
Node_14,Node_10,304,UDP,AES-192,4.23,Normal
Node_2,Node_16,1137,TCP,AES-128,13.77,Blackhole_Attack
Node_3,Node_1,678,TCP,AES-256,11,Normal
Node_11,Node_8,681,TCP,AES-256,12.37,Normal
Node_5,Node_18,259,UDP,AES-192,6.77,Normal
Node_14,Node_16,653,TCP,AES-256,1.69,Replay_Attack
Node_18,Node_8,110,UDP,AES-128,12.52,Normal
Node_16,Node_19,1379,TCP,AES-256,0.1,Normal
Node_15,Node_19,1262,TCP,AES-256,8.41,Replay_Attack
Node_20,Node_15,577,TCP,AES-256,14.71,Normal
Node_19,Node_1,717,UDP,AES-256,10.96,Normal
Node_12,Node_17,826,UDP,AES-256,19.74,Normal
Node_18,Node_9,446,TCP,AES-192,15.13,Normal
Node_14,Node_20,1369,TCP,AES-256,6.73,Normal
Node_5,Node_18,1308,UDP,AES-128,10.14,Normal
Node_2,Node_14,743,UDP,AES-192,9.76,Normal
Node_15,Node_9,824,UDP,AES-128,2.09,Drop_Attack
Node_14,Node_3,520,UDP,AES-256,5.3,Normal
Node_10,Node_20,1194,TCP,AES-128,7.2,Normal
Node_1,Node_18,638,TCP,AES-192,0.1,Normal
Node_20,Node_6,1375,UDP,AES-192,10.24,Normal
Node_15,Node_17,433,UDP,AES-128,8.75,Normal
Node_6,Node_9,352,UDP,AES-128,1.64,Normal
Node_17,Node_1,129,UDP,AES-128,12.02,Normal
Node_5,Node_11,290,UDP,AES-192,13.58,Normal
Node_13,Node_4,734,UDP,AES-192,11.14,Normal
Node_19,Node_1,850,TCP,AES-192,8.38,Normal
Node_13,Node_1,396,UDP,AES-128,12.96,Normal
Node_2,Node_9,500,TCP,AES-256,13.4,Drop_Attack
Node_10,Node_13,435,TCP,AES-128,11.54,Normal
Node_18,Node_5,1139,UDP,AES-128,5.88,Replay_Attack
Node_5,Node_15,867,TCP,AES-256,11.38,Normal
Node_3,Node_16,387,TCP,AES-192,15.98,Normal
Node_6,Node_5,332,TCP,AES-192,7.02,Drop_Attack
Node_6,Node_4,799,TCP,AES-256,20.49,Normal
Node_13,Node_14,1301,TCP,AES-192,7.37,Normal
Node_1,Node_14,517,TCP,AES-192,10.16,Normal
Node_7,Node_4,536,TCP,AES-256,6.64,Blackhole_Attack
Node_12,Node_1,442,TCP,AES-128,11.12,Normal
Node_19,Node_2,281,TCP,AES-256,1.29,Normal
Node_12,Node_8,1066,UDP,AES-128,7.27,Normal
Node_1,Node_3,1387,TCP,AES-128,4.54,Normal
Node_11,Node_15,267,UDP,AES-128,10.68,Normal
Node_11,Node_14,1450,UDP,AES-256,14.97,Normal
Node_17,Node_12,788,UDP,AES-128,13.23,Normal
Node_19,Node_5,528,TCP,AES-192,0.1,Normal
Node_12,Node_7,343,TCP,AES-128,20.21,Normal
Node_15,Node_16,1158,TCP,AES-192,11.48,Normal
Node_10,Node_16,653,TCP,AES-192,6.12,Blackhole_Attack
Node_10,Node_13,465,TCP,AES-128,10.79,Normal
Node_16,Node_14,925,UDP,AES-192,10.88,Replay_Attack
Node_14,Node_3,320,TCP,AES-256,6.67,Normal
Node_3,Node_12,1040,TCP,AES-192,10.99,Normal
Node_20,Node_2,383,TCP,AES-128,6.96,Replay_Attack
Node_18,Node_15,113,UDP,AES-256,7.98,Normal
Node_14,Node_7,750,TCP,AES-128,6.57,Normal
Node_16,Node_4,1168,UDP,AES-256,2.84,Normal
Node_5,Node_14,1366,UDP,AES-256,10.73,Normal
Node_14,Node_8,1083,TCP,AES-128,12.93,Normal
Node_5,Node_11,458,TCP,AES-128,12.57,Blackhole_Attack
Node_11,Node_8,1230,TCP,AES-128,14.1,Normal
Node_3,Node_8,357,UDP,AES-192,11.62,Normal
Node_17,Node_13,842,TCP,AES-128,7.34,Normal
Node_18,Node_9,275,UDP,AES-256,14.2,Normal
Node_16,Node_14,765,TCP,AES-192,3.21,Normal
Node_17,Node_5,148,TCP,AES-128,5.5,Normal
Node_1,Node_14,787,TCP,AES-256,5.18,Normal
Node_10,Node_6,946,UDP,AES-128,15.4,Normal
Node_12,Node_3,359,UDP,AES-128,14.71,Normal
Node_11,Node_13,515,TCP,AES-192,12.44,Normal
Node_12,Node_14,707,UDP,AES-256,15.36,Normal
Node_14,Node_9,1147,UDP,AES-256,5.6,Normal
Node_14,Node_6,401,UDP,AES-256,11.74,Normal
Node_12,Node_4,108,UDP,AES-192,9.37,Normal
Node_11,Node_1,910,TCP,AES-256,14.23,Normal
Node_13,Node_19,747,TCP,AES-128,9.42,Normal
Node_2,Node_15,322,UDP,AES-192,8.08,Normal
Node_6,Node_9,718,TCP,AES-256,12.7,Normal
Node_7,Node_10,1466,UDP,AES-128,14.38,Blackhole_Attack
Node_14,Node_12,72,TCP,AES-128,6.66,Normal
Node_10,Node_17,1009,TCP,AES-192,9.69,Normal
Node_16,Node_20,1013,TCP,AES-192,4.71,Blackhole_Attack
Node_2,Node_16,113,TCP,AES-128,0.1,Normal
Node_17,Node_5,255,UDP,AES-192,11,Normal
Node_5,Node_9,459,UDP,AES-256,13.04,Normal
Node_5,Node_2,1226,UDP,AES-192,11.31,Drop_Attack
Node_15,Node_1,873,TCP,AES-192,0.25,Normal
Node_5,Node_18,937,TCP,AES-128,8.25,Replay_Attack
Node_5,Node_1,164,UDP,AES-256,0.1,Normal
Node_5,Node_14,582,TCP,AES-128,16.85,Normal
Node_7,Node_15,988,UDP,AES-128,4.57,Normal
Node_17,Node_6,1479,UDP,AES-192,16.28,Normal
Node_3,Node_8,844,TCP,AES-192,14.73,Normal
Node_9,Node_11,954,TCP,AES-128,5.5,Normal
Node_12,Node_15,637,TCP,AES-128,4.34,Normal
Node_5,Node_10,1337,UDP,AES-128,11.75,Normal
Node_7,Node_13,166,TCP,AES-128,5.78,Drop_Attack
Node_4,Node_17,770,TCP,AES-256,10.51,Normal
Node_7,Node_18,1107,TCP,AES-192,7.59,Normal
Node_3,Node_2,641,TCP,AES-192,1.09,Normal
Node_12,Node_14,852,UDP,AES-128,0.1,Normal
Node_11,Node_7,1133,TCP,AES-192,11.13,Normal
Node_7,Node_17,699,UDP,AES-192,7.19,Normal
Node_2,Node_8,150,TCP,AES-128,7.23,Normal
Node_17,Node_11,845,UDP,AES-192,13.48,Drop_Attack
Node_2,Node_4,1309,TCP,AES-128,15.87,Normal
Node_4,Node_14,1305,TCP,AES-192,8.64,Normal
Node_14,Node_3,282,UDP,AES-256,8.3,Normal
Node_14,Node_18,929,TCP,AES-128,12.5,Normal
Node_16,Node_13,962,UDP,AES-256,3.22,Normal
Node_17,Node_7,1423,TCP,AES-128,11.12,Normal
Node_16,Node_2,721,TCP,AES-192,12.76,Normal
Node_18,Node_7,831,TCP,AES-192,13.4,Normal
Node_18,Node_3,1268,UDP,AES-192,0.32,Normal
Node_5,Node_19,820,TCP,AES-192,6.19,Normal
Node_8,Node_20,1407,TCP,AES-192,5.61,Normal
Node_13,Node_5,257,UDP,AES-256,10.5,Normal
Node_18,Node_2,200,UDP,AES-256,12.4,Normal
Node_14,Node_15,1186,UDP,AES-256,17.48,Normal
Node_1,Node_8,77,TCP,AES-256,7.53,Normal
Node_6,Node_16,430,UDP,AES-192,7.51,Normal
Node_18,Node_8,586,UDP,AES-128,15.75,Normal
Node_2,Node_7,719,TCP,AES-256,11.48,Normal
Node_10,Node_15,282,TCP,AES-128,16.34,Normal
Node_15,Node_7,79,UDP,AES-128,11.44,Normal
Node_1,Node_16,522,TCP,AES-192,4.21,Normal
Node_16,Node_15,301,TCP,AES-256,3.33,Normal
Node_11,Node_5,1483,UDP,AES-256,2.24,Normal
Node_13,Node_7,66,TCP,AES-128,13.31,Normal
Node_3,Node_6,213,TCP,AES-128,15.94,Normal
Node_9,Node_5,460,UDP,AES-256,19.25,Normal
Node_7,Node_2,778,UDP,AES-256,14.22,Normal
Node_16,Node_4,1331,UDP,AES-128,15.81,Normal
Node_19,Node_16,285,UDP,AES-192,7.1,Normal
Node_14,Node_12,880,UDP,AES-192,4.22,Normal
Node_2,Node_14,1137,TCP,AES-128,14.25,Normal
Node_9,Node_1,99,UDP,AES-128,12.09,Normal
Node_10,Node_5,1445,UDP,AES-256,10.54,Normal
Node_7,Node_16,1342,TCP,AES-256,11.94,Normal
Node_3,Node_20,219,UDP,AES-128,11.62,Normal
Node_1,Node_16,107,UDP,AES-256,16.42,Normal
Node_8,Node_15,166,TCP,AES-192,16.47,Normal
Node_19,Node_4,233,UDP,AES-128,12.72,Normal
Node_4,Node_2,205,UDP,AES-256,14.23,Normal
Node_5,Node_15,82,TCP,AES-256,12.57,Drop_Attack
Node_19,Node_7,1434,UDP,AES-192,7.69,Normal
Node_20,Node_15,1203,TCP,AES-128,13.78,Normal
Node_17,Node_18,487,UDP,AES-192,3.03,Normal
Node_20,Node_6,284,UDP,AES-256,15.27,Normal
Node_19,Node_3,580,UDP,AES-128,4.03,Normal
Node_17,Node_14,1361,UDP,AES-192,11.43,Normal
Node_8,Node_5,110,TCP,AES-128,5.77,Normal
Node_16,Node_5,1410,UDP,AES-192,12.77,Normal
Node_17,Node_5,699,UDP,AES-256,9.83,Normal
Node_19,Node_6,1084,TCP,AES-192,2.03,Replay_Attack
Node_5,Node_1,1182,UDP,AES-256,12.1,Drop_Attack
Node_13,Node_1,718,TCP,AES-256,7.11,Drop_Attack
Node_5,Node_17,298,UDP,AES-256,14.41,Normal
Node_2,Node_8,544,UDP,AES-192,10.01,Normal
Node_7,Node_14,1289,TCP,AES-128,11.98,Replay_Attack
Node_2,Node_20,171,TCP,AES-128,5.21,Normal
Node_17,Node_4,71,UDP,AES-256,7.05,Normal
Node_6,Node_18,1382,TCP,AES-192,7.71,Normal
Node_9,Node_3,750,TCP,AES-256,14.28,Normal
Node_20,Node_8,165,UDP,AES-256,18.39,Normal
Node_15,Node_14,933,TCP,AES-128,5.97,Normal
Node_13,Node_6,1157,TCP,AES-256,15.38,Normal
Node_3,Node_6,344,UDP,AES-256,0.1,Blackhole_Attack
Node_15,Node_9,1001,TCP,AES-192,4.03,Normal
Node_8,Node_3,244,TCP,AES-192,5.21,Normal
Node_7,Node_9,81,UDP,AES-192,3.24,Normal
Node_20,Node_15,1331,UDP,AES-128,2.08,Blackhole_Attack
Node_10,Node_5,1430,UDP,AES-256,12.06,Normal
Node_14,Node_12,1390,TCP,AES-256,8.93,Drop_Attack
Node_4,Node_18,1078,UDP,AES-192,11.9,Normal
Node_5,Node_18,1175,TCP,AES-192,13.45,Normal
Node_14,Node_19,1141,UDP,AES-128,11.33,Blackhole_Attack
Node_6,Node_16,886,TCP,AES-256,13.29,Normal
Node_14,Node_15,954,UDP,AES-256,9.65,Normal
Node_17,Node_1,1231,TCP,AES-192,4.07,Normal
Node_3,Node_14,729,TCP,AES-128,15.29,Normal
Node_20,Node_18,1311,TCP,AES-192,7.05,Normal
Node_19,Node_8,715,TCP,AES-128,5.32,Normal
Node_20,Node_16,1047,UDP,AES-128,9.11,Normal
Node_20,Node_16,842,UDP,AES-128,5.44,Normal
Node_7,Node_19,820,TCP,AES-192,7.91,Replay_Attack
Node_10,Node_4,966,TCP,AES-192,11.72,Normal
Node_18,Node_20,449,TCP,AES-128,11.74,Normal
Node_12,Node_14,782,TCP,AES-256,5.51,Normal
Node_3,Node_5,695,UDP,AES-128,7.56,Blackhole_Attack
Node_2,Node_1,1299,TCP,AES-192,15.37,Normal
Node_6,Node_18,979,UDP,AES-192,12.48,Normal
Node_2,Node_9,1379,TCP,AES-128,20.38,Normal
Node_1,Node_5,272,TCP,AES-192,15.9,Normal
Node_3,Node_18,865,TCP,AES-192,15.72,Normal
Node_19,Node_1,886,UDP,AES-128,3.06,Normal
Node_6,Node_9,451,UDP,AES-256,13.82,Normal
Node_4,Node_19,96,UDP,AES-128,9.73,Normal
Node_1,Node_17,1372,TCP,AES-128,7.25,Normal
Node_9,Node_6,852,UDP,AES-128,10.84,Normal
Node_19,Node_15,808,TCP,AES-192,14.73,Normal
Node_10,Node_1,1492,UDP,AES-192,12.5,Normal
Node_3,Node_10,688,UDP,AES-256,5.61,Normal
Node_12,Node_15,1453,UDP,AES-192,13.71,Drop_Attack
Node_16,Node_7,805,UDP,AES-192,6.81,Normal
Node_8,Node_10,740,TCP,AES-192,11.08,Normal
Node_14,Node_19,1162,UDP,AES-192,8.48,Normal
Node_17,Node_7,1428,UDP,AES-256,8.91,Normal
Node_10,Node_19,532,UDP,AES-256,13.83,Normal
Node_14,Node_6,916,UDP,AES-128,4.8,Normal
Node_13,Node_10,1124,UDP,AES-128,19.73,Normal
Node_15,Node_17,811,UDP,AES-128,0.89,Normal
Node_20,Node_10,563,TCP,AES-256,7.01,Normal
Node_20,Node_18,511,UDP,AES-192,11.85,Normal
Node_14,Node_11,1160,TCP,AES-192,12.92,Blackhole_Attack
Node_11,Node_2,803,TCP,AES-256,9.5,Normal
Node_9,Node_14,1013,TCP,AES-256,9.71,Normal
Node_2,Node_16,467,UDP,AES-128,12.05,Normal
Node_20,Node_7,1225,TCP,AES-256,8.84,Normal
Node_8,Node_17,354,UDP,AES-192,16.97,Normal
Node_12,Node_1,558,TCP,AES-128,14.2,Normal
Node_11,Node_19,783,TCP,AES-192,14.36,Replay_Attack
Node_1,Node_11,767,TCP,AES-256,5.17,Normal
Node_18,Node_4,702,TCP,AES-192,9.6,Normal
Node_3,Node_6,1014,UDP,AES-256,8.5,Normal
Node_8,Node_9,1070,UDP,AES-128,4.97,Blackhole_Attack
Node_4,Node_5,355,TCP,AES-256,11.8,Normal
Node_1,Node_10,405,UDP,AES-192,7.31,Normal
Node_15,Node_9,369,UDP,AES-256,13.28,Normal
Node_6,Node_13,291,TCP,AES-256,4.65,Normal
Node_8,Node_18,458,UDP,AES-192,18.6,Normal
Node_3,Node_10,1358,UDP,AES-128,5.52,Normal
Node_3,Node_20,539,UDP,AES-128,11.1,Blackhole_Attack
Node_10,Node_13,796,UDP,AES-256,13.96,Normal
Node_15,Node_2,919,TCP,AES-192,7.15,Normal
Node_4,Node_15,997,TCP,AES-128,14.26,Normal
Node_13,Node_4,351,TCP,AES-256,3.85,Normal
Node_16,Node_12,930,TCP,AES-192,17.26,Normal
Node_4,Node_7,932,TCP,AES-256,10.07,Normal
Node_4,Node_18,1405,UDP,AES-192,7.02,Normal
Node_19,Node_2,932,TCP,AES-128,8.5,Normal
Node_14,Node_8,105,TCP,AES-256,14.04,Normal
Node_3,Node_15,1075,TCP,AES-192,7.08,Normal
Node_11,Node_20,1169,TCP,AES-128,6.25,Normal
Node_14,Node_16,530,TCP,AES-128,8.89,Normal
Node_7,Node_10,533,TCP,AES-192,4.12,Normal
Node_3,Node_11,1395,TCP,AES-128,19.1,Blackhole_Attack
Node_13,Node_10,814,TCP,AES-256,7.17,Replay_Attack
Node_8,Node_4,568,UDP,AES-128,14.16,Normal
Node_12,Node_16,839,UDP,AES-128,11.05,Normal
Node_3,Node_5,742,UDP,AES-256,5.08,Drop_Attack
Node_7,Node_3,1131,TCP,AES-256,9.97,Normal
Node_14,Node_12,524,TCP,AES-128,13.92,Normal
Node_6,Node_20,1054,UDP,AES-128,9.06,Normal
Node_4,Node_12,96,UDP,AES-128,15.97,Normal
Node_4,Node_16,1302,TCP,AES-192,15.11,Normal
Node_11,Node_3,989,TCP,AES-128,14.59,Normal
Node_14,Node_5,1467,TCP,AES-256,7.7,Blackhole_Attack
Node_20,Node_5,384,TCP,AES-256,4.6,Normal
Node_13,Node_20,218,UDP,AES-192,6.93,Normal
Node_15,Node_14,1055,TCP,AES-128,10.98,Normal
Node_19,Node_17,1461,UDP,AES-192,12.73,Blackhole_Attack
Node_20,Node_3,828,TCP,AES-128,0.1,Normal
Node_11,Node_2,85,TCP,AES-128,9.96,Blackhole_Attack
Node_17,Node_8,1211,UDP,AES-256,10.79,Normal
Node_7,Node_11,1370,UDP,AES-128,8.61,Normal
Node_11,Node_18,882,UDP,AES-192,16.46,Blackhole_Attack
Node_9,Node_1,1302,TCP,AES-192,12.11,Normal
Node_15,Node_12,673,TCP,AES-256,16.55,Normal
Node_5,Node_9,932,TCP,AES-128,8.92,Replay_Attack
Node_5,Node_16,417,TCP,AES-128,14.69,Normal
Node_11,Node_4,563,TCP,AES-192,18.18,Normal
Node_4,Node_19,699,TCP,AES-128,16.56,Replay_Attack
Node_18,Node_6,804,TCP,AES-128,4.54,Blackhole_Attack
Node_3,Node_14,1135,TCP,AES-256,8.73,Normal
Node_14,Node_8,914,TCP,AES-128,8.27,Normal
Node_3,Node_17,566,UDP,AES-256,12.45,Blackhole_Attack
Node_10,Node_17,941,UDP,AES-128,13.43,Replay_Attack
Node_3,Node_10,1495,TCP,AES-128,5.81,Normal
Node_1,Node_16,297,UDP,AES-128,10.34,Normal
Node_12,Node_1,1403,UDP,AES-128,0.1,Normal
Node_15,Node_1,1147,UDP,AES-128,17.21,Normal
Node_19,Node_3,1338,UDP,AES-256,7.44,Normal
Node_9,Node_13,924,UDP,AES-128,10.28,Normal
Node_12,Node_11,861,TCP,AES-256,8.45,Normal
Node_14,Node_17,224,TCP,AES-192,15.73,Normal
Node_4,Node_18,1088,UDP,AES-128,0.1,Normal
Node_8,Node_20,789,UDP,AES-128,9.92,Drop_Attack
Node_13,Node_16,1177,TCP,AES-128,9.47,Normal
Node_16,Node_7,1003,TCP,AES-128,7.73,Normal
Node_17,Node_16,650,TCP,AES-128,18.63,Normal
Node_7,Node_11,1430,UDP,AES-128,5.56,Normal
Node_13,Node_14,424,UDP,AES-192,13.86,Normal
Node_7,Node_1,671,TCP,AES-128,11.78,Normal
Node_14,Node_4,1465,UDP,AES-128,16.31,Normal
Node_4,Node_13,444,UDP,AES-256,6.66,Normal
Node_20,Node_13,1153,UDP,AES-128,6.34,Normal
Node_14,Node_9,1045,TCP,AES-192,15.48,Normal
Node_13,Node_19,1221,UDP,AES-256,12.13,Normal
Node_16,Node_1,507,UDP,AES-256,2.28,Normal
Node_8,Node_1,121,UDP,AES-256,7.3,Normal
Node_20,Node_8,886,TCP,AES-256,11.93,Normal
Node_12,Node_20,434,TCP,AES-256,14.19,Normal
Node_20,Node_4,1418,TCP,AES-192,6.6,Normal
Node_13,Node_11,1289,TCP,AES-192,0.1,Drop_Attack
Node_5,Node_20,256,TCP,AES-256,12.62,Normal
Node_5,Node_18,385,UDP,AES-192,3.9,Replay_Attack
Node_18,Node_4,978,UDP,AES-256,0.1,Drop_Attack
Node_15,Node_18,1319,UDP,AES-256,0.1,Normal
Node_10,Node_20,1322,UDP,AES-256,14.07,Normal
Node_11,Node_6,340,TCP,AES-192,10.64,Drop_Attack
Node_14,Node_11,919,UDP,AES-256,8.87,Normal
Node_18,Node_19,1421,TCP,AES-128,16.95,Normal
Node_16,Node_7,1358,UDP,AES-192,13.19,Normal
Node_4,Node_15,473,TCP,AES-128,18.08,Normal
Node_12,Node_13,982,TCP,AES-256,3.04,Normal
Node_14,Node_4,921,UDP,AES-256,9.83,Normal
Node_16,Node_19,1102,TCP,AES-128,1.92,Normal
Node_7,Node_18,1476,TCP,AES-192,8.85,Normal
Node_6,Node_2,297,TCP,AES-256,8.76,Normal
Node_16,Node_3,936,UDP,AES-192,13.13,Normal
Node_6,Node_4,860,TCP,AES-256,10.23,Normal
Node_4,Node_9,221,UDP,AES-256,13.12,Normal
Node_11,Node_9,1248,TCP,AES-128,13.52,Normal
Node_20,Node_2,560,UDP,AES-256,20.77,Normal
Node_12,Node_10,824,UDP,AES-256,8.42,Normal
Node_14,Node_8,1456,TCP,AES-128,5.29,Normal
Node_9,Node_7,1300,TCP,AES-128,11.23,Normal
Node_11,Node_4,960,UDP,AES-128,5.99,Normal
Node_6,Node_12,1206,TCP,AES-256,17.41,Normal
Node_9,Node_17,926,TCP,AES-128,8.58,Normal
Node_6,Node_8,895,TCP,AES-128,7.17,Normal
Node_13,Node_8,1234,UDP,AES-192,7.64,Normal
Node_7,Node_19,579,UDP,AES-128,13.59,Drop_Attack
Node_2,Node_9,81,UDP,AES-256,9.21,Normal
Node_11,Node_2,1396,UDP,AES-256,6.79,Normal
Node_12,Node_20,1166,UDP,AES-128,18.33,Normal
Node_2,Node_19,1315,TCP,AES-256,5.72,Drop_Attack
Node_7,Node_12,1396,TCP,AES-192,10.18,Normal
Node_3,Node_4,486,TCP,AES-256,13.26,Normal
Node_14,Node_16,122,UDP,AES-256,1.84,Drop_Attack
Node_10,Node_1,433,UDP,AES-128,12.4,Normal
Node_6,Node_10,256,TCP,AES-128,4.72,Normal
Node_8,Node_6,544,UDP,AES-192,14.11,Normal
Node_1,Node_5,1178,TCP,AES-256,5.19,Normal
Node_10,Node_9,408,UDP,AES-256,13.46,Normal
Node_9,Node_5,1434,TCP,AES-128,15.53,Normal
Node_8,Node_13,78,UDP,AES-192,14.31,Normal
Node_3,Node_5,1432,UDP,AES-256,11.26,Drop_Attack
Node_9,Node_1,1318,UDP,AES-128,8.84,Normal
Node_12,Node_7,1335,TCP,AES-128,7.12,Normal
Node_11,Node_10,1367,TCP,AES-192,17.36,Normal
Node_3,Node_2,1105,TCP,AES-192,6.5,Normal
Node_3,Node_1,1380,TCP,AES-192,4.81,Normal
Node_20,Node_9,435,TCP,AES-128,13.33,Normal
Node_6,Node_9,1047,UDP,AES-256,6.02,Normal
Node_19,Node_14,1292,TCP,AES-128,5.25,Normal
Node_8,Node_9,1164,UDP,AES-128,2.78,Normal
Node_3,Node_4,1344,TCP,AES-256,7.59,Normal
Node_20,Node_8,689,TCP,AES-192,9.59,Normal
Node_5,Node_11,68,UDP,AES-192,11.22,Normal
Node_17,Node_7,617,UDP,AES-128,14.76,Normal
Node_10,Node_18,1167,TCP,AES-128,12.63,Normal
Node_16,Node_12,273,UDP,AES-192,9.05,Normal
Node_9,Node_2,1103,UDP,AES-192,9.01,Normal
Node_6,Node_11,574,TCP,AES-192,12.55,Normal
Node_5,Node_19,739,UDP,AES-128,16.36,Normal
Node_7,Node_12,108,UDP,AES-128,10.63,Normal
Node_18,Node_17,1336,UDP,AES-256,7.65,Normal
Node_16,Node_1,573,UDP,AES-256,5.04,Normal
Node_14,Node_10,733,TCP,AES-192,2.77,Normal
Node_16,Node_13,736,TCP,AES-192,13.33,Normal
Node_18,Node_17,476,TCP,AES-128,12.89,Normal
Node_19,Node_11,625,TCP,AES-256,12.89,Normal
Node_15,Node_7,626,UDP,AES-256,9.36,Normal
Node_13,Node_14,1121,UDP,AES-192,17.03,Normal
Node_18,Node_20,592,UDP,AES-128,7.58,Normal
Node_4,Node_16,1498,TCP,AES-192,14.78,Normal
Node_3,Node_10,1336,UDP,AES-128,9.81,Replay_Attack
Node_9,Node_16,274,UDP,AES-192,6.96,Normal
Node_12,Node_15,949,UDP,AES-128,12.96,Normal
Node_3,Node_19,1098,UDP,AES-128,12.05,Normal
Node_13,Node_17,1420,UDP,AES-192,11.78,Normal
Node_6,Node_8,645,TCP,AES-192,10.41,Normal
Node_14,Node_20,1123,UDP,AES-128,9.81,Normal
Node_9,Node_12,98,UDP,AES-192,21.94,Normal
Node_19,Node_8,1056,UDP,AES-192,15.92,Blackhole_Attack
Node_9,Node_6,1212,UDP,AES-128,13.61,Normal
Node_18,Node_20,407,UDP,AES-192,10.56,Replay_Attack
Node_11,Node_2,1461,TCP,AES-256,15.04,Normal
Node_16,Node_14,417,UDP,AES-192,12.59,Normal
Node_3,Node_15,574,UDP,AES-256,10.13,Normal
Node_14,Node_19,170,UDP,AES-128,8.48,Normal
Node_12,Node_8,102,TCP,AES-128,9.6,Normal
Node_5,Node_16,1188,UDP,AES-256,0.1,Normal
Node_20,Node_7,67,UDP,AES-256,11.05,Normal
Node_12,Node_5,1066,UDP,AES-192,7.56,Normal
Node_16,Node_2,506,UDP,AES-192,17.96,Normal
Node_2,Node_8,929,TCP,AES-192,10.1,Normal
Node_10,Node_7,1351,UDP,AES-192,4.06,Normal
Node_20,Node_13,564,TCP,AES-128,9.75,Normal
Node_5,Node_8,519,UDP,AES-192,4.77,Normal
Node_3,Node_17,161,UDP,AES-128,12.37,Normal
Node_15,Node_10,637,UDP,AES-192,11.45,Normal
Node_14,Node_6,1446,UDP,AES-128,14.79,Normal
Node_13,Node_16,1166,UDP,AES-256,6.05,Blackhole_Attack
Node_18,Node_16,1079,UDP,AES-192,10.17,Normal
Node_12,Node_9,1465,UDP,AES-256,3.17,Normal
Node_10,Node_18,748,TCP,AES-256,13.51,Normal
Node_7,Node_16,1005,UDP,AES-128,12.59,Normal
Node_8,Node_17,861,UDP,AES-192,12.48,Normal
Node_10,Node_1,607,TCP,AES-128,10.01,Normal
Node_16,Node_14,1020,UDP,AES-128,12.07,Normal
Node_15,Node_12,473,UDP,AES-128,18.02,Drop_Attack
Node_7,Node_2,1337,TCP,AES-128,8.57,Normal
Node_2,Node_20,632,TCP,AES-192,10.69,Normal
Node_12,Node_18,371,TCP,AES-256,4.57,Normal
Node_9,Node_12,564,UDP,AES-256,5.66,Normal
Node_12,Node_8,764,TCP,AES-128,10.49,Normal
Node_5,Node_15,944,TCP,AES-256,15.52,Normal
Node_1,Node_3,596,UDP,AES-128,8.72,Normal
Node_19,Node_3,207,TCP,AES-256,8.82,Normal
Node_10,Node_20,1427,UDP,AES-192,7.97,Blackhole_Attack
Node_20,Node_17,1226,UDP,AES-192,7.33,Normal
Node_3,Node_19,272,UDP,AES-256,11.47,Normal
Node_15,Node_9,886,UDP,AES-128,2.51,Normal
Node_10,Node_17,982,UDP,AES-128,16.4,Normal
Node_14,Node_18,1061,TCP,AES-192,6.67,Normal
Node_19,Node_14,882,UDP,AES-256,13.61,Normal
Node_20,Node_1,827,TCP,AES-192,3.65,Normal
Node_20,Node_19,831,TCP,AES-256,13.34,Normal
Node_3,Node_10,400,TCP,AES-256,13.36,Normal
Node_6,Node_20,444,UDP,AES-192,11.92,Normal
Node_1,Node_12,633,UDP,AES-256,5.03,Normal
Node_18,Node_14,421,TCP,AES-128,11.25,Normal
Node_12,Node_3,506,TCP,AES-256,4.08,Normal
Node_2,Node_11,1056,UDP,AES-192,8.74,Normal
Node_7,Node_19,1273,TCP,AES-192,15.15,Normal
Node_17,Node_11,407,UDP,AES-192,13.98,Normal
Node_10,Node_5,69,TCP,AES-192,10.08,Normal
Node_10,Node_4,98,TCP,AES-256,5.13,Normal
Node_17,Node_16,1385,TCP,AES-192,13.23,Normal
Node_18,Node_14,911,UDP,AES-192,10.1,Normal
Node_4,Node_8,248,TCP,AES-192,0.1,Blackhole_Attack
Node_5,Node_13,1116,UDP,AES-128,13.91,Normal
Node_14,Node_11,1158,TCP,AES-192,9.88,Normal
Node_20,Node_17,1165,UDP,AES-256,16.01,Normal
Node_4,Node_17,1191,UDP,AES-192,4.52,Normal
Node_20,Node_2,1246,UDP,AES-256,0.1,Normal
Node_3,Node_7,1198,UDP,AES-192,11.4,Normal
Node_17,Node_4,835,UDP,AES-192,11.46,Normal
Node_6,Node_8,1165,TCP,AES-128,1.55,Normal
Node_10,Node_19,1235,TCP,AES-256,5.11,Normal
Node_2,Node_3,465,TCP,AES-192,23.78,Normal
Node_7,Node_10,324,TCP,AES-192,8.47,Normal
Node_4,Node_13,1240,UDP,AES-256,13.65,Normal
Node_2,Node_20,272,TCP,AES-128,6.75,Normal
Node_5,Node_17,459,UDP,AES-128,0.1,Normal
Node_10,Node_14,244,TCP,AES-128,9.15,Blackhole_Attack
Node_7,Node_2,192,UDP,AES-128,8.67,Replay_Attack
Node_10,Node_1,985,UDP,AES-256,8,Blackhole_Attack
Node_2,Node_15,802,UDP,AES-256,9.43,Normal
Node_11,Node_16,897,UDP,AES-128,11.32,Normal
Node_10,Node_12,685,TCP,AES-256,9.25,Normal
Node_6,Node_20,265,TCP,AES-192,3.68,Normal
Node_20,Node_9,762,TCP,AES-128,12.43,Normal
Node_3,Node_5,110,UDP,AES-128,0.25,Normal
Node_13,Node_14,1477,TCP,AES-128,0.1,Blackhole_Attack
Node_5,Node_7,1424,UDP,AES-128,13.7,Normal
Node_4,Node_14,1160,TCP,AES-192,12.54,Normal
Node_5,Node_6,1471,TCP,AES-256,9.71,Normal
Node_12,Node_14,413,UDP,AES-256,3.02,Normal
Node_13,Node_5,126,TCP,AES-256,6.46,Normal
Node_19,Node_3,71,TCP,AES-192,8.69,Normal
Node_5,Node_13,1072,TCP,AES-128,2.02,Normal
Node_15,Node_2,476,TCP,AES-128,6.3,Blackhole_Attack
Node_9,Node_19,759,UDP,AES-256,13.26,Replay_Attack
Node_4,Node_6,1313,UDP,AES-128,17.14,Normal
Node_6,Node_2,742,TCP,AES-256,7.9,Normal
Node_17,Node_13,96,UDP,AES-128,13.78,Normal
Node_1,Node_7,436,UDP,AES-128,0.43,Normal
Node_12,Node_10,1041,UDP,AES-192,13.3,Normal
Node_13,Node_11,149,TCP,AES-192,5.98,Normal
Node_17,Node_20,1098,UDP,AES-192,11.54,Normal
Node_9,Node_7,136,TCP,AES-192,8.76,Normal
Node_12,Node_15,339,TCP,AES-256,16.6,Normal
Node_17,Node_18,1109,UDP,AES-256,5.63,Normal
Node_12,Node_15,1491,TCP,AES-128,13.14,Normal
Node_2,Node_15,1389,TCP,AES-128,8.6,Normal
Node_1,Node_4,264,TCP,AES-256,9.21,Normal
Node_9,Node_17,1270,UDP,AES-256,9.08,Normal
Node_3,Node_20,1324,TCP,AES-128,5.77,Normal
Node_7,Node_12,312,UDP,AES-256,9.93,Normal
Node_11,Node_8,1211,TCP,AES-256,9.69,Normal
Node_10,Node_3,1270,TCP,AES-192,11.21,Normal
Node_19,Node_2,804,TCP,AES-192,10.42,Normal
Node_18,Node_8,1269,UDP,AES-128,13.99,Normal
Node_14,Node_17,504,TCP,AES-256,14.62,Normal
Node_8,Node_5,1410,UDP,AES-192,4.75,Blackhole_Attack
Node_17,Node_18,891,UDP,AES-192,14.34,Normal
Node_5,Node_20,405,UDP,AES-256,4.07,Normal
Node_18,Node_6,389,TCP,AES-256,12.94,Normal
Node_1,Node_5,1143,TCP,AES-128,13.1,Normal
Node_7,Node_2,958,UDP,AES-192,0.44,Normal
Node_10,Node_15,1057,UDP,AES-256,10.46,Normal
Node_1,Node_14,634,UDP,AES-256,7.66,Normal
Node_9,Node_10,1240,UDP,AES-256,6.21,Normal
Node_5,Node_3,537,UDP,AES-256,16.75,Normal
Node_16,Node_11,769,UDP,AES-256,6.73,Normal
Node_17,Node_16,626,UDP,AES-192,5.97,Blackhole_Attack
Node_10,Node_18,854,TCP,AES-192,10.38,Normal
Node_4,Node_5,1327,UDP,AES-192,13.43,Normal
Node_8,Node_10,1319,UDP,AES-192,9.29,Normal
Node_3,Node_13,1377,UDP,AES-192,15.83,Normal
Node_20,Node_13,966,UDP,AES-128,12.65,Normal
Node_1,Node_3,1222,TCP,AES-192,0.1,Normal
Node_6,Node_2,289,UDP,AES-128,7.35,Normal
Node_3,Node_12,1242,UDP,AES-256,7.19,Normal
Node_6,Node_10,360,TCP,AES-256,12.4,Normal
Node_18,Node_7,689,TCP,AES-192,0.1,Normal
Node_18,Node_2,1226,UDP,AES-192,22.75,Normal
Node_2,Node_4,1361,TCP,AES-192,12.66,Replay_Attack
Node_10,Node_19,74,TCP,AES-192,10.74,Normal
Node_15,Node_8,831,UDP,AES-192,15.91,Normal
Node_16,Node_4,772,UDP,AES-192,21.72,Normal
Node_1,Node_13,565,TCP,AES-192,14.35,Drop_Attack
Node_9,Node_14,1360,TCP,AES-192,14.74,Blackhole_Attack
Node_7,Node_14,1490,UDP,AES-256,10.65,Normal
Node_4,Node_6,1150,UDP,AES-192,9.29,Normal
Node_5,Node_18,810,TCP,AES-128,7.62,Normal
Node_12,Node_11,1393,TCP,AES-256,5.87,Normal
Node_1,Node_17,993,UDP,AES-192,6.56,Normal
Node_3,Node_7,855,TCP,AES-192,3.25,Normal
Node_20,Node_12,878,UDP,AES-256,9.62,Normal
Node_10,Node_14,69,UDP,AES-256,1.58,Normal
Node_1,Node_17,767,TCP,AES-256,10.95,Normal
Node_19,Node_20,268,TCP,AES-192,9.82,Normal
Node_12,Node_3,377,UDP,AES-192,10.73,Drop_Attack
Node_6,Node_12,485,TCP,AES-192,7.39,Normal
Node_20,Node_18,428,TCP,AES-256,25.38,Normal
Node_11,Node_20,1038,UDP,AES-192,16.8,Normal
Node_12,Node_14,717,TCP,AES-192,3.78,Drop_Attack
Node_20,Node_9,1392,TCP,AES-256,11.16,Normal
Node_8,Node_15,1163,UDP,AES-256,6.96,Normal
Node_11,Node_15,1218,TCP,AES-128,4.93,Normal
Node_19,Node_9,1318,TCP,AES-192,3.3,Normal
Node_8,Node_11,294,UDP,AES-128,12.16,Normal
Node_15,Node_16,319,TCP,AES-256,6.59,Replay_Attack
Node_9,Node_16,995,TCP,AES-192,14.84,Normal
Node_9,Node_8,1422,TCP,AES-256,14.97,Normal
Node_18,Node_16,337,TCP,AES-192,16.87,Normal
Node_15,Node_18,753,UDP,AES-192,5.74,Drop_Attack
Node_16,Node_10,259,UDP,AES-256,12.38,Normal
Node_12,Node_16,502,UDP,AES-128,13.16,Normal
Node_5,Node_19,815,UDP,AES-192,7.63,Normal
Node_19,Node_12,1059,UDP,AES-192,6.14,Normal
Node_17,Node_4,1402,UDP,AES-192,18.05,Blackhole_Attack
Node_9,Node_4,460,UDP,AES-128,11.14,Normal
Node_10,Node_16,67,UDP,AES-128,13.18,Normal
Node_9,Node_14,1278,UDP,AES-256,5.89,Normal
Node_9,Node_17,1435,UDP,AES-256,3.9,Normal
Node_8,Node_11,318,UDP,AES-256,7.15,Normal
Node_11,Node_2,1125,TCP,AES-192,9.38,Normal
Node_12,Node_14,139,TCP,AES-192,4.68,Blackhole_Attack
Node_4,Node_1,223,UDP,AES-192,9.95,Normal
Node_1,Node_3,278,UDP,AES-256,1.56,Drop_Attack
Node_9,Node_20,132,UDP,AES-256,4.4,Normal
Node_20,Node_6,1147,UDP,AES-192,13.35,Normal
Node_13,Node_5,288,UDP,AES-256,13.02,Normal
Node_8,Node_19,1262,UDP,AES-192,8.04,Normal
Node_8,Node_13,469,UDP,AES-192,4.91,Normal
Node_12,Node_13,1143,UDP,AES-128,4.86,Normal
Node_15,Node_5,336,TCP,AES-192,8.13,Normal
Node_7,Node_9,771,TCP,AES-128,13.22,Normal
Node_3,Node_10,452,TCP,AES-256,14.64,Normal
Node_10,Node_6,1072,UDP,AES-256,7.52,Normal
Node_13,Node_8,706,UDP,AES-256,4.23,Normal
Node_19,Node_14,968,TCP,AES-256,11.34,Normal
Node_1,Node_8,1431,TCP,AES-256,5.88,Drop_Attack
Node_8,Node_13,1351,UDP,AES-192,7.41,Normal
Node_5,Node_14,115,TCP,AES-192,16.63,Normal
Node_14,Node_8,1028,UDP,AES-256,14.14,Normal
Node_3,Node_6,1101,UDP,AES-192,10.79,Normal
Node_4,Node_3,322,TCP,AES-128,3.64,Normal
Node_6,Node_3,604,TCP,AES-192,11.06,Normal
Node_13,Node_3,285,UDP,AES-256,15.31,Normal
Node_5,Node_12,1331,UDP,AES-192,8.12,Normal
Node_11,Node_16,604,UDP,AES-192,16.76,Normal
Node_7,Node_6,831,UDP,AES-192,16.46,Normal
Node_3,Node_5,1130,TCP,AES-256,18.32,Normal
Node_11,Node_3,501,UDP,AES-192,11.53,Normal
Node_1,Node_12,359,TCP,AES-128,12.94,Normal
Node_18,Node_4,1477,TCP,AES-192,17.07,Normal
Node_14,Node_18,680,TCP,AES-256,12.24,Normal
Node_9,Node_17,228,UDP,AES-192,7.49,Normal
Node_6,Node_1,216,UDP,AES-256,7.76,Normal
Node_7,Node_9,726,UDP,AES-128,11.19,Normal
Node_4,Node_7,971,TCP,AES-256,3.55,Normal
Node_13,Node_1,464,TCP,AES-256,9.28,Normal
Node_13,Node_10,1023,UDP,AES-128,15.48,Normal
Node_1,Node_15,1418,UDP,AES-192,0.1,Blackhole_Attack
Node_15,Node_13,359,UDP,AES-128,17.67,Normal
Node_16,Node_3,1367,UDP,AES-128,15.61,Normal
Node_16,Node_5,149,UDP,AES-256,7.7,Normal
Node_17,Node_13,1212,TCP,AES-256,12.72,Normal
Node_17,Node_13,1240,TCP,AES-128,10.02,Normal
Node_6,Node_14,673,UDP,AES-192,16.15,Normal
Node_14,Node_16,675,TCP,AES-256,14.91,Normal
Node_13,Node_2,725,TCP,AES-256,3,Normal
Node_13,Node_9,1229,TCP,AES-256,12.94,Normal
Node_16,Node_1,533,UDP,AES-128,8.97,Normal
Node_4,Node_16,1462,TCP,AES-128,10.41,Normal
Node_12,Node_19,1239,TCP,AES-128,6.36,Normal
Node_18,Node_5,1250,UDP,AES-192,18.74,Normal
Node_15,Node_9,422,TCP,AES-192,15.2,Normal
Node_3,Node_9,1369,UDP,AES-256,6.3,Drop_Attack
Node_13,Node_1,351,TCP,AES-128,3.33,Normal
Node_1,Node_19,1108,UDP,AES-192,8.07,Normal
Node_17,Node_1,353,TCP,AES-128,12.17,Normal
Node_12,Node_19,536,UDP,AES-128,11.2,Normal
Node_20,Node_3,72,UDP,AES-192,16.27,Normal
Node_11,Node_3,1047,UDP,AES-192,13.95,Normal
Node_13,Node_20,509,UDP,AES-128,14.85,Replay_Attack
Node_10,Node_2,245,TCP,AES-256,11.63,Normal
Node_3,Node_20,740,UDP,AES-256,3.05,Normal
Node_19,Node_16,1223,TCP,AES-128,9.02,Normal
Node_20,Node_15,268,UDP,AES-192,15.3,Drop_Attack
Node_7,Node_2,771,UDP,AES-256,9.74,Normal
Node_2,Node_20,685,TCP,AES-128,12.52,Normal
Node_13,Node_1,739,TCP,AES-192,8.41,Normal
Node_8,Node_19,1273,UDP,AES-128,4.85,Normal
Node_13,Node_19,594,TCP,AES-256,9.38,Normal
Node_13,Node_16,1015,UDP,AES-128,11.55,Drop_Attack
Node_11,Node_20,995,TCP,AES-128,6.72,Normal
Node_16,Node_8,155,TCP,AES-128,8.82,Normal
Node_19,Node_14,988,UDP,AES-192,5.3,Normal
Node_9,Node_12,302,TCP,AES-192,15.6,Normal
Node_18,Node_2,1265,UDP,AES-256,8.53,Normal
Node_15,Node_7,303,TCP,AES-192,17.26,Normal
Node_11,Node_10,396,UDP,AES-128,17.64,Normal
Node_19,Node_12,1251,UDP,AES-192,9.59,Normal
Node_4,Node_5,284,TCP,AES-192,4.96,Normal
Node_19,Node_16,867,UDP,AES-192,0.1,Normal
Node_12,Node_15,763,UDP,AES-128,2.64,Normal
Node_15,Node_5,404,UDP,AES-256,3.13,Normal
Node_10,Node_18,755,UDP,AES-256,16.89,Replay_Attack
Node_20,Node_17,592,UDP,AES-256,10.58,Normal
Node_14,Node_1,952,UDP,AES-256,11.95,Normal
Node_20,Node_6,1395,UDP,AES-128,0.1,Normal
Node_5,Node_15,1186,UDP,AES-128,4.01,Normal
Node_15,Node_16,998,UDP,AES-256,14.44,Normal
Node_2,Node_8,1230,UDP,AES-128,11.43,Normal
Node_16,Node_15,1270,TCP,AES-256,9.26,Normal
Node_15,Node_3,1436,TCP,AES-128,12.82,Normal
Node_8,Node_13,316,TCP,AES-256,18.18,Normal
Node_6,Node_7,1417,TCP,AES-192,8.89,Normal
Node_6,Node_11,477,TCP,AES-128,10.35,Normal
Node_8,Node_2,357,TCP,AES-256,10.96,Normal
Node_8,Node_10,637,UDP,AES-128,21.96,Normal
Node_1,Node_14,1223,UDP,AES-256,0.1,Normal
Node_1,Node_14,1317,UDP,AES-256,13.42,Drop_Attack
Node_13,Node_11,351,UDP,AES-128,9.43,Drop_Attack
Node_2,Node_3,847,UDP,AES-192,12.83,Normal
Node_18,Node_11,652,UDP,AES-192,6.71,Normal
Node_4,Node_20,1357,TCP,AES-192,9.76,Normal
Node_12,Node_10,357,TCP,AES-192,13.56,Normal
Node_15,Node_14,683,TCP,AES-192,25.56,Normal
Node_1,Node_17,1205,UDP,AES-256,14.04,Normal
Node_15,Node_19,876,TCP,AES-256,5.76,Normal
Node_8,Node_20,330,TCP,AES-128,7.88,Normal
Node_3,Node_17,134,TCP,AES-256,7.73,Normal
Node_11,Node_19,885,UDP,AES-128,1.02,Normal
Node_19,Node_5,1169,UDP,AES-256,8.35,Normal
Node_16,Node_6,1127,UDP,AES-128,13.66,Normal
Node_3,Node_10,386,UDP,AES-256,3.63,Normal
Node_14,Node_6,1244,TCP,AES-192,15.24,Normal
Node_19,Node_13,698,UDP,AES-128,12.44,Normal
Node_8,Node_7,438,TCP,AES-192,6.33,Drop_Attack
Node_2,Node_7,1143,UDP,AES-192,9.29,Normal
Node_3,Node_6,107,TCP,AES-256,17.99,Normal
Node_1,Node_4,1065,UDP,AES-192,13.67,Normal
Node_9,Node_3,879,UDP,AES-256,10.04,Normal
Node_5,Node_3,177,UDP,AES-192,8.81,Normal
Node_15,Node_11,1395,TCP,AES-128,10.38,Normal
Node_13,Node_20,980,UDP,AES-192,7.44,Normal
Node_2,Node_9,879,TCP,AES-192,0.1,Normal
Node_11,Node_10,1175,TCP,AES-128,20.21,Drop_Attack
Node_16,Node_5,551,TCP,AES-192,10.78,Normal
Node_1,Node_15,164,TCP,AES-192,11.99,Normal
Node_20,Node_5,533,TCP,AES-192,9.71,Normal
Node_9,Node_19,764,TCP,AES-256,6.32,Normal
Node_1,Node_5,811,TCP,AES-256,9.07,Drop_Attack
Node_16,Node_5,120,TCP,AES-192,2,Replay_Attack
Node_18,Node_5,1189,UDP,AES-128,21.39,Normal
Node_5,Node_20,985,TCP,AES-192,3.83,Normal
Node_7,Node_17,1263,UDP,AES-256,4.84,Normal
Node_4,Node_12,1160,UDP,AES-192,7.8,Normal
Node_3,Node_15,496,UDP,AES-128,16.44,Normal
Node_6,Node_1,1019,UDP,AES-192,10.07,Normal
Node_4,Node_11,439,UDP,AES-256,3.82,Normal
Node_8,Node_20,907,TCP,AES-192,16.27,Blackhole_Attack
Node_18,Node_8,1483,TCP,AES-128,13.66,Normal
Node_19,Node_16,984,TCP,AES-256,12.69,Normal
Node_15,Node_17,415,UDP,AES-192,13.58,Normal
Node_10,Node_7,1353,UDP,AES-192,21.97,Normal
Node_15,Node_18,1078,TCP,AES-256,20.93,Normal
Node_13,Node_12,1039,TCP,AES-192,6.57,Normal
Node_10,Node_8,1125,TCP,AES-128,18.12,Normal
Node_19,Node_2,527,UDP,AES-256,11.92,Normal
Node_10,Node_5,664,UDP,AES-256,12.5,Normal
Node_2,Node_1,166,UDP,AES-128,1.54,Normal
Node_14,Node_12,1053,TCP,AES-192,9.15,Normal
Node_10,Node_6,894,UDP,AES-256,5.94,Normal
Node_5,Node_6,813,UDP,AES-256,14.14,Normal
Node_2,Node_9,908,TCP,AES-128,15.36,Normal
Node_3,Node_10,1353,TCP,AES-128,0.1,Normal
Node_5,Node_16,559,TCP,AES-256,9.89,Drop_Attack
Node_6,Node_14,700,TCP,AES-192,15.61,Normal
Node_11,Node_15,1234,TCP,AES-128,9.07,Normal
Node_17,Node_9,321,TCP,AES-128,13.65,Normal
Node_20,Node_17,622,UDP,AES-192,11.76,Normal
Node_19,Node_18,1369,TCP,AES-256,11.71,Normal
Node_20,Node_14,1465,UDP,AES-256,8.64,Normal
Node_16,Node_3,786,TCP,AES-256,3.92,Replay_Attack
Node_6,Node_11,1016,TCP,AES-192,4.39,Normal
Node_2,Node_8,357,TCP,AES-256,13.55,Blackhole_Attack
Node_10,Node_16,896,TCP,AES-256,10.1,Normal
Node_5,Node_16,1094,UDP,AES-128,9.31,Normal
Node_11,Node_12,596,TCP,AES-256,7.88,Normal
Node_6,Node_9,319,UDP,AES-256,8.47,Normal
Node_5,Node_2,950,UDP,AES-192,15.23,Normal
Node_9,Node_20,524,TCP,AES-192,8.32,Normal
Node_19,Node_13,1267,TCP,AES-192,3.29,Normal
Node_7,Node_20,439,UDP,AES-128,13.72,Normal
Node_18,Node_8,748,UDP,AES-128,8.98,Normal
Node_17,Node_4,517,TCP,AES-128,10.16,Normal
Node_8,Node_10,761,TCP,AES-256,18.04,Normal
Node_7,Node_2,434,TCP,AES-192,9.9,Normal
Node_6,Node_5,664,UDP,AES-192,11.45,Blackhole_Attack
Node_7,Node_16,386,TCP,AES-128,4.11,Normal
Node_2,Node_12,212,UDP,AES-128,8.9,Replay_Attack
Node_1,Node_17,247,UDP,AES-192,13.05,Normal
Node_16,Node_2,1267,UDP,AES-256,2.22,Normal
Node_2,Node_10,375,TCP,AES-256,11,Normal
Node_10,Node_12,869,UDP,AES-128,10.5,Blackhole_Attack
Node_12,Node_3,333,UDP,AES-128,10.21,Normal
Node_2,Node_17,1122,TCP,AES-256,15.19,Replay_Attack
Node_12,Node_1,779,TCP,AES-256,11.67,Normal
Node_20,Node_9,204,UDP,AES-128,17.39,Normal
Node_16,Node_11,797,UDP,AES-128,5.03,Normal
Node_13,Node_15,536,TCP,AES-256,10.68,Normal
Node_5,Node_10,902,TCP,AES-128,10.42,Normal
Node_14,Node_4,904,TCP,AES-128,4.65,Normal
Node_18,Node_12,949,TCP,AES-192,14.78,Replay_Attack
Node_3,Node_12,149,UDP,AES-128,21.62,Blackhole_Attack
Node_13,Node_18,798,UDP,AES-256,9.91,Normal
Node_3,Node_11,452,TCP,AES-256,12.53,Normal
Node_1,Node_18,150,TCP,AES-128,10.42,Drop_Attack
Node_14,Node_4,166,TCP,AES-256,6.43,Blackhole_Attack
Node_18,Node_4,1165,TCP,AES-128,0.9,Normal
Node_13,Node_4,854,TCP,AES-256,6.47,Normal
Node_14,Node_18,1032,UDP,AES-128,3.04,Normal
Node_12,Node_15,1284,TCP,AES-192,18.52,Normal
Node_19,Node_13,748,UDP,AES-256,9.42,Normal
Node_6,Node_14,1044,TCP,AES-256,8.27,Drop_Attack
Node_16,Node_6,67,TCP,AES-256,14.45,Normal
Node_10,Node_16,380,TCP,AES-192,4.39,Normal
Node_14,Node_10,100,UDP,AES-256,6.17,Normal
Node_1,Node_19,518,TCP,AES-192,10.34,Normal
Node_17,Node_20,1351,UDP,AES-128,15.14,Normal
Node_12,Node_10,1308,TCP,AES-192,12.51,Normal
Node_3,Node_10,857,UDP,AES-192,11.24,Normal
Node_14,Node_13,1142,UDP,AES-192,10.39,Normal
Node_18,Node_11,1070,TCP,AES-128,12,Normal
Node_12,Node_15,157,UDP,AES-256,11.01,Normal
Node_12,Node_14,488,UDP,AES-128,4.85,Normal
Node_3,Node_18,163,UDP,AES-128,10.23,Normal
Node_5,Node_1,130,TCP,AES-192,4.63,Normal
Node_12,Node_15,742,TCP,AES-128,10.41,Normal
Node_16,Node_17,559,TCP,AES-256,7.6,Normal
Node_13,Node_17,1472,UDP,AES-128,22.7,Normal
Node_6,Node_15,284,UDP,AES-192,9.8,Normal
Node_5,Node_1,275,TCP,AES-192,2.98,Normal
Node_5,Node_13,658,UDP,AES-192,9.33,Replay_Attack
Node_10,Node_20,128,TCP,AES-256,12.6,Normal
Node_18,Node_7,1227,UDP,AES-192,18.37,Normal
Node_8,Node_18,1108,UDP,AES-128,7.05,Normal
Node_4,Node_14,503,TCP,AES-128,2.09,Normal
Node_10,Node_8,1141,TCP,AES-256,14.08,Replay_Attack
Node_10,Node_8,704,TCP,AES-256,3.1,Normal
Node_8,Node_1,1071,UDP,AES-128,7.82,Normal
Node_19,Node_20,1382,UDP,AES-192,8.71,Normal
Node_14,Node_13,376,UDP,AES-256,9.65,Normal
Node_4,Node_18,1304,UDP,AES-128,13.45,Replay_Attack
Node_11,Node_14,178,TCP,AES-128,6.58,Replay_Attack
Node_10,Node_2,826,UDP,AES-256,8.63,Normal
Node_4,Node_7,800,TCP,AES-256,9.93,Normal
Node_19,Node_2,601,TCP,AES-256,10.75,Normal
Node_6,Node_18,88,UDP,AES-128,10.49,Normal
Node_14,Node_2,1174,TCP,AES-128,12.18,Normal
Node_5,Node_17,1143,UDP,AES-192,14.22,Normal
Node_20,Node_2,1259,UDP,AES-128,11.96,Normal
Node_11,Node_5,1034,UDP,AES-256,12.27,Normal
Node_18,Node_10,684,UDP,AES-128,2.09,Replay_Attack
Node_9,Node_19,369,UDP,AES-256,10.25,Normal
Node_13,Node_7,208,TCP,AES-192,12.4,Normal
Node_3,Node_11,815,TCP,AES-128,13.64,Normal
Node_4,Node_19,128,TCP,AES-192,6.54,Normal
Node_19,Node_4,603,TCP,AES-256,6.7,Normal
Node_19,Node_14,77,UDP,AES-128,7.13,Drop_Attack
Node_3,Node_18,1226,TCP,AES-128,12.68,Normal
Node_20,Node_5,709,UDP,AES-256,15.17,Normal
Node_5,Node_11,1059,UDP,AES-256,7.96,Normal
Node_7,Node_11,193,TCP,AES-128,14.54,Normal
Node_9,Node_3,469,TCP,AES-256,10.62,Blackhole_Attack
Node_10,Node_1,764,TCP,AES-256,9.38,Normal
Node_6,Node_12,1366,TCP,AES-192,8.94,Normal
Node_1,Node_11,702,UDP,AES-128,13.73,Normal
Node_14,Node_1,1236,UDP,AES-128,11.63,Normal
Node_13,Node_16,268,UDP,AES-256,21.38,Normal
Node_15,Node_18,499,TCP,AES-128,5.74,Normal
Node_9,Node_13,862,UDP,AES-192,12.59,Normal
Node_5,Node_16,735,UDP,AES-256,7.35,Normal
Node_2,Node_16,612,TCP,AES-128,5.65,Normal
Node_15,Node_9,592,UDP,AES-128,9.95,Normal
Node_8,Node_9,1310,TCP,AES-256,10.69,Normal
Node_20,Node_10,246,TCP,AES-256,24.59,Normal
Node_10,Node_3,72,UDP,AES-128,9.08,Normal
Node_14,Node_16,782,TCP,AES-128,4.35,Normal
Node_18,Node_2,776,UDP,AES-192,11.37,Normal
Node_2,Node_4,118,UDP,AES-256,0.1,Normal
Node_14,Node_4,403,UDP,AES-128,9.54,Normal
Node_13,Node_10,107,TCP,AES-192,10.08,Normal
Node_17,Node_13,1014,UDP,AES-256,13.97,Normal
Node_19,Node_17,1274,UDP,AES-256,14.87,Normal
Node_3,Node_16,88,TCP,AES-192,7.48,Normal
Node_1,Node_3,997,UDP,AES-128,9.25,Normal
Node_15,Node_17,518,UDP,AES-192,6.17,Normal
Node_10,Node_7,477,TCP,AES-192,4.36,Normal
Node_4,Node_3,969,TCP,AES-256,11.55,Normal
Node_14,Node_2,138,UDP,AES-256,3.63,Replay_Attack
Node_10,Node_3,794,UDP,AES-256,7.93,Normal
Node_9,Node_8,539,TCP,AES-256,5.02,Normal
Node_10,Node_20,897,UDP,AES-192,12.75,Normal
Node_8,Node_20,287,UDP,AES-256,19.01,Replay_Attack
Node_12,Node_8,66,TCP,AES-192,3.49,Normal
Node_19,Node_20,432,UDP,AES-256,0.73,Normal
Node_12,Node_7,854,TCP,AES-256,9.38,Normal
Node_15,Node_8,276,UDP,AES-128,10.08,Normal
Node_10,Node_15,1486,TCP,AES-192,11.09,Normal
Node_5,Node_8,1211,UDP,AES-256,7.77,Normal
Node_11,Node_8,1337,TCP,AES-192,9,Normal
Node_13,Node_19,992,TCP,AES-192,11.84,Normal
Node_8,Node_10,1244,TCP,AES-128,15.2,Normal
Node_16,Node_13,965,TCP,AES-192,0.22,Drop_Attack
Node_4,Node_17,532,UDP,AES-192,8.16,Normal
Node_4,Node_5,859,TCP,AES-192,11.07,Blackhole_Attack
Node_18,Node_7,823,UDP,AES-192,5.41,Normal
Node_7,Node_20,1159,UDP,AES-128,18.66,Drop_Attack
Node_11,Node_13,1059,TCP,AES-128,6.82,Normal
Node_8,Node_10,1418,TCP,AES-192,9.79,Normal
Node_4,Node_19,873,UDP,AES-256,12.78,Normal
Node_5,Node_13,723,TCP,AES-256,7.04,Normal
Node_2,Node_12,112,TCP,AES-192,0.77,Normal
Node_1,Node_3,1429,TCP,AES-128,7.86,Normal
Node_2,Node_4,733,UDP,AES-128,15.15,Normal
Node_19,Node_15,458,UDP,AES-192,8.32,Normal
Node_20,Node_17,231,TCP,AES-128,5.77,Normal
Node_1,Node_3,1441,TCP,AES-256,14.63,Normal
Node_17,Node_10,1427,UDP,AES-256,8.35,Normal
Node_18,Node_13,1043,TCP,AES-128,7.45,Normal
Node_7,Node_3,189,UDP,AES-256,10.75,Normal
Node_4,Node_17,1448,UDP,AES-256,13.85,Normal
Node_14,Node_12,713,UDP,AES-128,21.91,Normal
Node_5,Node_3,1150,TCP,AES-128,14.14,Replay_Attack
Node_17,Node_13,652,TCP,AES-192,15.8,Normal
Node_8,Node_1,382,TCP,AES-192,7.47,Normal
Node_4,Node_15,1308,TCP,AES-192,4.87,Normal
Node_11,Node_20,199,UDP,AES-192,10.31,Normal
Node_1,Node_9,365,TCP,AES-256,10.54,Normal
Node_19,Node_8,1412,TCP,AES-192,4.61,Blackhole_Attack
Node_13,Node_16,272,TCP,AES-192,9.12,Normal
Node_8,Node_16,1258,UDP,AES-256,12,Normal
Node_19,Node_11,402,TCP,AES-192,11.8,Normal
Node_20,Node_14,590,UDP,AES-192,12.52,Normal
Node_9,Node_8,1353,UDP,AES-256,11.45,Normal
Node_14,Node_18,295,TCP,AES-128,7.46,Normal
Node_8,Node_9,158,UDP,AES-192,7.43,Blackhole_Attack
Node_11,Node_19,1087,UDP,AES-128,4.01,Normal
Node_11,Node_13,1280,TCP,AES-256,18.92,Normal
Node_6,Node_17,1150,UDP,AES-256,10.07,Drop_Attack
Node_5,Node_1,609,UDP,AES-128,8.88,Normal
Node_4,Node_15,429,UDP,AES-192,5.36,Normal
Node_7,Node_5,453,UDP,AES-256,24.68,Normal
Node_18,Node_1,422,UDP,AES-192,4.63,Normal
Node_19,Node_20,1066,UDP,AES-128,7.86,Normal
Node_19,Node_7,1296,UDP,AES-192,12.08,Normal
Node_11,Node_13,202,TCP,AES-192,13,Normal
Node_9,Node_3,214,TCP,AES-192,14.79,Normal
Node_13,Node_16,88,TCP,AES-256,19.04,Normal
Node_5,Node_13,868,UDP,AES-192,12.53,Replay_Attack
Node_18,Node_10,392,TCP,AES-128,4.72,Replay_Attack
Node_12,Node_14,574,TCP,AES-256,8.72,Normal
Node_5,Node_20,404,UDP,AES-256,11.54,Normal
Node_17,Node_15,521,TCP,AES-128,20.34,Drop_Attack
Node_17,Node_18,479,TCP,AES-128,3.01,Normal
Node_8,Node_15,787,UDP,AES-256,16.01,Normal
Node_6,Node_1,1030,TCP,AES-128,10.9,Drop_Attack
Node_18,Node_10,346,UDP,AES-192,14.19,Normal
Node_3,Node_15,1460,TCP,AES-192,9.49,Normal
Node_14,Node_7,1352,UDP,AES-192,5.79,Blackhole_Attack
Node_11,Node_13,743,TCP,AES-256,13.75,Normal
Node_1,Node_13,229,TCP,AES-256,13.27,Drop_Attack
Node_9,Node_5,327,UDP,AES-128,14.86,Normal
Node_2,Node_1,493,UDP,AES-128,9.93,Normal
Node_5,Node_6,556,UDP,AES-128,7,Normal
Node_17,Node_8,69,TCP,AES-256,2.21,Normal
Node_5,Node_10,468,UDP,AES-192,14.1,Normal
Node_19,Node_4,954,TCP,AES-256,12.12,Blackhole_Attack
Node_14,Node_13,516,TCP,AES-192,5.17,Normal
Node_14,Node_13,1207,UDP,AES-256,7.31,Normal
Node_1,Node_9,486,TCP,AES-192,7.67,Normal
Node_9,Node_3,102,UDP,AES-128,2.59,Normal
Node_9,Node_20,1014,TCP,AES-128,5.91,Normal
Node_10,Node_11,742,TCP,AES-128,4.33,Normal
Node_4,Node_17,897,UDP,AES-128,7.94,Normal
Node_14,Node_6,1120,TCP,AES-256,6.31,Replay_Attack
Node_1,Node_12,101,UDP,AES-256,1.86,Normal
Node_14,Node_4,463,TCP,AES-192,20.11,Normal
Node_11,Node_13,391,TCP,AES-256,16.26,Normal
Node_18,Node_2,728,TCP,AES-192,6.1,Normal
Node_10,Node_8,780,UDP,AES-256,11.36,Blackhole_Attack
Node_10,Node_17,892,TCP,AES-192,12.09,Normal
Node_7,Node_13,159,TCP,AES-128,15.96,Drop_Attack
Node_11,Node_12,1101,UDP,AES-128,5.91,Normal
Node_18,Node_19,1166,TCP,AES-192,15.46,Replay_Attack
Node_9,Node_19,1267,TCP,AES-128,7.26,Drop_Attack
Node_18,Node_17,78,UDP,AES-128,3.32,Normal
Node_14,Node_3,697,TCP,AES-128,13.62,Normal
Node_8,Node_13,736,UDP,AES-256,16.45,Normal
Node_20,Node_6,156,UDP,AES-256,22.94,Normal
Node_19,Node_14,971,UDP,AES-192,4,Normal
Node_20,Node_3,283,TCP,AES-192,13.49,Normal
Node_18,Node_8,101,UDP,AES-192,7.95,Normal
Node_5,Node_16,576,UDP,AES-256,13.92,Drop_Attack
Node_19,Node_12,1150,UDP,AES-128,2.65,Normal
Node_4,Node_13,1414,TCP,AES-128,3.69,Replay_Attack
Node_17,Node_13,188,TCP,AES-256,6.12,Normal
Node_15,Node_14,1458,TCP,AES-128,10.39,Normal
Node_19,Node_17,1265,TCP,AES-128,6.79,Normal
Node_16,Node_9,863,TCP,AES-256,13.3,Replay_Attack
Node_19,Node_16,1246,TCP,AES-192,15.13,Drop_Attack
Node_2,Node_9,496,UDP,AES-256,13,Normal
Node_17,Node_12,362,UDP,AES-256,18.09,Normal
Node_18,Node_17,876,TCP,AES-256,12.08,Normal
Node_9,Node_8,1242,UDP,AES-192,3.92,Normal
Node_2,Node_20,81,TCP,AES-192,16.82,Normal
Node_19,Node_10,1324,UDP,AES-192,6.97,Normal
Node_9,Node_11,631,TCP,AES-128,14.55,Normal
Node_19,Node_6,936,TCP,AES-192,17.87,Normal
Node_11,Node_10,1403,TCP,AES-192,12.28,Normal
Node_12,Node_20,287,UDP,AES-128,2.52,Normal
Node_9,Node_8,762,TCP,AES-256,5.41,Normal
Node_19,Node_2,1010,UDP,AES-192,16.61,Normal
Node_11,Node_16,1103,TCP,AES-256,9.15,Normal
Node_14,Node_19,211,UDP,AES-192,10.4,Normal
Node_7,Node_11,1450,TCP,AES-192,13.79,Normal
Node_7,Node_2,970,TCP,AES-256,13.48,Normal
Node_15,Node_13,256,TCP,AES-192,11.39,Normal
Node_1,Node_17,1104,TCP,AES-192,8.96,Normal
Node_5,Node_8,468,UDP,AES-192,8.44,Replay_Attack
Node_19,Node_11,330,UDP,AES-256,14.29,Normal
Node_6,Node_9,242,TCP,AES-256,12.77,Normal
Node_11,Node_7,388,UDP,AES-128,8.71,Normal
Node_11,Node_4,647,UDP,AES-128,15.41,Normal
Node_2,Node_8,350,TCP,AES-128,9.35,Normal
Node_16,Node_3,662,UDP,AES-256,5.74,Normal
Node_2,Node_20,561,UDP,AES-192,6.21,Normal
Node_15,Node_2,368,TCP,AES-128,5.11,Normal
Node_16,Node_9,214,TCP,AES-192,8.64,Normal
Node_9,Node_13,1218,UDP,AES-192,16.17,Normal
Node_4,Node_7,284,TCP,AES-256,5.97,Normal
Node_5,Node_17,1450,TCP,AES-192,10.94,Normal
Node_15,Node_13,275,TCP,AES-128,6.72,Normal
Node_18,Node_8,1407,TCP,AES-192,8.7,Normal
Node_10,Node_15,1205,UDP,AES-128,2.45,Normal
Node_9,Node_13,821,UDP,AES-192,8.9,Normal
Node_2,Node_6,899,TCP,AES-256,9.03,Normal
Node_1,Node_17,1084,UDP,AES-256,12.7,Normal
Node_10,Node_7,539,TCP,AES-192,11.12,Normal
Node_7,Node_20,1294,TCP,AES-192,4.01,Normal
Node_14,Node_2,123,TCP,AES-256,15.42,Normal
Node_8,Node_14,1222,UDP,AES-256,11.05,Normal
Node_5,Node_15,1216,TCP,AES-128,10.99,Normal
Node_6,Node_5,191,UDP,AES-192,9.95,Normal
Node_1,Node_14,277,UDP,AES-256,7.41,Blackhole_Attack
Node_15,Node_1,201,UDP,AES-256,11.09,Replay_Attack
Node_19,Node_7,581,UDP,AES-256,12.38,Drop_Attack
Node_6,Node_4,847,TCP,AES-256,1.27,Blackhole_Attack
Node_8,Node_9,1268,TCP,AES-256,7.31,Normal
Node_19,Node_13,1392,TCP,AES-128,8.73,Drop_Attack
Node_16,Node_3,390,TCP,AES-192,11.28,Replay_Attack
Node_5,Node_6,1110,TCP,AES-256,15.97,Normal
Node_9,Node_6,993,TCP,AES-192,6.14,Normal
Node_18,Node_11,1069,UDP,AES-128,7.51,Normal
Node_5,Node_2,883,TCP,AES-128,7.44,Normal
Node_17,Node_1,226,TCP,AES-192,5.99,Normal
Node_18,Node_2,660,UDP,AES-192,8.26,Normal
Node_12,Node_18,1251,UDP,AES-128,13.85,Normal
Node_9,Node_17,900,TCP,AES-256,4.73,Normal
Node_1,Node_15,607,UDP,AES-128,12.14,Normal
Node_9,Node_12,426,UDP,AES-192,1.49,Normal
Node_18,Node_15,1487,UDP,AES-192,7.19,Normal
Node_18,Node_9,92,UDP,AES-128,8.35,Normal
Node_20,Node_9,917,UDP,AES-192,18.37,Normal
Node_2,Node_15,240,TCP,AES-256,8.63,Normal
Node_20,Node_15,377,UDP,AES-128,0.1,Normal
Node_2,Node_6,1113,TCP,AES-192,0.1,Normal
Node_3,Node_14,590,TCP,AES-192,10.17,Drop_Attack
Node_16,Node_3,1385,UDP,AES-128,13.07,Normal
Node_13,Node_19,1119,TCP,AES-128,11.88,Blackhole_Attack
Node_10,Node_17,1246,UDP,AES-256,10.84,Drop_Attack
Node_7,Node_4,420,UDP,AES-128,15.81,Normal
Node_12,Node_8,828,UDP,AES-128,7.3,Normal
Node_1,Node_4,1245,TCP,AES-256,14.47,Normal
Node_9,Node_19,104,UDP,AES-128,1.84,Normal
Node_4,Node_17,66,UDP,AES-192,5.48,Normal
Node_4,Node_13,413,TCP,AES-192,0.96,Normal
Node_4,Node_2,1029,UDP,AES-128,8.63,Normal
Node_8,Node_15,1186,UDP,AES-256,9.77,Normal
Node_13,Node_16,1496,TCP,AES-256,10.57,Normal
Node_14,Node_3,1435,TCP,AES-192,10.31,Normal
Node_3,Node_2,1232,TCP,AES-128,5.36,Normal
Node_2,Node_5,1080,UDP,AES-128,9.05,Normal
Node_1,Node_13,162,TCP,AES-192,2.51,Normal
Node_19,Node_16,398,TCP,AES-256,16.82,Normal
Node_6,Node_2,231,TCP,AES-256,8.48,Normal
Node_16,Node_12,1342,UDP,AES-192,7.56,Normal
Node_11,Node_8,1291,UDP,AES-192,17.94,Normal
Node_15,Node_10,585,TCP,AES-192,3.79,Normal
Node_20,Node_9,1434,TCP,AES-128,4.37,Normal
Node_13,Node_10,295,UDP,AES-256,4.52,Normal
Node_10,Node_2,1456,UDP,AES-128,9.66,Normal
Node_7,Node_9,1003,TCP,AES-192,12.16,Normal
Node_13,Node_20,1470,UDP,AES-192,13.7,Normal
Node_13,Node_1,1149,UDP,AES-192,22.86,Normal
Node_3,Node_16,680,TCP,AES-192,0.1,Normal
Node_20,Node_13,1121,TCP,AES-192,13.04,Normal
Node_20,Node_2,1119,TCP,AES-128,7.21,Normal
Node_11,Node_18,884,TCP,AES-192,7.07,Normal
Node_12,Node_16,587,UDP,AES-192,6.9,Blackhole_Attack
Node_14,Node_7,438,UDP,AES-192,5.46,Normal
Node_11,Node_5,967,TCP,AES-128,18.42,Normal
Node_3,Node_2,1499,UDP,AES-256,14.21,Normal
Node_18,Node_9,904,UDP,AES-256,10.12,Normal
Node_11,Node_8,403,TCP,AES-128,16.76,Normal
Node_19,Node_14,305,TCP,AES-128,2.44,Normal
Node_15,Node_7,1396,UDP,AES-256,3.35,Normal
Node_18,Node_1,145,TCP,AES-128,0.1,Normal
Node_14,Node_9,381,UDP,AES-256,6.5,Normal
Node_16,Node_5,81,UDP,AES-192,10.81,Normal
Node_6,Node_20,1122,UDP,AES-256,10.51,Normal
Node_20,Node_5,195,UDP,AES-192,10.75,Normal
Node_9,Node_19,637,UDP,AES-192,2.94,Normal
Node_10,Node_6,1259,TCP,AES-192,14.02,Normal
Node_16,Node_19,580,UDP,AES-128,11.2,Drop_Attack
Node_6,Node_17,752,TCP,AES-192,13.67,Normal
Node_5,Node_7,931,UDP,AES-192,0.54,Normal
Node_17,Node_18,1393,UDP,AES-256,11.56,Normal
Node_17,Node_15,1027,UDP,AES-192,4.06,Normal
Node_17,Node_9,989,UDP,AES-128,8.01,Normal
Node_1,Node_5,1314,TCP,AES-256,12.67,Normal
Node_7,Node_15,70,UDP,AES-256,10.46,Normal
Node_15,Node_11,1422,TCP,AES-256,5.74,Normal
Node_9,Node_14,574,TCP,AES-128,10.03,Normal
Node_9,Node_18,650,UDP,AES-192,2.34,Normal
Node_14,Node_12,897,TCP,AES-128,15.75,Normal
Node_14,Node_19,887,TCP,AES-256,8.97,Replay_Attack
Node_2,Node_16,121,UDP,AES-192,15.59,Normal
Node_17,Node_1,711,TCP,AES-128,7.37,Normal
Node_5,Node_6,984,UDP,AES-128,7.38,Normal
Node_7,Node_16,1446,TCP,AES-256,6.18,Normal
Node_16,Node_3,1163,UDP,AES-256,14.38,Normal
Node_10,Node_11,999,UDP,AES-192,6.45,Normal
Node_3,Node_5,330,TCP,AES-128,13.22,Normal
Node_1,Node_17,1179,TCP,AES-256,8.09,Normal
Node_18,Node_2,873,UDP,AES-128,0.12,Normal
Node_10,Node_13,1339,UDP,AES-256,7.15,Normal
Node_8,Node_13,950,UDP,AES-256,4.1,Normal
Node_3,Node_18,122,TCP,AES-256,10.17,Normal
Node_17,Node_6,757,TCP,AES-128,4.05,Normal
Node_17,Node_19,844,UDP,AES-256,14.63,Drop_Attack
Node_20,Node_9,862,UDP,AES-128,9.54,Normal
Node_6,Node_19,650,UDP,AES-128,9.11,Normal
Node_2,Node_9,226,TCP,AES-256,13.28,Normal
Node_20,Node_18,1201,UDP,AES-128,14.82,Normal
Node_6,Node_8,390,TCP,AES-128,9.9,Normal
Node_13,Node_18,957,UDP,AES-128,6.14,Normal
Node_16,Node_19,861,TCP,AES-192,1.13,Normal
Node_11,Node_6,1029,TCP,AES-256,6.57,Normal
Node_13,Node_1,562,TCP,AES-128,6.91,Normal
Node_16,Node_15,1213,TCP,AES-192,10.54,Normal
Node_3,Node_1,896,TCP,AES-256,8.27,Normal
Node_8,Node_10,1370,UDP,AES-256,13.44,Normal
Node_16,Node_8,764,UDP,AES-128,6.94,Normal
Node_5,Node_16,1087,TCP,AES-128,9.71,Normal
Node_7,Node_12,1150,UDP,AES-256,15.92,Normal
Node_7,Node_2,321,UDP,AES-128,11.71,Normal
Node_5,Node_7,1191,UDP,AES-192,9.7,Normal
Node_1,Node_11,398,UDP,AES-128,6.99,Normal
Node_5,Node_12,764,UDP,AES-192,6.83,Normal
Node_17,Node_8,1249,UDP,AES-192,5.75,Normal
Node_10,Node_4,276,UDP,AES-192,7.29,Normal
Node_18,Node_3,800,UDP,AES-256,13.78,Normal
Node_10,Node_14,1384,UDP,AES-128,8.89,Normal
Node_11,Node_14,1310,TCP,AES-192,3.25,Normal
Node_9,Node_18,1438,UDP,AES-256,18.84,Normal
Node_16,Node_8,488,TCP,AES-256,11.6,Normal
Node_3,Node_7,644,UDP,AES-192,2.97,Normal
Node_15,Node_1,85,UDP,AES-128,7.79,Normal
Node_20,Node_9,704,UDP,AES-128,10.55,Normal
Node_2,Node_17,908,TCP,AES-256,18.52,Normal
Node_11,Node_7,185,TCP,AES-128,4.46,Normal
Node_2,Node_9,565,TCP,AES-256,14.88,Blackhole_Attack
Node_16,Node_3,833,TCP,AES-256,17,Normal
Node_12,Node_15,1189,TCP,AES-192,6.86,Normal
Node_18,Node_3,142,TCP,AES-128,8.61,Normal
Node_7,Node_8,1000,UDP,AES-128,4.82,Normal
Node_15,Node_1,328,UDP,AES-192,8.98,Normal
Node_15,Node_3,716,UDP,AES-192,9.82,Normal
Node_20,Node_12,1011,UDP,AES-192,13.3,Normal
Node_11,Node_20,766,UDP,AES-192,15.45,Drop_Attack
Node_8,Node_14,338,TCP,AES-192,6.26,Blackhole_Attack
Node_10,Node_3,1209,TCP,AES-256,0.16,Normal
Node_6,Node_12,332,UDP,AES-128,9.89,Normal
Node_2,Node_16,1433,TCP,AES-128,11.47,Normal
Node_11,Node_4,201,TCP,AES-128,11.25,Normal
Node_12,Node_17,668,UDP,AES-192,8.37,Replay_Attack
Node_5,Node_17,1355,UDP,AES-256,10.62,Normal
Node_15,Node_7,116,TCP,AES-192,17.58,Normal
Node_7,Node_13,1463,TCP,AES-128,11.91,Normal
Node_3,Node_7,646,UDP,AES-128,8.13,Normal
Node_6,Node_20,474,UDP,AES-128,7.5,Normal
Node_1,Node_20,577,TCP,AES-128,9.15,Normal
Node_3,Node_19,143,UDP,AES-256,18.18,Normal
Node_6,Node_13,1043,UDP,AES-256,9.08,Normal
Node_1,Node_11,1043,UDP,AES-128,9.9,Blackhole_Attack
Node_5,Node_12,683,UDP,AES-128,7.59,Blackhole_Attack
Node_4,Node_8,683,TCP,AES-192,15.49,Normal
Node_12,Node_17,204,TCP,AES-128,19.8,Normal
Node_20,Node_14,1481,TCP,AES-192,12.25,Normal
Node_14,Node_3,444,UDP,AES-128,10.41,Normal
Node_5,Node_4,302,TCP,AES-128,10.18,Normal
Node_20,Node_3,1489,TCP,AES-256,0.1,Replay_Attack
Node_10,Node_20,689,TCP,AES-128,13.73,Normal
Node_20,Node_2,1202,TCP,AES-256,10.67,Normal
Node_14,Node_10,802,TCP,AES-128,12.14,Blackhole_Attack
Node_19,Node_20,137,TCP,AES-128,6.44,Normal
Node_7,Node_12,867,TCP,AES-128,8.08,Normal
Node_5,Node_9,946,UDP,AES-192,7.94,Drop_Attack
Node_3,Node_17,238,TCP,AES-256,15.11,Normal
Node_18,Node_20,252,TCP,AES-256,8.11,Normal
Node_16,Node_10,137,UDP,AES-128,20.41,Blackhole_Attack
Node_6,Node_1,573,UDP,AES-192,12.15,Normal
Node_14,Node_1,1073,TCP,AES-192,3.62,Normal
Node_16,Node_13,770,TCP,AES-256,9.36,Normal
Node_12,Node_5,797,UDP,AES-128,6.74,Normal
Node_13,Node_7,304,UDP,AES-128,0.1,Normal
Node_16,Node_18,221,TCP,AES-256,18,Normal
Node_2,Node_12,1477,UDP,AES-128,13.52,Normal
Node_19,Node_13,485,TCP,AES-192,12.67,Normal
Node_15,Node_1,91,UDP,AES-256,10.83,Normal
Node_13,Node_14,877,TCP,AES-256,3.09,Replay_Attack
Node_15,Node_2,123,UDP,AES-128,7.58,Normal
Node_11,Node_18,82,TCP,AES-256,14.21,Normal
Node_3,Node_10,1407,TCP,AES-256,4.74,Normal
Node_8,Node_6,506,UDP,AES-128,0.1,Normal
Node_13,Node_11,1158,UDP,AES-192,8.86,Normal
Node_18,Node_17,1194,TCP,AES-256,9.29,Normal
Node_6,Node_9,1022,UDP,AES-256,10.68,Normal
Node_19,Node_16,445,TCP,AES-256,13.64,Normal
Node_11,Node_19,1482,TCP,AES-256,13.19,Normal
Node_11,Node_9,793,UDP,AES-128,11.29,Normal
Node_4,Node_20,925,TCP,AES-128,15.98,Normal
Node_17,Node_6,545,UDP,AES-192,2.41,Normal
Node_7,Node_19,1065,TCP,AES-192,12.52,Normal
Node_7,Node_5,556,TCP,AES-128,13.13,Normal
Node_8,Node_15,586,UDP,AES-192,3.8,Normal
Node_14,Node_15,624,UDP,AES-256,2.49,Normal
Node_9,Node_4,868,TCP,AES-192,6.27,Normal
Node_5,Node_2,883,TCP,AES-128,6.69,Normal
Node_12,Node_6,1241,UDP,AES-192,13.77,Normal
Node_4,Node_10,797,UDP,AES-128,6.93,Normal
Node_4,Node_10,582,TCP,AES-192,5.72,Normal
Node_18,Node_4,702,TCP,AES-256,6.94,Normal
Node_3,Node_4,912,UDP,AES-128,15.59,Drop_Attack
Node_7,Node_14,219,TCP,AES-256,10.07,Normal
Node_13,Node_1,745,UDP,AES-192,9.1,Normal
Node_9,Node_14,782,UDP,AES-128,9.45,Normal
Node_17,Node_8,841,UDP,AES-128,16.46,Normal
Node_3,Node_10,119,TCP,AES-192,6.25,Normal
Node_9,Node_12,639,UDP,AES-256,16.58,Normal
Node_14,Node_15,122,TCP,AES-128,11.05,Normal
Node_3,Node_4,1294,UDP,AES-256,9.2,Normal
Node_5,Node_17,370,TCP,AES-256,22.5,Normal
Node_19,Node_16,610,TCP,AES-256,4.72,Blackhole_Attack
Node_15,Node_7,863,TCP,AES-256,8.23,Normal
Node_2,Node_20,729,UDP,AES-128,3.84,Normal
Node_19,Node_7,593,TCP,AES-256,14.76,Normal
Node_3,Node_15,1462,UDP,AES-128,18.45,Normal
Node_3,Node_8,907,UDP,AES-128,18.35,Normal
Node_17,Node_9,1214,UDP,AES-128,16.12,Normal
Node_16,Node_15,133,TCP,AES-256,9.01,Normal
Node_16,Node_20,741,UDP,AES-256,8.17,Replay_Attack
Node_12,Node_9,647,UDP,AES-192,1.64,Normal
Node_10,Node_5,237,UDP,AES-256,20.18,Normal
Node_12,Node_15,331,UDP,AES-192,12.34,Normal
Node_1,Node_2,293,UDP,AES-256,7.54,Normal
Node_3,Node_16,483,UDP,AES-192,16.64,Normal
Node_10,Node_12,1262,TCP,AES-128,5.14,Normal
Node_4,Node_15,499,TCP,AES-128,12.03,Normal
Node_17,Node_16,250,TCP,AES-128,9.14,Replay_Attack
Node_4,Node_6,1462,UDP,AES-256,13.19,Normal
Node_15,Node_13,217,TCP,AES-128,9.68,Normal
Node_19,Node_10,1209,UDP,AES-128,2.75,Normal
Node_10,Node_6,1345,TCP,AES-192,10.38,Normal
Node_5,Node_19,477,TCP,AES-192,15.24,Normal
Node_18,Node_16,799,UDP,AES-256,9.85,Normal
Node_18,Node_4,1414,TCP,AES-128,13.88,Normal
Node_14,Node_11,838,UDP,AES-256,4.77,Normal
Node_16,Node_4,233,UDP,AES-256,9.87,Normal
Node_3,Node_18,1023,TCP,AES-256,6.88,Normal
Node_20,Node_9,213,TCP,AES-192,13.73,Normal
Node_4,Node_5,917,TCP,AES-128,10.16,Normal
Node_13,Node_9,585,UDP,AES-256,13.45,Normal
Node_4,Node_20,1097,TCP,AES-128,15.44,Normal
Node_15,Node_12,685,TCP,AES-256,13.46,Normal
Node_16,Node_7,1437,UDP,AES-256,11.37,Normal
Node_16,Node_17,662,UDP,AES-192,5.01,Drop_Attack
Node_4,Node_6,761,TCP,AES-128,9.99,Normal
Node_4,Node_7,241,TCP,AES-256,7.33,Normal
Node_6,Node_14,1053,TCP,AES-256,8.28,Normal
Node_13,Node_15,103,TCP,AES-256,8.13,Normal
Node_7,Node_19,504,UDP,AES-192,5.1,Drop_Attack
Node_17,Node_5,286,TCP,AES-128,0.21,Normal
Node_16,Node_1,1279,TCP,AES-192,6.66,Replay_Attack
Node_2,Node_18,1357,UDP,AES-256,10.97,Normal
Node_14,Node_20,524,TCP,AES-128,3.26,Normal
Node_2,Node_20,1118,TCP,AES-192,10.08,Normal
Node_20,Node_5,1441,UDP,AES-192,19.5,Normal
Node_18,Node_15,902,TCP,AES-256,15.12,Normal
Node_2,Node_17,650,UDP,AES-192,18.22,Normal
Node_15,Node_5,938,UDP,AES-192,11.96,Normal
Node_9,Node_3,1288,TCP,AES-256,15.84,Blackhole_Attack
Node_16,Node_20,780,TCP,AES-128,6.38,Normal
Node_11,Node_5,369,TCP,AES-128,6.78,Normal
Node_6,Node_14,1316,TCP,AES-128,0.1,Normal
Node_13,Node_9,771,TCP,AES-192,15.93,Normal
Node_8,Node_9,84,TCP,AES-192,17.7,Normal
Node_9,Node_2,844,TCP,AES-192,7.23,Blackhole_Attack
Node_5,Node_10,1016,UDP,AES-256,8.73,Normal
Node_4,Node_6,765,TCP,AES-192,6.23,Normal
Node_19,Node_20,114,TCP,AES-256,11.91,Normal
Node_7,Node_14,899,TCP,AES-128,15.62,Drop_Attack
Node_9,Node_5,370,UDP,AES-256,1.29,Normal
Node_17,Node_8,1017,TCP,AES-128,12.05,Normal
Node_6,Node_7,754,TCP,AES-128,8.62,Replay_Attack
Node_2,Node_1,1176,UDP,AES-128,10.57,Normal
Node_9,Node_2,482,UDP,AES-128,12.29,Normal
Node_7,Node_9,466,TCP,AES-256,9.06,Normal
Node_17,Node_7,1156,UDP,AES-192,9.48,Normal
Node_3,Node_6,801,UDP,AES-256,8.93,Normal
Node_1,Node_10,1015,TCP,AES-192,14.85,Blackhole_Attack
Node_12,Node_4,1041,UDP,AES-256,12.09,Normal
Node_18,Node_1,1400,UDP,AES-192,11.1,Normal
Node_12,Node_10,683,TCP,AES-128,3.65,Normal
Node_18,Node_8,1013,TCP,AES-192,8.11,Normal
Node_11,Node_7,361,UDP,AES-128,14.49,Normal
Node_20,Node_14,1133,UDP,AES-256,10.19,Normal
Node_5,Node_18,1202,TCP,AES-256,13.3,Normal
Node_2,Node_9,1299,UDP,AES-256,18.83,Normal
Node_15,Node_18,509,TCP,AES-128,15.19,Normal
Node_1,Node_9,401,TCP,AES-256,10.47,Normal
Node_19,Node_14,771,UDP,AES-128,7.45,Normal
Node_1,Node_6,743,TCP,AES-192,0.1,Normal
Node_17,Node_13,1370,TCP,AES-192,9.16,Normal
Node_8,Node_11,1076,UDP,AES-192,8.37,Drop_Attack
Node_19,Node_18,941,TCP,AES-128,11.95,Normal
Node_12,Node_3,65,TCP,AES-256,9.23,Normal
Node_10,Node_5,1025,UDP,AES-128,8.4,Normal
Node_11,Node_13,1223,UDP,AES-128,1.1,Normal
Node_15,Node_10,485,UDP,AES-128,5.3,Normal
Node_9,Node_12,1285,UDP,AES-128,12.38,Normal
Node_19,Node_12,720,UDP,AES-192,18.58,Normal
Node_12,Node_7,216,UDP,AES-128,9.51,Normal
Node_7,Node_2,173,TCP,AES-256,11.64,Normal
Node_1,Node_6,1021,TCP,AES-192,14.76,Normal
Node_8,Node_6,782,UDP,AES-256,5.95,Normal
Node_7,Node_6,412,TCP,AES-192,11.83,Normal
Node_15,Node_9,1219,TCP,AES-256,6.3,Normal
Node_14,Node_13,74,TCP,AES-256,14.32,Blackhole_Attack
Node_18,Node_17,946,UDP,AES-256,10.76,Normal
Node_1,Node_16,489,TCP,AES-192,11.49,Normal
Node_15,Node_19,1233,TCP,AES-256,6.09,Normal
Node_12,Node_13,1354,UDP,AES-128,13.54,Normal
Node_14,Node_2,1326,TCP,AES-256,20.42,Normal
Node_4,Node_15,663,UDP,AES-256,4.96,Normal
Node_4,Node_1,648,UDP,AES-192,8.3,Normal
Node_9,Node_15,955,UDP,AES-192,11.16,Normal
Node_7,Node_9,1169,UDP,AES-256,13.93,Normal
Node_11,Node_5,1090,TCP,AES-256,7.2,Normal
Node_14,Node_12,243,TCP,AES-192,0.1,Normal
Node_10,Node_16,970,TCP,AES-256,16.8,Normal
Node_18,Node_17,548,UDP,AES-192,13.8,Normal
Node_9,Node_13,152,UDP,AES-256,1.29,Normal
Node_7,Node_18,147,UDP,AES-128,6.96,Normal
Node_2,Node_6,554,TCP,AES-256,17.84,Normal
Node_19,Node_13,638,UDP,AES-256,17.24,Normal
Node_6,Node_10,519,UDP,AES-128,14.69,Normal
Node_17,Node_13,1282,UDP,AES-128,9.12,Normal
Node_6,Node_4,1468,UDP,AES-192,10.41,Replay_Attack
Node_3,Node_1,1131,TCP,AES-128,9.35,Normal
Node_10,Node_15,1337,UDP,AES-192,15.64,Normal
Node_10,Node_20,184,TCP,AES-192,5.62,Normal
Node_15,Node_9,1005,UDP,AES-256,5.97,Normal
Node_4,Node_3,936,TCP,AES-128,15.05,Normal
Node_11,Node_2,550,UDP,AES-256,9.78,Normal
Node_12,Node_19,901,TCP,AES-256,16.89,Normal
Node_2,Node_3,683,TCP,AES-192,6.64,Normal
Node_8,Node_7,507,UDP,AES-128,9.73,Normal
Node_14,Node_13,66,TCP,AES-128,5.39,Normal
Node_11,Node_1,117,TCP,AES-256,10.04,Normal
Node_16,Node_7,1126,TCP,AES-128,2.61,Normal
Node_1,Node_4,441,UDP,AES-192,7.56,Normal
Node_4,Node_19,253,UDP,AES-256,2.82,Blackhole_Attack
Node_3,Node_11,1308,TCP,AES-128,13.47,Normal
Node_12,Node_2,793,UDP,AES-128,13.58,Normal
Node_19,Node_8,1244,UDP,AES-256,1.35,Normal
Node_17,Node_14,1416,UDP,AES-128,16.67,Normal
Node_18,Node_1,1378,UDP,AES-256,22.49,Normal
Node_20,Node_7,397,UDP,AES-128,10.23,Normal
Node_4,Node_15,235,TCP,AES-256,6.79,Normal
Node_5,Node_3,462,UDP,AES-256,24.12,Normal
Node_5,Node_2,1216,UDP,AES-128,3.41,Normal
Node_7,Node_17,1448,TCP,AES-192,10.1,Normal
Node_17,Node_19,778,UDP,AES-128,10.9,Normal
Node_9,Node_19,78,UDP,AES-192,16.73,Blackhole_Attack
Node_6,Node_15,332,TCP,AES-256,11.8,Normal
Node_2,Node_14,1276,UDP,AES-128,7.51,Normal
Node_16,Node_3,408,TCP,AES-128,5.24,Normal
Node_2,Node_4,1174,TCP,AES-128,8.29,Normal
Node_5,Node_9,1455,TCP,AES-128,4.97,Drop_Attack
Node_17,Node_16,1253,TCP,AES-128,10.24,Normal
Node_5,Node_9,299,UDP,AES-256,7.18,Normal
Node_14,Node_19,1411,TCP,AES-128,2.53,Normal
Node_13,Node_4,1232,UDP,AES-256,16.28,Drop_Attack
Node_12,Node_6,246,TCP,AES-128,7.51,Normal
Node_7,Node_15,76,TCP,AES-192,3.66,Normal
Node_4,Node_19,91,UDP,AES-192,9.16,Normal
Node_14,Node_2,1172,TCP,AES-256,10.34,Normal
Node_4,Node_10,142,TCP,AES-192,1.27,Normal
Node_11,Node_9,638,UDP,AES-128,11.66,Normal
Node_1,Node_20,1456,UDP,AES-256,4.76,Replay_Attack
Node_15,Node_9,761,UDP,AES-192,18.56,Normal
Node_8,Node_19,777,TCP,AES-192,12.62,Normal
Node_20,Node_9,224,UDP,AES-128,8,Normal
Node_1,Node_11,1334,UDP,AES-192,6.27,Normal
Node_15,Node_14,430,UDP,AES-128,9.48,Normal
Node_18,Node_10,994,UDP,AES-192,13.06,Normal
Node_20,Node_12,463,TCP,AES-128,9.87,Normal
Node_10,Node_17,348,UDP,AES-128,8.91,Normal
Node_10,Node_14,1126,UDP,AES-256,10.29,Normal
Node_5,Node_14,329,UDP,AES-192,6.98,Drop_Attack
Node_18,Node_13,955,TCP,AES-128,8.28,Normal
Node_17,Node_5,617,UDP,AES-256,0.1,Normal
Node_14,Node_17,1396,TCP,AES-128,14.87,Normal
Node_13,Node_6,1083,UDP,AES-256,11.49,Normal
Node_6,Node_3,809,UDP,AES-128,6.13,Normal
Node_5,Node_12,367,UDP,AES-128,19.49,Normal
Node_11,Node_5,763,UDP,AES-128,10.44,Drop_Attack
Node_17,Node_10,1293,UDP,AES-128,4.82,Normal
Node_4,Node_13,179,UDP,AES-128,14.28,Drop_Attack
Node_8,Node_12,471,TCP,AES-128,11.99,Normal
Node_17,Node_9,824,UDP,AES-128,11.97,Normal
Node_20,Node_8,654,TCP,AES-128,7.87,Blackhole_Attack
Node_4,Node_1,1302,TCP,AES-128,12.25,Normal
Node_19,Node_9,592,TCP,AES-256,8.69,Drop_Attack
Node_3,Node_10,127,UDP,AES-256,12.78,Normal
Node_7,Node_16,1050,TCP,AES-256,0.48,Normal
Node_2,Node_6,261,TCP,AES-192,7.83,Normal
Node_5,Node_9,253,TCP,AES-192,18.61,Normal
Node_19,Node_17,229,TCP,AES-256,6.16,Replay_Attack
Node_19,Node_13,372,UDP,AES-128,6.98,Normal
Node_12,Node_16,1127,UDP,AES-128,7.76,Normal
Node_12,Node_18,1033,UDP,AES-192,3.93,Normal
Node_12,Node_5,918,TCP,AES-256,0.1,Normal
Node_17,Node_19,358,TCP,AES-256,8.85,Normal
Node_16,Node_5,708,UDP,AES-192,10.68,Normal
Node_5,Node_12,478,UDP,AES-128,9.74,Drop_Attack
Node_18,Node_6,1197,TCP,AES-192,9.28,Replay_Attack
Node_12,Node_8,1198,TCP,AES-256,10.22,Normal
Node_6,Node_1,600,UDP,AES-192,15.11,Normal
Node_13,Node_14,154,TCP,AES-256,9.05,Normal
Node_16,Node_10,721,UDP,AES-128,7.13,Normal
Node_5,Node_2,1345,UDP,AES-192,8.59,Normal
Node_7,Node_14,1201,UDP,AES-256,12.9,Normal
Node_12,Node_5,875,TCP,AES-128,17.06,Normal
Node_2,Node_17,669,TCP,AES-192,6.86,Normal
Node_9,Node_8,71,TCP,AES-128,10.49,Normal
Node_3,Node_10,650,UDP,AES-128,11.69,Normal
Node_20,Node_13,690,UDP,AES-256,5.04,Normal
Node_9,Node_7,501,TCP,AES-256,10.1,Normal
Node_16,Node_4,314,UDP,AES-128,2.67,Normal
Node_8,Node_10,1253,UDP,AES-128,1.15,Normal
Node_20,Node_15,122,TCP,AES-128,11.83,Normal
Node_7,Node_11,527,UDP,AES-192,8.08,Normal
Node_16,Node_12,1175,UDP,AES-256,11.01,Normal
Node_3,Node_18,1136,TCP,AES-192,9.91,Normal
Node_2,Node_6,300,UDP,AES-256,5.12,Normal
Node_16,Node_9,509,UDP,AES-192,9.77,Normal
Node_8,Node_18,325,UDP,AES-192,3.83,Normal
Node_2,Node_8,503,TCP,AES-128,16.95,Normal
Node_8,Node_12,604,TCP,AES-192,3.22,Drop_Attack
Node_4,Node_11,1139,TCP,AES-192,9.02,Normal
Node_10,Node_16,1029,UDP,AES-192,4.79,Replay_Attack
Node_13,Node_15,787,UDP,AES-128,12.85,Drop_Attack
Node_5,Node_7,1189,TCP,AES-128,8.34,Normal
Node_6,Node_19,324,TCP,AES-256,7.41,Normal
Node_7,Node_18,914,TCP,AES-192,14.27,Normal
Node_9,Node_16,337,UDP,AES-192,10.15,Normal
Node_7,Node_8,468,TCP,AES-192,12.58,Normal
Node_12,Node_20,946,TCP,AES-256,5.09,Normal
Node_13,Node_14,1415,UDP,AES-128,2.98,Normal
Node_18,Node_12,538,TCP,AES-128,10.54,Normal
Node_9,Node_7,760,UDP,AES-256,8.41,Normal
Node_18,Node_3,294,UDP,AES-192,13.13,Normal
Node_5,Node_10,435,TCP,AES-128,9.6,Normal
Node_8,Node_16,1205,TCP,AES-192,11.03,Normal
Node_1,Node_11,1209,TCP,AES-192,1.88,Normal
Node_17,Node_4,234,UDP,AES-256,19.44,Normal
Node_12,Node_13,1195,UDP,AES-256,9.18,Normal
Node_6,Node_3,1339,TCP,AES-192,13.49,Normal
Node_7,Node_4,491,UDP,AES-128,5.82,Normal
Node_13,Node_11,1244,UDP,AES-128,11.54,Normal
Node_15,Node_14,1128,UDP,AES-192,3.49,Normal
Node_19,Node_7,803,UDP,AES-128,12.26,Normal
Node_10,Node_3,1058,UDP,AES-256,8.22,Drop_Attack
Node_18,Node_1,1185,UDP,AES-128,10.15,Normal
Node_16,Node_5,457,TCP,AES-256,13.49,Normal
Node_16,Node_13,299,UDP,AES-128,3.84,Replay_Attack
Node_20,Node_4,748,UDP,AES-256,6.58,Normal
Node_10,Node_11,439,TCP,AES-192,12.29,Normal
Node_16,Node_6,216,UDP,AES-256,20.49,Normal
Node_3,Node_1,1138,UDP,AES-128,9.31,Normal
Node_13,Node_9,1006,TCP,AES-192,12.96,Normal
Node_20,Node_19,247,UDP,AES-192,9.47,Normal
Node_1,Node_14,994,UDP,AES-192,19.71,Normal
Node_13,Node_16,435,TCP,AES-256,1.26,Normal
Node_4,Node_2,435,TCP,AES-192,10.47,Normal
Node_10,Node_8,1445,TCP,AES-128,1.87,Normal
Node_13,Node_20,1222,UDP,AES-128,0.1,Normal
Node_12,Node_17,276,UDP,AES-192,11.49,Normal
Node_15,Node_7,385,UDP,AES-192,10.7,Replay_Attack
Node_10,Node_4,1019,UDP,AES-128,8.58,Normal
Node_6,Node_15,73,UDP,AES-256,9.47,Normal
Node_17,Node_19,1472,UDP,AES-128,25.49,Blackhole_Attack
Node_20,Node_16,474,UDP,AES-256,8.71,Normal
Node_16,Node_20,664,TCP,AES-256,12.55,Normal
Node_14,Node_9,620,UDP,AES-128,6.75,Normal
Node_7,Node_5,1067,UDP,AES-192,11.48,Normal
Node_12,Node_14,604,UDP,AES-256,8.81,Normal
Node_13,Node_14,1331,UDP,AES-256,7.95,Normal
Node_15,Node_3,778,UDP,AES-256,19.09,Normal
Node_8,Node_10,971,UDP,AES-192,15.89,Normal
Node_5,Node_10,112,UDP,AES-128,10.68,Normal
Node_6,Node_1,1209,UDP,AES-256,0.1,Normal
Node_17,Node_13,708,TCP,AES-256,8.19,Normal
Node_11,Node_1,549,UDP,AES-192,23.52,Normal
Node_2,Node_17,1139,TCP,AES-192,8.85,Normal
Node_7,Node_8,1156,UDP,AES-192,15.52,Normal
Node_6,Node_4,571,UDP,AES-256,17.21,Normal
Node_17,Node_2,1490,UDP,AES-128,11.09,Normal
Node_15,Node_7,177,UDP,AES-128,5.79,Normal
Node_13,Node_7,425,UDP,AES-128,0.1,Normal
Node_2,Node_6,898,UDP,AES-256,13.42,Normal
Node_18,Node_15,1357,UDP,AES-128,5.93,Normal
Node_10,Node_14,1020,UDP,AES-256,10.88,Normal
Node_13,Node_15,140,TCP,AES-128,3.75,Normal
Node_5,Node_17,466,UDP,AES-192,8.67,Blackhole_Attack
Node_2,Node_20,644,TCP,AES-128,10.17,Normal
Node_1,Node_7,1350,UDP,AES-192,11.34,Blackhole_Attack
Node_20,Node_11,299,UDP,AES-192,4.43,Normal
Node_9,Node_20,1009,UDP,AES-256,15.98,Normal
Node_7,Node_18,466,TCP,AES-128,7.02,Normal
Node_9,Node_10,504,UDP,AES-192,1.63,Normal
Node_12,Node_9,1032,TCP,AES-192,9.45,Drop_Attack
Node_6,Node_15,128,TCP,AES-192,10.17,Drop_Attack
Node_16,Node_11,950,UDP,AES-128,10.8,Normal
Node_18,Node_4,391,TCP,AES-128,16.81,Normal
Node_13,Node_4,511,TCP,AES-128,8.82,Normal
Node_15,Node_9,809,UDP,AES-256,9.4,Blackhole_Attack
Node_8,Node_17,906,UDP,AES-128,4.48,Normal
Node_17,Node_1,1066,TCP,AES-128,14.1,Normal
Node_13,Node_12,307,TCP,AES-192,10.92,Normal
Node_16,Node_2,995,TCP,AES-256,7.9,Normal
Node_10,Node_16,1151,UDP,AES-256,0.48,Normal
Node_1,Node_9,584,UDP,AES-192,17.22,Normal
Node_11,Node_10,1477,TCP,AES-192,3.86,Normal
Node_20,Node_5,1045,TCP,AES-256,7.04,Replay_Attack
Node_15,Node_19,1100,TCP,AES-256,11.79,Normal
Node_9,Node_8,233,UDP,AES-192,4.02,Normal
Node_11,Node_18,610,UDP,AES-192,2.53,Normal
Node_18,Node_19,1413,UDP,AES-256,0.1,Normal
Node_1,Node_8,445,TCP,AES-192,13.6,Normal
Node_12,Node_15,74,UDP,AES-128,7.27,Normal
Node_20,Node_2,318,UDP,AES-128,24.64,Normal
Node_2,Node_6,1307,UDP,AES-192,5.03,Normal
Node_1,Node_7,567,UDP,AES-192,5.39,Normal
Node_1,Node_9,124,UDP,AES-256,7.17,Normal
Node_4,Node_13,627,TCP,AES-128,11.22,Normal
Node_7,Node_6,116,TCP,AES-128,7.65,Normal
Node_20,Node_12,504,TCP,AES-256,13.06,Normal
Node_11,Node_1,109,UDP,AES-128,5.11,Normal
Node_18,Node_5,1497,TCP,AES-256,3.09,Normal
Node_17,Node_5,177,UDP,AES-256,1.01,Normal
Node_2,Node_20,550,TCP,AES-192,0.1,Normal
Node_10,Node_16,509,UDP,AES-192,7.41,Normal
Node_16,Node_15,482,TCP,AES-192,8.5,Normal
Node_11,Node_12,548,TCP,AES-192,6.84,Normal
Node_18,Node_6,1059,TCP,AES-256,16.22,Normal
Node_17,Node_5,958,UDP,AES-128,16.14,Normal
Node_4,Node_18,767,TCP,AES-192,8.33,Normal
Node_15,Node_14,1145,TCP,AES-192,1.03,Normal
Node_19,Node_2,563,TCP,AES-256,7.17,Drop_Attack
Node_20,Node_11,685,UDP,AES-256,7,Normal
Node_13,Node_4,1446,UDP,AES-128,6.71,Normal
Node_10,Node_18,1199,UDP,AES-256,6.51,Normal
Node_11,Node_1,1109,TCP,AES-256,6.73,Normal
Node_14,Node_10,148,TCP,AES-192,8.07,Drop_Attack
Node_12,Node_13,785,TCP,AES-192,6.82,Normal
Node_17,Node_18,223,TCP,AES-256,11.04,Normal
Node_5,Node_6,978,UDP,AES-192,11.8,Normal
Node_15,Node_17,1073,UDP,AES-192,5.45,Normal
Node_6,Node_13,645,TCP,AES-128,16.36,Normal
Node_15,Node_5,654,TCP,AES-192,5.1,Normal
Node_20,Node_2,98,UDP,AES-128,1.91,Normal
Node_11,Node_13,1292,UDP,AES-256,11.9,Normal
Node_19,Node_14,1009,UDP,AES-256,5.91,Normal
Node_4,Node_15,937,TCP,AES-128,11.61,Normal
Node_11,Node_15,1413,UDP,AES-128,0.1,Normal
Node_12,Node_20,516,UDP,AES-128,16.96,Normal
Node_15,Node_14,978,UDP,AES-256,13.36,Normal
Node_1,Node_14,680,TCP,AES-128,2.5,Normal
Node_5,Node_17,366,UDP,AES-192,2.61,Normal
Node_3,Node_11,817,TCP,AES-256,18.36,Normal
Node_9,Node_4,1080,TCP,AES-128,6.31,Normal
Node_12,Node_11,1202,TCP,AES-192,5.83,Normal
Node_20,Node_11,808,UDP,AES-128,0.1,Normal
Node_14,Node_19,1422,TCP,AES-128,8.25,Normal
Node_16,Node_14,913,TCP,AES-256,8.86,Normal
Node_20,Node_12,79,UDP,AES-256,13.58,Normal
Node_1,Node_18,918,TCP,AES-192,3,Normal
Node_16,Node_3,822,UDP,AES-256,2.4,Normal
Node_11,Node_6,255,UDP,AES-256,12.25,Normal
Node_13,Node_19,849,TCP,AES-256,15.03,Normal
Node_8,Node_3,1432,UDP,AES-128,2.14,Normal
Node_17,Node_18,1182,UDP,AES-256,15.41,Normal
Node_3,Node_2,818,UDP,AES-256,10.19,Normal
Node_3,Node_4,285,UDP,AES-128,15.46,Normal
Node_6,Node_14,647,TCP,AES-128,9.65,Normal
Node_7,Node_9,508,UDP,AES-128,0.1,Normal
Node_2,Node_7,68,TCP,AES-256,9.24,Normal
Node_15,Node_18,411,TCP,AES-256,15.3,Normal
Node_7,Node_18,672,UDP,AES-192,5.53,Normal
Node_14,Node_16,949,UDP,AES-128,8.06,Normal
Node_9,Node_5,80,TCP,AES-192,9.12,Normal
Node_3,Node_7,666,TCP,AES-256,0.1,Normal
Node_14,Node_10,1048,UDP,AES-128,18.36,Normal
Node_14,Node_10,626,TCP,AES-192,5.49,Normal
Node_18,Node_7,1465,TCP,AES-192,12.53,Normal
Node_14,Node_15,554,UDP,AES-256,9.57,Normal
Node_11,Node_18,254,UDP,AES-192,16.29,Normal
Node_10,Node_9,1312,TCP,AES-192,12.03,Normal
Node_15,Node_3,690,UDP,AES-192,8.83,Normal
Node_7,Node_20,1326,UDP,AES-128,5.53,Drop_Attack
Node_14,Node_13,700,TCP,AES-128,13.99,Normal
Node_1,Node_6,1347,UDP,AES-256,0.63,Normal
Node_18,Node_20,832,UDP,AES-256,13.23,Normal
Node_14,Node_18,194,TCP,AES-256,4.5,Normal
Node_6,Node_5,1244,TCP,AES-128,16.26,Normal
Node_5,Node_10,849,UDP,AES-128,10.81,Normal
Node_2,Node_9,1021,TCP,AES-128,13.22,Normal
Node_18,Node_9,173,UDP,AES-256,10.41,Normal
Node_7,Node_18,911,UDP,AES-192,1.24,Normal
Node_17,Node_11,1079,TCP,AES-128,5.7,Normal
Node_11,Node_12,1260,UDP,AES-256,13.36,Normal
Node_11,Node_16,1420,UDP,AES-256,10.83,Normal
Node_12,Node_16,1092,UDP,AES-256,15.9,Normal
Node_2,Node_13,754,TCP,AES-256,12.02,Drop_Attack
Node_16,Node_14,598,UDP,AES-256,5.17,Normal
Node_14,Node_8,403,UDP,AES-128,6.02,Normal
Node_4,Node_10,953,UDP,AES-128,10.51,Normal
Node_9,Node_6,150,TCP,AES-192,0.1,Normal
Node_17,Node_14,971,UDP,AES-192,18.37,Normal
Node_12,Node_5,167,TCP,AES-192,12.21,Blackhole_Attack
Node_17,Node_12,1437,TCP,AES-192,16.14,Normal
Node_4,Node_9,522,UDP,AES-256,2.1,Normal
Node_18,Node_3,1345,UDP,AES-128,16.22,Normal
Node_6,Node_20,1089,UDP,AES-192,21.16,Normal
Node_7,Node_6,1067,TCP,AES-192,3.4,Replay_Attack
Node_1,Node_14,147,TCP,AES-256,13.86,Normal
Node_2,Node_3,808,TCP,AES-128,10.01,Normal
Node_17,Node_9,779,UDP,AES-256,2.28,Normal
Node_10,Node_20,896,UDP,AES-256,12.46,Normal
Node_11,Node_5,1032,TCP,AES-256,14.17,Normal
Node_20,Node_14,259,TCP,AES-192,6.99,Normal
Node_17,Node_7,155,UDP,AES-128,15.83,Normal
Node_16,Node_12,316,TCP,AES-128,1.67,Normal
Node_1,Node_6,350,TCP,AES-192,2.53,Normal
Node_15,Node_10,758,TCP,AES-192,10.68,Drop_Attack
Node_5,Node_2,644,TCP,AES-128,10.13,Normal
Node_15,Node_10,573,TCP,AES-128,6.42,Normal
Node_14,Node_12,879,TCP,AES-128,14.05,Normal
Node_13,Node_3,911,UDP,AES-192,12.65,Normal
Node_14,Node_5,577,UDP,AES-192,14.29,Normal
Node_5,Node_15,999,TCP,AES-128,9.38,Normal
Node_13,Node_17,181,TCP,AES-192,13.01,Normal
Node_4,Node_1,79,UDP,AES-256,7.77,Normal
Node_14,Node_19,1062,TCP,AES-192,20.27,Normal
Node_11,Node_16,219,TCP,AES-128,5.94,Blackhole_Attack
Node_13,Node_16,1473,TCP,AES-128,20.53,Normal
Node_12,Node_7,1240,TCP,AES-256,10.17,Normal
Node_1,Node_13,622,UDP,AES-256,3.12,Normal
Node_11,Node_3,921,UDP,AES-192,16.84,Normal
Node_15,Node_20,671,TCP,AES-128,10.63,Normal
Node_17,Node_8,129,TCP,AES-192,14.26,Normal
Node_9,Node_15,1146,UDP,AES-256,16.12,Normal
Node_11,Node_4,1238,TCP,AES-128,11.69,Normal
Node_10,Node_3,1400,TCP,AES-192,7.04,Normal
Node_18,Node_17,131,UDP,AES-128,14.88,Replay_Attack
Node_13,Node_12,571,TCP,AES-192,10,Normal
Node_8,Node_1,710,UDP,AES-256,13.43,Normal
Node_10,Node_7,1017,TCP,AES-128,0.1,Normal
Node_18,Node_10,308,UDP,AES-192,12.23,Normal
Node_15,Node_2,1374,TCP,AES-128,6.81,Normal
Node_1,Node_10,966,TCP,AES-128,18.27,Normal
Node_11,Node_6,1194,TCP,AES-128,13.12,Normal
Node_19,Node_16,253,UDP,AES-256,11.2,Normal
Node_18,Node_12,843,TCP,AES-192,12.43,Normal
Node_15,Node_12,139,UDP,AES-256,5.01,Blackhole_Attack
Node_19,Node_8,126,TCP,AES-128,18.12,Normal
Node_12,Node_20,235,UDP,AES-256,19.96,Normal
Node_7,Node_9,1396,TCP,AES-192,11.96,Normal
Node_13,Node_10,1382,UDP,AES-128,17.95,Normal
Node_9,Node_11,152,UDP,AES-192,7.15,Normal
Node_10,Node_13,369,UDP,AES-256,6.01,Normal
Node_12,Node_16,107,UDP,AES-192,10.2,Normal
Node_1,Node_20,598,UDP,AES-128,12.17,Normal
Node_16,Node_19,1391,UDP,AES-192,8.03,Blackhole_Attack
Node_4,Node_20,1419,TCP,AES-192,12.69,Replay_Attack
Node_13,Node_3,312,UDP,AES-256,11.53,Normal
Node_1,Node_5,118,TCP,AES-192,5.01,Normal
Node_19,Node_3,1271,UDP,AES-256,12.59,Blackhole_Attack
Node_15,Node_2,164,TCP,AES-128,14.32,Normal
Node_13,Node_6,1144,TCP,AES-192,10.86,Normal
Node_17,Node_15,1016,UDP,AES-192,15.76,Normal
Node_3,Node_10,1438,UDP,AES-128,3.91,Normal
Node_17,Node_5,269,TCP,AES-256,12.34,Normal
Node_20,Node_13,690,UDP,AES-128,4.15,Normal
Node_15,Node_7,1365,UDP,AES-256,4.43,Normal
Node_19,Node_4,1278,TCP,AES-128,6.85,Replay_Attack
Node_12,Node_14,555,UDP,AES-192,5.29,Normal
Node_20,Node_6,784,TCP,AES-128,7.26,Normal
Node_4,Node_15,1020,UDP,AES-256,8.93,Normal
Node_16,Node_7,807,TCP,AES-256,14.19,Replay_Attack
Node_16,Node_9,1107,UDP,AES-192,8.39,Normal
Node_20,Node_8,829,UDP,AES-256,2.07,Normal
Node_7,Node_19,545,UDP,AES-192,15.7,Normal
Node_19,Node_16,318,TCP,AES-192,5.81,Replay_Attack
Node_20,Node_7,190,UDP,AES-192,9.71,Normal
Node_19,Node_4,368,UDP,AES-192,12.23,Replay_Attack
Node_19,Node_20,451,TCP,AES-192,11,Normal
Node_2,Node_8,1348,TCP,AES-128,15.47,Normal
Node_16,Node_19,507,TCP,AES-192,12.4,Normal
Node_17,Node_5,1119,UDP,AES-192,5.69,Normal
Node_11,Node_12,428,UDP,AES-256,20.89,Normal
Node_5,Node_10,1188,UDP,AES-192,10.97,Normal
Node_4,Node_5,445,TCP,AES-192,9.26,Normal
Node_19,Node_7,658,UDP,AES-128,14.82,Normal
Node_19,Node_6,325,TCP,AES-256,11.25,Normal
Node_15,Node_16,1109,UDP,AES-192,12,Normal
Node_1,Node_9,1226,UDP,AES-256,22.46,Normal
Node_15,Node_12,1383,TCP,AES-192,8.62,Normal
Node_16,Node_17,1052,TCP,AES-192,8.41,Normal
Node_3,Node_6,1434,UDP,AES-128,10.58,Normal
Node_11,Node_7,780,TCP,AES-256,15.36,Normal
Node_3,Node_4,1476,UDP,AES-192,2.47,Normal
Node_19,Node_5,1004,TCP,AES-128,0.17,Normal
Node_17,Node_2,449,UDP,AES-256,7.06,Normal
Node_12,Node_16,1382,UDP,AES-192,1.83,Normal
Node_20,Node_9,467,TCP,AES-256,7.88,Blackhole_Attack
Node_15,Node_1,1130,UDP,AES-192,12.51,Blackhole_Attack
Node_8,Node_20,1381,UDP,AES-192,5.55,Normal
Node_2,Node_4,96,UDP,AES-128,2.87,Normal
Node_19,Node_16,597,TCP,AES-192,10.35,Normal
Node_19,Node_5,298,TCP,AES-128,14.31,Normal
Node_3,Node_18,1181,UDP,AES-256,1.53,Normal
Node_20,Node_4,502,TCP,AES-256,14.1,Normal
Node_12,Node_16,721,TCP,AES-256,14.09,Normal
Node_17,Node_3,270,TCP,AES-192,14.77,Normal
Node_2,Node_8,677,UDP,AES-192,16.09,Normal
Node_3,Node_15,650,TCP,AES-192,21.01,Normal
Node_11,Node_12,645,UDP,AES-128,8.22,Replay_Attack
Node_8,Node_12,577,UDP,AES-256,10.55,Normal
Node_6,Node_5,1423,TCP,AES-256,7.92,Normal
Node_16,Node_3,974,TCP,AES-256,10.01,Normal
Node_9,Node_14,848,TCP,AES-256,17.66,Normal
Node_9,Node_17,1467,TCP,AES-256,3.27,Normal
Node_14,Node_2,575,TCP,AES-128,5.69,Normal
Node_12,Node_4,865,TCP,AES-192,16.89,Drop_Attack
Node_3,Node_7,64,TCP,AES-128,15.1,Normal
Node_4,Node_17,756,UDP,AES-128,8.18,Normal
Node_2,Node_12,957,UDP,AES-256,14.27,Normal
Node_17,Node_11,616,TCP,AES-128,11.71,Normal
Node_7,Node_15,866,UDP,AES-256,17.5,Normal
Node_5,Node_18,761,TCP,AES-192,10.37,Normal
Node_11,Node_19,302,UDP,AES-256,15.13,Normal
Node_12,Node_17,1187,TCP,AES-256,23.21,Drop_Attack
Node_10,Node_20,429,TCP,AES-128,12.99,Normal
Node_4,Node_5,1396,UDP,AES-128,10.25,Normal
Node_20,Node_9,1095,TCP,AES-192,13.61,Replay_Attack
Node_7,Node_18,805,UDP,AES-256,8.17,Normal
Node_19,Node_4,646,TCP,AES-192,21.94,Normal
Node_1,Node_5,396,TCP,AES-128,10.9,Normal
Node_2,Node_6,169,UDP,AES-256,8.64,Normal
Node_20,Node_17,1115,UDP,AES-192,5.82,Normal
Node_10,Node_19,215,TCP,AES-192,15.49,Normal
Node_20,Node_4,570,UDP,AES-192,14.34,Normal
Node_11,Node_4,916,UDP,AES-192,7.51,Normal
Node_19,Node_4,705,TCP,AES-128,12.88,Normal
Node_18,Node_1,258,TCP,AES-128,2.46,Drop_Attack
Node_7,Node_4,799,UDP,AES-256,10.92,Normal
Node_8,Node_11,438,UDP,AES-256,12.26,Normal
Node_5,Node_6,579,UDP,AES-128,18.54,Normal
Node_16,Node_3,1353,TCP,AES-128,6.15,Replay_Attack
Node_9,Node_6,559,UDP,AES-192,3.61,Normal
Node_15,Node_17,852,TCP,AES-192,5.52,Normal
Node_20,Node_7,1398,UDP,AES-256,3.32,Normal
Node_14,Node_13,1026,UDP,AES-128,16.68,Normal
Node_16,Node_17,338,TCP,AES-128,17.74,Normal
Node_11,Node_6,662,TCP,AES-128,11.6,Normal
Node_7,Node_2,822,TCP,AES-128,16.11,Normal
Node_20,Node_16,360,UDP,AES-192,10.67,Normal
Node_5,Node_13,630,TCP,AES-192,9.52,Normal
Node_3,Node_15,1428,TCP,AES-256,8.33,Normal
Node_14,Node_8,1253,UDP,AES-256,8.45,Normal
Node_18,Node_4,1193,TCP,AES-256,2.26,Normal
Node_13,Node_7,1437,TCP,AES-192,11.32,Normal
Node_14,Node_18,107,UDP,AES-256,9.8,Normal
Node_9,Node_6,1396,TCP,AES-192,13.73,Normal
Node_15,Node_8,225,UDP,AES-256,10.47,Normal
Node_3,Node_15,1460,TCP,AES-256,9.19,Replay_Attack
Node_10,Node_16,180,UDP,AES-128,5.64,Normal
Node_1,Node_17,1045,UDP,AES-128,10.36,Normal
Node_18,Node_10,1223,UDP,AES-256,13.69,Normal
Node_20,Node_13,469,UDP,AES-192,4.28,Normal
Node_14,Node_15,320,TCP,AES-128,10.44,Normal
Node_1,Node_12,1249,UDP,AES-128,11.17,Normal
Node_9,Node_19,636,UDP,AES-192,6.41,Normal
Node_6,Node_13,1257,UDP,AES-192,7.06,Replay_Attack
Node_11,Node_3,782,UDP,AES-128,11.15,Normal
Node_7,Node_13,288,TCP,AES-128,4.33,Normal
Node_16,Node_10,765,TCP,AES-256,11.75,Normal
Node_14,Node_8,887,UDP,AES-256,5.52,Normal
Node_11,Node_1,579,TCP,AES-192,15.31,Normal
Node_5,Node_6,549,UDP,AES-128,21.69,Normal
Node_16,Node_18,1018,TCP,AES-256,5.7,Normal
Node_6,Node_8,1361,TCP,AES-128,12.67,Normal
Node_15,Node_3,1141,TCP,AES-192,6.37,Normal
Node_10,Node_16,1460,UDP,AES-128,15.2,Normal
Node_4,Node_3,394,UDP,AES-256,3.67,Normal
Node_19,Node_14,564,UDP,AES-128,12.4,Drop_Attack
Node_7,Node_9,279,TCP,AES-256,5.64,Normal
Node_6,Node_9,174,UDP,AES-256,8.97,Normal
Node_19,Node_9,1442,TCP,AES-128,4.84,Normal
Node_18,Node_4,1107,TCP,AES-128,14.11,Normal
Node_10,Node_19,826,TCP,AES-256,5.82,Replay_Attack
Node_17,Node_5,687,TCP,AES-256,12.76,Normal
Node_18,Node_3,980,TCP,AES-128,8.28,Normal
Node_14,Node_3,933,UDP,AES-256,9.43,Normal
Node_7,Node_6,195,UDP,AES-256,10.74,Normal
Node_16,Node_1,493,TCP,AES-128,6.19,Normal
Node_10,Node_17,587,TCP,AES-256,11.05,Normal
Node_10,Node_5,277,TCP,AES-192,17.65,Normal
Node_2,Node_1,666,UDP,AES-128,6.11,Blackhole_Attack
Node_7,Node_4,544,UDP,AES-192,15.86,Normal
Node_15,Node_20,685,TCP,AES-128,17.49,Normal
Node_5,Node_6,1454,TCP,AES-256,5.92,Normal
Node_14,Node_16,331,TCP,AES-192,2.72,Normal
Node_3,Node_18,1292,UDP,AES-256,11.51,Normal
Node_15,Node_17,931,UDP,AES-256,7.26,Normal
Node_12,Node_3,509,UDP,AES-192,19.34,Normal
Node_5,Node_8,1306,TCP,AES-256,10.17,Normal
Node_8,Node_16,1381,TCP,AES-128,5.99,Normal
Node_16,Node_8,143,UDP,AES-192,4.26,Drop_Attack
Node_17,Node_14,1108,TCP,AES-256,15.45,Normal
Node_15,Node_8,638,TCP,AES-256,7.14,Normal
Node_1,Node_17,1249,UDP,AES-192,10.22,Normal
Node_2,Node_9,1346,TCP,AES-192,14.78,Normal
Node_11,Node_18,742,TCP,AES-256,7.58,Blackhole_Attack
Node_8,Node_14,351,TCP,AES-192,9.77,Normal
Node_10,Node_7,546,TCP,AES-192,9.92,Blackhole_Attack
Node_1,Node_15,530,UDP,AES-192,13.42,Normal
Node_1,Node_6,175,UDP,AES-256,12.95,Drop_Attack
Node_18,Node_9,444,TCP,AES-256,8.9,Normal
Node_12,Node_13,753,TCP,AES-256,10.32,Normal
Node_10,Node_2,985,UDP,AES-192,8.14,Normal
Node_17,Node_18,1165,TCP,AES-256,2.61,Normal
Node_5,Node_4,128,TCP,AES-192,11.29,Normal
Node_1,Node_10,108,UDP,AES-192,19.46,Normal
Node_3,Node_5,419,UDP,AES-192,5.58,Drop_Attack
Node_16,Node_19,1482,TCP,AES-192,6.13,Replay_Attack
Node_10,Node_19,939,UDP,AES-192,5.65,Drop_Attack
Node_9,Node_5,951,TCP,AES-192,13.62,Normal
Node_16,Node_2,1488,UDP,AES-256,12.24,Normal
Node_16,Node_3,299,TCP,AES-128,9.21,Normal
Node_15,Node_1,536,TCP,AES-128,5.41,Normal
Node_2,Node_11,1414,UDP,AES-128,10.46,Normal
Node_1,Node_16,564,TCP,AES-192,2.18,Normal
Node_14,Node_18,1223,UDP,AES-256,10.72,Normal
Node_20,Node_2,501,TCP,AES-192,14.36,Normal
Node_8,Node_18,271,UDP,AES-192,3.74,Normal
Node_17,Node_20,1238,TCP,AES-192,2.34,Normal
Node_19,Node_6,644,UDP,AES-128,17.9,Normal
Node_17,Node_4,279,TCP,AES-128,6.94,Drop_Attack
Node_10,Node_8,342,TCP,AES-128,15.68,Normal
Node_12,Node_14,825,TCP,AES-256,9.23,Normal
Node_6,Node_16,816,TCP,AES-192,9.19,Replay_Attack
Node_15,Node_9,469,TCP,AES-192,12.19,Normal
Node_16,Node_10,122,UDP,AES-128,5.58,Normal
Node_11,Node_3,1393,TCP,AES-128,10.66,Drop_Attack
Node_3,Node_5,1276,TCP,AES-256,8.09,Drop_Attack
Node_4,Node_9,887,TCP,AES-128,3.4,Normal
Node_12,Node_5,425,TCP,AES-256,11.69,Normal
Node_6,Node_15,960,TCP,AES-256,8.68,Normal
Node_7,Node_19,607,TCP,AES-192,9.21,Normal
Node_4,Node_5,902,TCP,AES-256,3.95,Normal
Node_20,Node_19,1315,UDP,AES-192,17.96,Normal
Node_14,Node_3,1157,UDP,AES-192,14.38,Normal
Node_15,Node_11,1160,TCP,AES-192,14.82,Normal
Node_20,Node_12,186,TCP,AES-192,8.47,Normal
Node_19,Node_10,128,TCP,AES-128,1.35,Drop_Attack
Node_19,Node_8,776,TCP,AES-256,19.76,Normal
Node_11,Node_6,1104,TCP,AES-192,9.69,Drop_Attack
Node_16,Node_18,244,UDP,AES-128,6.26,Normal
Node_10,Node_5,797,TCP,AES-192,12.08,Normal
Node_16,Node_17,1064,UDP,AES-192,15.84,Normal
Node_9,Node_20,863,UDP,AES-256,9.88,Normal
Node_10,Node_15,642,TCP,AES-128,16.39,Normal
Node_13,Node_20,1153,TCP,AES-192,15.41,Normal
Node_14,Node_5,1439,UDP,AES-192,4.62,Normal
Node_7,Node_17,1011,TCP,AES-256,6.63,Normal
Node_10,Node_14,106,TCP,AES-128,14.79,Drop_Attack
Node_6,Node_13,582,UDP,AES-256,0.1,Normal
Node_14,Node_2,253,UDP,AES-128,9.25,Normal
Node_20,Node_8,353,UDP,AES-192,2.85,Blackhole_Attack
Node_5,Node_13,1432,TCP,AES-256,7.62,Normal
Node_7,Node_4,1468,UDP,AES-128,8.51,Normal
Node_12,Node_2,1393,TCP,AES-256,8.21,Normal
Node_19,Node_10,568,UDP,AES-192,7.24,Normal
Node_15,Node_19,1237,UDP,AES-128,4.51,Normal
Node_8,Node_15,249,UDP,AES-256,21.46,Normal
Node_19,Node_14,601,UDP,AES-192,19.34,Normal
Node_12,Node_13,998,TCP,AES-128,4.19,Normal
Node_7,Node_4,1073,UDP,AES-256,17.91,Normal
Node_5,Node_16,282,TCP,AES-128,8,Normal
Node_9,Node_1,394,TCP,AES-256,10.65,Normal
Node_13,Node_5,1038,UDP,AES-128,9.68,Normal
Node_9,Node_1,1428,UDP,AES-128,6.7,Normal
Node_13,Node_11,1423,UDP,AES-128,14.92,Blackhole_Attack
Node_17,Node_3,315,TCP,AES-192,10.63,Replay_Attack
Node_5,Node_19,1299,TCP,AES-128,7.62,Normal
Node_10,Node_12,1267,UDP,AES-128,3.48,Normal
Node_17,Node_5,969,UDP,AES-192,5.53,Normal
Node_9,Node_6,486,TCP,AES-192,1.79,Normal
Node_7,Node_9,1372,UDP,AES-128,10.06,Normal
Node_5,Node_16,1129,TCP,AES-256,4.02,Normal
Node_19,Node_6,227,UDP,AES-128,8.67,Replay_Attack
Node_16,Node_15,402,TCP,AES-192,16.85,Normal
Node_9,Node_18,853,UDP,AES-192,16,Normal
Node_16,Node_3,803,UDP,AES-192,9.84,Normal
Node_1,Node_13,435,TCP,AES-256,9.56,Normal
Node_7,Node_3,1202,UDP,AES-128,19.4,Blackhole_Attack
Node_2,Node_17,1339,TCP,AES-128,12.6,Normal
Node_8,Node_4,330,UDP,AES-128,8.36,Normal
Node_9,Node_3,701,UDP,AES-128,2.87,Normal
Node_6,Node_16,1435,UDP,AES-256,11.97,Normal
Node_1,Node_18,369,UDP,AES-256,14.15,Normal
Node_1,Node_3,1030,TCP,AES-128,6.84,Blackhole_Attack
Node_3,Node_7,312,UDP,AES-192,11.46,Normal
Node_20,Node_11,1231,UDP,AES-128,8.18,Replay_Attack
Node_11,Node_18,1015,UDP,AES-128,9.08,Normal
Node_15,Node_1,468,TCP,AES-128,0.1,Blackhole_Attack
Node_2,Node_15,70,UDP,AES-128,8.89,Normal
Node_1,Node_7,636,TCP,AES-128,14.85,Normal
Node_2,Node_16,1115,UDP,AES-192,6.84,Normal
Node_17,Node_16,728,UDP,AES-256,10.26,Normal
Node_1,Node_20,757,TCP,AES-192,6.22,Normal
Node_10,Node_16,424,TCP,AES-192,11.8,Normal
Node_10,Node_14,326,UDP,AES-128,8.92,Normal
Node_11,Node_4,1170,TCP,AES-192,5.3,Normal
Node_5,Node_2,695,TCP,AES-256,16.66,Normal
Node_11,Node_2,1460,UDP,AES-192,14.64,Drop_Attack
Node_9,Node_7,669,TCP,AES-256,6.98,Normal
Node_4,Node_15,837,UDP,AES-192,12.49,Normal
Node_15,Node_19,1454,UDP,AES-256,12.69,Normal
Node_12,Node_19,708,UDP,AES-192,13.21,Normal
Node_3,Node_2,873,UDP,AES-192,1.53,Normal
Node_14,Node_10,251,UDP,AES-256,15.03,Normal
Node_19,Node_15,1165,UDP,AES-128,7.15,Normal
Node_2,Node_4,391,UDP,AES-256,8.21,Normal
Node_4,Node_15,608,UDP,AES-256,23.19,Normal
Node_17,Node_5,593,TCP,AES-192,11.51,Normal
Node_9,Node_16,69,UDP,AES-128,8.07,Normal
Node_19,Node_7,860,UDP,AES-128,0.1,Normal
Node_15,Node_12,870,TCP,AES-192,16.95,Normal
Node_19,Node_5,166,TCP,AES-256,3.27,Normal
Node_6,Node_17,490,UDP,AES-192,4.98,Drop_Attack
Node_16,Node_6,212,TCP,AES-128,8.34,Blackhole_Attack
Node_15,Node_18,1243,UDP,AES-256,17.08,Replay_Attack
Node_10,Node_6,761,UDP,AES-192,13.87,Blackhole_Attack
Node_1,Node_12,1069,TCP,AES-192,9.21,Normal
Node_2,Node_8,127,TCP,AES-192,11.54,Replay_Attack
Node_13,Node_11,1403,TCP,AES-128,7,Normal
Node_11,Node_15,1161,UDP,AES-256,10.7,Normal
Node_20,Node_15,967,TCP,AES-256,10.37,Normal
Node_2,Node_15,154,TCP,AES-192,14.84,Normal
Node_13,Node_4,633,TCP,AES-128,14.84,Normal
Node_2,Node_3,632,TCP,AES-256,12.47,Normal
Node_16,Node_10,645,TCP,AES-192,8.19,Normal
Node_3,Node_14,552,UDP,AES-192,13.71,Normal
Node_3,Node_13,1042,UDP,AES-192,9.54,Normal
Node_11,Node_9,831,UDP,AES-192,4.59,Replay_Attack
Node_18,Node_16,693,TCP,AES-192,7.98,Normal
Node_17,Node_12,542,TCP,AES-192,10.42,Blackhole_Attack
Node_17,Node_16,418,UDP,AES-128,14.55,Normal
Node_19,Node_6,232,TCP,AES-128,9.08,Normal
Node_8,Node_20,1262,TCP,AES-128,3.95,Normal
Node_1,Node_2,1008,TCP,AES-128,10.28,Normal
Node_5,Node_1,656,UDP,AES-256,10.57,Normal
Node_12,Node_15,992,UDP,AES-128,10.93,Normal
Node_9,Node_4,1015,UDP,AES-192,14.6,Drop_Attack
Node_19,Node_8,1245,TCP,AES-128,15.09,Normal
Node_10,Node_13,965,UDP,AES-192,7.03,Normal
Node_15,Node_13,826,UDP,AES-256,6.92,Normal
Node_13,Node_9,1048,UDP,AES-128,4.8,Normal
Node_5,Node_1,1088,UDP,AES-256,13.49,Drop_Attack
Node_11,Node_6,208,UDP,AES-192,17.24,Blackhole_Attack
Node_17,Node_16,1147,TCP,AES-256,8.42,Normal
Node_16,Node_5,1022,UDP,AES-192,8.79,Normal
Node_5,Node_7,74,UDP,AES-128,17.33,Normal
Node_18,Node_12,1481,TCP,AES-192,12.53,Normal
Node_6,Node_19,1021,TCP,AES-256,12.18,Normal
Node_9,Node_2,190,UDP,AES-192,4.05,Drop_Attack
Node_14,Node_7,1260,TCP,AES-128,13.39,Normal
Node_3,Node_10,570,TCP,AES-128,5.35,Blackhole_Attack
Node_19,Node_8,559,TCP,AES-128,4.33,Replay_Attack
Node_17,Node_9,1433,TCP,AES-192,8.27,Normal
Node_17,Node_19,726,UDP,AES-256,7.07,Normal
Node_12,Node_5,1490,UDP,AES-192,8.89,Normal
Node_13,Node_4,767,TCP,AES-192,2.8,Normal
Node_20,Node_15,582,UDP,AES-192,14.79,Normal
Node_17,Node_7,713,TCP,AES-192,15.64,Normal
Node_18,Node_7,1395,UDP,AES-256,0.26,Normal
Node_8,Node_12,778,UDP,AES-192,14.89,Normal
Node_14,Node_8,1409,TCP,AES-256,5.95,Normal
Node_19,Node_12,1164,UDP,AES-256,14.28,Normal
Node_15,Node_19,352,UDP,AES-256,9.66,Normal
Node_2,Node_5,1292,TCP,AES-256,10.14,Normal
Node_9,Node_15,1298,UDP,AES-256,9.07,Normal
Node_6,Node_20,465,UDP,AES-256,16.06,Normal
Node_10,Node_5,947,UDP,AES-128,3.8,Normal
Node_19,Node_15,455,UDP,AES-192,13.04,Normal
Node_20,Node_2,249,TCP,AES-128,15.51,Normal
Node_16,Node_3,1306,TCP,AES-256,13.58,Normal
Node_20,Node_11,1448,TCP,AES-128,21.62,Normal
Node_15,Node_6,270,TCP,AES-128,7.36,Normal
Node_12,Node_3,1235,TCP,AES-256,14.79,Normal
Node_12,Node_14,415,UDP,AES-256,9.47,Normal
Node_6,Node_5,137,TCP,AES-192,16.17,Normal
Node_14,Node_7,1358,TCP,AES-256,9.96,Normal
Node_12,Node_2,1132,TCP,AES-192,8.06,Normal
Node_5,Node_14,326,UDP,AES-128,16.53,Normal
Node_3,Node_10,93,TCP,AES-128,7.54,Normal
Node_11,Node_12,1283,UDP,AES-128,2.94,Normal
Node_6,Node_2,353,UDP,AES-256,7.42,Normal
Node_12,Node_2,1063,UDP,AES-192,13.1,Blackhole_Attack
Node_8,Node_6,1119,TCP,AES-256,16.96,Normal
Node_19,Node_15,114,TCP,AES-192,10.56,Normal
Node_10,Node_7,240,TCP,AES-256,16.59,Drop_Attack
Node_18,Node_6,546,UDP,AES-256,3.21,Normal
Node_5,Node_17,1036,TCP,AES-192,7.78,Normal
Node_11,Node_9,966,UDP,AES-128,8.56,Normal
Node_15,Node_12,1038,TCP,AES-192,9.43,Normal
Node_18,Node_4,654,UDP,AES-128,10.42,Normal
Node_13,Node_15,940,TCP,AES-192,13.45,Normal
Node_8,Node_20,508,TCP,AES-256,7.78,Normal
Node_15,Node_2,348,TCP,AES-192,10.7,Blackhole_Attack
Node_9,Node_8,1367,TCP,AES-256,9.77,Replay_Attack
Node_18,Node_11,1096,TCP,AES-192,5.37,Normal
Node_16,Node_7,504,TCP,AES-128,9.43,Normal
Node_20,Node_2,516,UDP,AES-128,9.28,Normal
Node_4,Node_6,968,UDP,AES-256,9.17,Normal
Node_12,Node_11,1010,TCP,AES-192,10.16,Normal
Node_3,Node_4,927,TCP,AES-128,10.38,Blackhole_Attack
Node_11,Node_3,157,TCP,AES-256,7.84,Normal
Node_9,Node_7,870,UDP,AES-128,16.36,Normal
Node_10,Node_9,494,TCP,AES-256,4.15,Normal
Node_14,Node_20,254,UDP,AES-128,6.4,Normal
Node_1,Node_3,1013,TCP,AES-128,23.9,Normal
Node_15,Node_13,1088,TCP,AES-192,4.81,Normal
Node_17,Node_2,1348,UDP,AES-256,3.23,Normal
Node_16,Node_4,179,TCP,AES-128,13.67,Normal
Node_12,Node_7,144,TCP,AES-128,0.1,Normal
Node_2,Node_15,497,TCP,AES-192,8.82,Normal
Node_14,Node_17,977,UDP,AES-192,20.73,Normal
Node_18,Node_14,310,UDP,AES-128,2.28,Normal
Node_10,Node_16,1403,TCP,AES-128,0.1,Normal
Node_14,Node_7,515,TCP,AES-256,2.5,Normal
Node_13,Node_12,1392,UDP,AES-256,14.49,Normal
Node_3,Node_12,671,UDP,AES-256,15.62,Normal
Node_4,Node_16,704,UDP,AES-128,7.44,Normal
Node_3,Node_18,814,TCP,AES-256,13.42,Normal
Node_16,Node_13,1229,UDP,AES-192,16.95,Normal
Node_19,Node_12,1251,UDP,AES-192,18.94,Normal
Node_1,Node_3,1375,TCP,AES-256,8.77,Normal
Node_11,Node_5,437,UDP,AES-256,0.1,Normal
Node_9,Node_5,244,TCP,AES-256,5.9,Normal
Node_5,Node_12,253,UDP,AES-192,7.87,Normal
Node_19,Node_12,469,UDP,AES-256,8.71,Drop_Attack
Node_2,Node_10,207,UDP,AES-128,9.06,Normal
Node_10,Node_7,181,TCP,AES-256,15.59,Normal
Node_2,Node_19,222,TCP,AES-192,16.37,Normal
Node_19,Node_18,356,TCP,AES-128,9.14,Normal
Node_7,Node_13,1371,TCP,AES-192,15.49,Normal
Node_7,Node_5,404,UDP,AES-128,11.79,Blackhole_Attack
Node_10,Node_20,871,TCP,AES-256,10.32,Normal
Node_15,Node_14,1450,UDP,AES-128,14.53,Normal
Node_18,Node_15,1166,TCP,AES-256,10.36,Normal
Node_10,Node_17,889,UDP,AES-256,20.29,Normal
Node_2,Node_16,1099,TCP,AES-192,2.81,Normal
Node_14,Node_13,836,UDP,AES-256,7.42,Normal
Node_14,Node_1,1456,UDP,AES-128,9.37,Normal
Node_17,Node_6,1461,UDP,AES-256,12.2,Drop_Attack
Node_6,Node_12,1360,UDP,AES-128,16.34,Normal
Node_6,Node_14,842,TCP,AES-128,9.88,Normal
Node_5,Node_12,981,TCP,AES-192,2.89,Normal
Node_10,Node_15,1170,TCP,AES-192,14.21,Normal
Node_9,Node_16,426,TCP,AES-256,13.77,Normal
Node_9,Node_10,945,UDP,AES-192,0.29,Drop_Attack
Node_10,Node_14,242,TCP,AES-192,9.98,Normal
Node_13,Node_6,1092,UDP,AES-256,2.05,Normal
Node_17,Node_16,1325,TCP,AES-192,6.68,Normal
Node_20,Node_9,102,TCP,AES-256,5.49,Normal
Node_20,Node_12,234,UDP,AES-256,14.05,Normal
Node_14,Node_3,534,UDP,AES-192,10.58,Blackhole_Attack
Node_8,Node_9,271,TCP,AES-256,3.57,Drop_Attack
Node_7,Node_10,1024,UDP,AES-256,14.4,Replay_Attack
Node_7,Node_17,1075,TCP,AES-256,2.83,Normal
Node_18,Node_1,250,TCP,AES-128,11.65,Normal
Node_1,Node_4,853,TCP,AES-128,5.93,Normal
Node_12,Node_6,127,TCP,AES-256,8.17,Normal
Node_19,Node_4,809,TCP,AES-128,12.52,Replay_Attack
Node_13,Node_7,1454,TCP,AES-192,12.61,Normal
Node_19,Node_18,427,TCP,AES-128,16.68,Normal
Node_6,Node_9,314,UDP,AES-192,9.59,Normal
Node_4,Node_7,1338,UDP,AES-256,11.53,Replay_Attack
Node_15,Node_17,1365,UDP,AES-192,7.81,Normal
Node_1,Node_2,1495,TCP,AES-256,10.91,Blackhole_Attack
Node_3,Node_16,834,UDP,AES-128,12.2,Normal
Node_6,Node_11,696,TCP,AES-192,9.51,Normal
Node_17,Node_16,296,UDP,AES-128,0.98,Normal
Node_16,Node_10,955,TCP,AES-128,11.66,Normal
Node_2,Node_19,990,TCP,AES-128,11.82,Normal
Node_18,Node_6,131,UDP,AES-128,6.6,Replay_Attack
Node_17,Node_1,1180,TCP,AES-192,3.58,Normal
Node_19,Node_4,430,TCP,AES-128,17.38,Blackhole_Attack
Node_1,Node_13,1293,TCP,AES-128,12.46,Normal
Node_3,Node_19,542,TCP,AES-256,8.85,Normal
Node_12,Node_6,987,UDP,AES-128,4.31,Normal
Node_2,Node_7,244,TCP,AES-128,5.89,Drop_Attack
Node_10,Node_6,1147,TCP,AES-128,16.51,Normal
Node_16,Node_1,271,TCP,AES-192,10.69,Normal
Node_4,Node_5,950,UDP,AES-256,7.25,Normal
Node_5,Node_1,431,UDP,AES-128,12.55,Normal
Node_17,Node_13,589,TCP,AES-192,5.93,Normal
Node_1,Node_7,414,TCP,AES-256,17.5,Normal
Node_3,Node_17,1468,UDP,AES-128,16.76,Normal
Node_1,Node_11,1443,TCP,AES-192,7.67,Normal
Node_3,Node_18,639,TCP,AES-128,6.86,Normal
Node_1,Node_16,724,UDP,AES-128,0.1,Normal
Node_17,Node_11,399,UDP,AES-192,2.59,Normal
Node_15,Node_2,540,UDP,AES-256,3.3,Normal
Node_15,Node_17,165,TCP,AES-256,10.68,Normal
Node_8,Node_1,1396,UDP,AES-192,8.37,Normal
Node_10,Node_2,759,TCP,AES-192,3.27,Normal
Node_1,Node_4,1082,TCP,AES-192,8.59,Normal
Node_20,Node_15,560,TCP,AES-256,12.53,Normal
Node_1,Node_5,1476,TCP,AES-128,12.64,Replay_Attack
Node_6,Node_3,459,UDP,AES-128,0.5,Normal
Node_7,Node_14,1157,TCP,AES-128,9.36,Normal
Node_20,Node_2,809,TCP,AES-128,3.08,Normal
Node_13,Node_11,195,TCP,AES-256,14.51,Normal
Node_9,Node_17,223,TCP,AES-192,13.92,Drop_Attack
Node_12,Node_16,1224,UDP,AES-256,5.51,Normal
Node_7,Node_3,398,UDP,AES-128,6.17,Normal
Node_20,Node_1,694,UDP,AES-256,7.69,Normal
Node_8,Node_19,1410,TCP,AES-256,0.1,Replay_Attack
Node_9,Node_12,1494,UDP,AES-192,11.68,Normal
Node_13,Node_16,963,UDP,AES-128,8.64,Normal
Node_11,Node_5,612,UDP,AES-256,14.85,Drop_Attack
Node_5,Node_4,985,UDP,AES-192,4.51,Normal
Node_16,Node_15,146,TCP,AES-128,6.9,Normal
Node_18,Node_1,579,UDP,AES-128,2.47,Normal
Node_17,Node_6,965,UDP,AES-256,4.98,Replay_Attack
Node_2,Node_13,1366,TCP,AES-256,4.09,Normal
Node_19,Node_18,1035,TCP,AES-192,14.98,Normal
Node_16,Node_6,1003,TCP,AES-256,6.51,Normal
Node_7,Node_8,1351,UDP,AES-256,10.62,Normal
Node_1,Node_7,1497,UDP,AES-128,8.1,Normal
Node_20,Node_8,1242,UDP,AES-256,3.65,Normal
Node_20,Node_17,695,UDP,AES-192,9.16,Normal
Node_9,Node_5,1451,UDP,AES-128,13,Normal
Node_8,Node_12,868,UDP,AES-128,3.96,Normal
Node_20,Node_3,1196,UDP,AES-256,14.05,Normal
Node_6,Node_5,1033,TCP,AES-192,5.75,Normal
Node_8,Node_9,702,TCP,AES-192,7.59,Normal
Node_2,Node_5,905,UDP,AES-128,12.65,Normal
Node_2,Node_5,600,TCP,AES-128,6.68,Normal
Node_7,Node_10,1475,UDP,AES-128,10.19,Normal
Node_14,Node_7,885,TCP,AES-256,8.43,Normal
Node_6,Node_8,463,UDP,AES-192,10.65,Drop_Attack
Node_12,Node_4,1400,UDP,AES-128,0.1,Normal
Node_10,Node_5,236,TCP,AES-128,0.85,Normal
Node_9,Node_20,606,UDP,AES-256,13.08,Normal
Node_10,Node_6,229,UDP,AES-128,15.19,Normal
Node_10,Node_14,550,TCP,AES-192,5.45,Blackhole_Attack
Node_14,Node_9,1069,TCP,AES-192,8.78,Normal
Node_10,Node_6,1265,UDP,AES-128,11.47,Normal
Node_7,Node_12,503,UDP,AES-192,13.47,Normal
Node_19,Node_4,801,TCP,AES-128,0.1,Drop_Attack
Node_9,Node_13,1397,TCP,AES-256,5.57,Normal
Node_9,Node_17,1228,TCP,AES-256,8.34,Normal
Node_2,Node_12,1017,TCP,AES-192,13.52,Normal
Node_7,Node_3,116,TCP,AES-128,22.49,Normal
Node_10,Node_8,1043,UDP,AES-128,8.86,Normal
Node_2,Node_4,614,UDP,AES-128,2.97,Normal
Node_19,Node_13,297,TCP,AES-192,12.01,Normal
Node_20,Node_14,560,UDP,AES-192,16.6,Normal
Node_5,Node_3,1126,UDP,AES-256,10.54,Normal
Node_2,Node_14,756,TCP,AES-192,5.47,Drop_Attack
Node_12,Node_20,82,TCP,AES-128,14.79,Normal
Node_11,Node_1,348,TCP,AES-128,13.32,Normal
Node_1,Node_10,171,TCP,AES-192,4.87,Normal
Node_20,Node_18,915,TCP,AES-256,11.91,Replay_Attack
Node_13,Node_3,605,UDP,AES-128,14.99,Normal
Node_15,Node_13,843,UDP,AES-256,15.91,Normal
Node_6,Node_2,190,TCP,AES-192,9.67,Drop_Attack
Node_13,Node_1,1378,UDP,AES-128,8.21,Normal
Node_6,Node_9,1156,UDP,AES-128,16.14,Normal
Node_12,Node_20,818,TCP,AES-256,3.95,Normal
Node_11,Node_9,999,UDP,AES-256,12.19,Normal
Node_14,Node_7,1067,TCP,AES-256,3.15,Normal
Node_11,Node_12,1085,UDP,AES-256,15.33,Normal
Node_20,Node_18,491,UDP,AES-192,8.71,Normal
Node_16,Node_10,1345,TCP,AES-128,16.34,Normal
Node_7,Node_10,1441,TCP,AES-192,12.46,Drop_Attack
Node_8,Node_20,178,TCP,AES-192,3.88,Normal
Node_14,Node_1,337,UDP,AES-256,17.12,Normal
Node_20,Node_13,935,TCP,AES-256,17.76,Normal
Node_12,Node_10,1449,UDP,AES-192,14.41,Drop_Attack
Node_3,Node_7,242,TCP,AES-128,6.19,Normal
Node_5,Node_14,402,TCP,AES-192,8.47,Normal
Node_10,Node_4,1142,TCP,AES-128,10.73,Normal
Node_12,Node_20,664,TCP,AES-256,6.48,Normal
Node_20,Node_8,722,UDP,AES-192,18.46,Normal
Node_6,Node_10,1376,TCP,AES-192,10.72,Normal
Node_19,Node_11,141,UDP,AES-256,0.1,Normal
Node_12,Node_11,1003,TCP,AES-192,11.7,Normal
Node_9,Node_19,786,TCP,AES-192,8.26,Replay_Attack
Node_18,Node_10,922,UDP,AES-256,9.63,Normal
Node_2,Node_4,1415,UDP,AES-192,8.16,Normal
Node_6,Node_17,1270,TCP,AES-256,14.04,Normal
Node_14,Node_11,395,TCP,AES-256,15.6,Normal
Node_9,Node_20,1218,TCP,AES-128,11.42,Replay_Attack
Node_11,Node_9,141,UDP,AES-128,8.3,Drop_Attack
Node_11,Node_20,232,TCP,AES-192,9.79,Blackhole_Attack
Node_16,Node_11,517,UDP,AES-128,10.1,Normal
Node_7,Node_17,832,TCP,AES-192,5.99,Normal
Node_10,Node_15,208,UDP,AES-128,12.89,Normal
Node_6,Node_1,619,TCP,AES-256,12.3,Normal
Node_1,Node_14,567,TCP,AES-192,17.7,Normal
Node_3,Node_4,1143,UDP,AES-256,16.28,Normal
Node_15,Node_5,1131,TCP,AES-256,6.57,Normal
Node_12,Node_7,1413,TCP,AES-256,14.1,Normal
Node_10,Node_4,1319,TCP,AES-192,5.25,Drop_Attack
Node_8,Node_7,1451,TCP,AES-128,13.48,Normal
Node_12,Node_10,640,TCP,AES-256,7.42,Normal
Node_8,Node_15,1400,UDP,AES-128,4.88,Normal
Node_1,Node_8,242,TCP,AES-192,11.4,Normal
Node_18,Node_2,388,TCP,AES-128,0.1,Normal
Node_14,Node_17,910,UDP,AES-192,1.25,Normal
Node_15,Node_8,916,UDP,AES-192,9.11,Normal
Node_12,Node_13,675,UDP,AES-256,10.41,Normal
Node_7,Node_10,1096,TCP,AES-256,8.15,Normal
Node_9,Node_7,797,TCP,AES-128,2.1,Normal
Node_5,Node_14,1342,TCP,AES-256,5.91,Normal
Node_7,Node_9,164,TCP,AES-128,11.96,Normal
Node_7,Node_3,485,UDP,AES-256,12.91,Normal
Node_3,Node_11,1405,UDP,AES-192,9.92,Normal
Node_1,Node_16,110,TCP,AES-192,15.78,Normal
Node_14,Node_5,929,TCP,AES-192,11.99,Normal
Node_4,Node_12,1358,TCP,AES-256,6.26,Normal
Node_10,Node_18,1041,UDP,AES-128,8.6,Drop_Attack
Node_18,Node_8,586,TCP,AES-192,2.99,Normal
Node_19,Node_15,574,TCP,AES-128,9.46,Normal
Node_2,Node_15,1224,UDP,AES-192,15.56,Normal
Node_12,Node_6,1429,TCP,AES-128,13.43,Normal
Node_12,Node_18,1333,TCP,AES-192,17.01,Normal
Node_4,Node_7,830,TCP,AES-256,8.49,Normal
Node_18,Node_3,1275,UDP,AES-256,16.73,Normal
Node_3,Node_14,1453,UDP,AES-256,9.03,Normal
Node_19,Node_9,706,UDP,AES-256,17.36,Normal
Node_10,Node_15,578,UDP,AES-128,9.89,Normal
Node_19,Node_1,125,UDP,AES-128,13.54,Normal
Node_6,Node_11,383,UDP,AES-192,17.38,Normal
Node_11,Node_9,1075,TCP,AES-128,9.03,Normal
Node_16,Node_17,1290,UDP,AES-128,11.09,Blackhole_Attack
Node_15,Node_2,1325,TCP,AES-192,16.44,Normal
Node_11,Node_2,326,TCP,AES-128,9.33,Normal
Node_10,Node_3,1009,UDP,AES-256,3.4,Blackhole_Attack
Node_9,Node_15,151,TCP,AES-128,20.72,Normal
Node_8,Node_11,89,UDP,AES-256,7.65,Normal
Node_3,Node_14,613,UDP,AES-192,10.79,Normal
Node_6,Node_17,771,UDP,AES-256,15.78,Normal
Node_17,Node_7,321,UDP,AES-192,6.96,Normal
Node_17,Node_11,248,UDP,AES-256,4.96,Drop_Attack
Node_17,Node_3,775,UDP,AES-256,11.27,Normal
Node_11,Node_13,915,UDP,AES-128,1.03,Normal
Node_14,Node_19,1256,UDP,AES-128,8.56,Normal
Node_14,Node_8,858,UDP,AES-192,11.23,Normal
Node_11,Node_20,822,UDP,AES-128,8.65,Normal
Node_4,Node_3,512,TCP,AES-256,2.28,Normal
Node_7,Node_6,333,UDP,AES-192,17.97,Normal
Node_17,Node_5,828,UDP,AES-256,10.52,Normal
Node_19,Node_5,230,TCP,AES-256,17.16,Normal
Node_19,Node_15,702,UDP,AES-256,8.7,Normal
Node_10,Node_18,1050,UDP,AES-256,5.6,Normal
Node_19,Node_14,523,TCP,AES-192,11.35,Normal
Node_2,Node_10,483,UDP,AES-256,8.92,Normal
Node_6,Node_7,775,TCP,AES-192,4.11,Normal
Node_8,Node_1,310,TCP,AES-192,17.35,Normal
Node_19,Node_1,290,UDP,AES-192,6.89,Normal
Node_4,Node_3,1232,UDP,AES-128,0.8,Normal
Node_1,Node_18,807,UDP,AES-128,16.64,Normal
Node_1,Node_15,371,TCP,AES-128,7.48,Replay_Attack
Node_16,Node_7,1377,UDP,AES-192,6.96,Normal
Node_13,Node_10,404,UDP,AES-128,1.17,Drop_Attack
Node_2,Node_8,390,UDP,AES-128,18.7,Replay_Attack
Node_17,Node_6,974,UDP,AES-256,3.55,Normal
Node_7,Node_12,324,TCP,AES-192,10.29,Normal
Node_3,Node_5,1204,TCP,AES-128,14.56,Normal
Node_18,Node_1,1470,UDP,AES-256,12.11,Normal
Node_19,Node_11,1099,UDP,AES-128,9.7,Normal
Node_18,Node_11,473,TCP,AES-256,1.49,Blackhole_Attack
Node_17,Node_3,1019,UDP,AES-256,5.95,Replay_Attack
Node_14,Node_13,869,TCP,AES-192,10.94,Normal
Node_20,Node_10,1047,TCP,AES-256,6.06,Replay_Attack
Node_11,Node_20,1119,UDP,AES-192,11.02,Replay_Attack
Node_16,Node_2,418,UDP,AES-128,13.41,Normal
Node_16,Node_12,511,UDP,AES-256,14.81,Normal
Node_4,Node_8,382,UDP,AES-256,3.87,Normal
Node_15,Node_11,913,UDP,AES-128,20.98,Normal
Node_11,Node_2,575,TCP,AES-192,13.84,Normal
Node_15,Node_19,190,UDP,AES-128,9.99,Drop_Attack
Node_10,Node_11,1173,TCP,AES-256,15.45,Normal
Node_20,Node_17,551,TCP,AES-128,21.83,Normal
Node_3,Node_12,311,UDP,AES-256,2.81,Normal
Node_16,Node_14,613,TCP,AES-128,8.87,Normal
Node_3,Node_15,784,UDP,AES-192,0.1,Normal
Node_5,Node_18,405,TCP,AES-256,10.96,Normal
Node_13,Node_4,1226,UDP,AES-256,11.83,Normal
Node_19,Node_1,332,UDP,AES-256,9.8,Normal
Node_19,Node_10,452,UDP,AES-256,6.73,Normal
Node_15,Node_17,902,UDP,AES-128,0.1,Normal
Node_8,Node_19,1161,UDP,AES-192,11.87,Normal
Node_1,Node_3,1257,TCP,AES-256,17.28,Normal
Node_12,Node_14,972,TCP,AES-128,7.04,Normal
Node_19,Node_12,1274,TCP,AES-192,12.2,Normal
Node_4,Node_20,647,TCP,AES-128,2.16,Normal
Node_1,Node_15,848,TCP,AES-256,12.29,Normal
Node_8,Node_15,134,UDP,AES-256,8.03,Drop_Attack
Node_5,Node_1,521,TCP,AES-256,6.19,Normal
Node_4,Node_3,387,TCP,AES-256,6.2,Normal
Node_13,Node_17,941,TCP,AES-192,8.03,Normal
Node_1,Node_8,1388,UDP,AES-128,11.91,Normal
Node_9,Node_18,522,UDP,AES-192,3.44,Normal
Node_1,Node_16,1375,TCP,AES-256,8.01,Normal
Node_1,Node_13,894,UDP,AES-192,9.79,Normal
Node_7,Node_20,899,UDP,AES-192,4.5,Drop_Attack
Node_15,Node_7,1294,TCP,AES-128,18.98,Normal
Node_20,Node_1,1273,UDP,AES-192,5.73,Normal
Node_18,Node_19,1078,TCP,AES-256,6.65,Normal
Node_12,Node_18,1093,UDP,AES-256,5.11,Replay_Attack
Node_4,Node_6,1271,TCP,AES-192,18.99,Normal
Node_14,Node_5,711,UDP,AES-192,12.76,Normal
Node_2,Node_3,1218,UDP,AES-256,5.32,Replay_Attack
Node_10,Node_14,314,UDP,AES-256,15.53,Normal
Node_1,Node_3,116,TCP,AES-256,11,Normal
Node_2,Node_16,493,UDP,AES-192,11.29,Normal
Node_8,Node_11,1080,UDP,AES-128,8.28,Normal
Node_19,Node_8,1239,TCP,AES-256,6.25,Normal
Node_4,Node_8,283,UDP,AES-256,11.69,Normal
Node_3,Node_18,512,TCP,AES-128,7.27,Normal
Node_1,Node_13,665,TCP,AES-256,19.08,Normal
Node_9,Node_6,798,TCP,AES-128,3.65,Blackhole_Attack
Node_7,Node_13,1295,UDP,AES-256,17.68,Drop_Attack
Node_19,Node_10,193,TCP,AES-192,9.44,Normal
Node_20,Node_19,138,TCP,AES-128,11.5,Normal
Node_18,Node_15,1455,UDP,AES-192,14.17,Normal
Node_14,Node_2,1359,UDP,AES-128,6.85,Normal
Node_17,Node_20,719,TCP,AES-128,14.32,Normal
Node_10,Node_1,1390,TCP,AES-256,0.1,Normal
Node_16,Node_19,510,UDP,AES-192,6.4,Normal
Node_7,Node_1,1145,TCP,AES-256,5.38,Normal
Node_8,Node_6,1478,TCP,AES-256,3.73,Normal
Node_15,Node_1,433,UDP,AES-192,8.93,Normal
Node_6,Node_1,1030,TCP,AES-192,11.93,Normal
Node_18,Node_3,1192,UDP,AES-128,13.51,Normal
Node_4,Node_3,1026,UDP,AES-128,11.2,Normal
Node_15,Node_13,990,UDP,AES-128,6.67,Normal
Node_18,Node_19,1306,TCP,AES-128,11.85,Normal
Node_2,Node_6,1150,UDP,AES-192,10.62,Normal
Node_9,Node_2,796,TCP,AES-128,14.68,Normal
Node_1,Node_8,919,TCP,AES-192,13.88,Normal
Node_17,Node_16,290,TCP,AES-192,10.15,Normal
Node_16,Node_6,838,UDP,AES-192,5.51,Normal
Node_15,Node_3,451,UDP,AES-192,6.74,Normal
Node_14,Node_17,593,UDP,AES-128,7.25,Normal
Node_10,Node_12,532,UDP,AES-192,8.42,Normal
Node_12,Node_16,679,UDP,AES-256,11.34,Normal
Node_17,Node_19,363,UDP,AES-128,13.58,Normal
Node_20,Node_19,163,TCP,AES-256,9.74,Normal
Node_4,Node_5,293,UDP,AES-256,10.08,Normal
Node_8,Node_9,1176,UDP,AES-128,10.72,Normal
Node_14,Node_10,925,UDP,AES-128,7.42,Normal
Node_2,Node_15,1153,TCP,AES-256,5.37,Normal
Node_17,Node_7,202,TCP,AES-192,1.22,Normal
Node_2,Node_7,1057,UDP,AES-256,6.52,Normal
Node_2,Node_9,1345,UDP,AES-256,12.37,Normal
Node_12,Node_14,479,TCP,AES-128,6.49,Normal
Node_19,Node_5,564,UDP,AES-256,8.81,Normal
Node_12,Node_5,635,UDP,AES-192,12.33,Replay_Attack
Node_11,Node_17,1150,TCP,AES-192,12.6,Normal
Node_18,Node_1,1374,TCP,AES-128,4.6,Normal
Node_5,Node_16,245,UDP,AES-128,14.99,Normal
Node_13,Node_6,1473,UDP,AES-256,15.64,Normal
Node_9,Node_17,919,TCP,AES-128,4.35,Normal
Node_1,Node_8,1465,UDP,AES-256,5.88,Normal
Node_16,Node_19,973,TCP,AES-192,15.96,Normal
Node_19,Node_7,315,TCP,AES-128,9.27,Normal
Node_9,Node_3,423,TCP,AES-128,0.1,Normal
Node_1,Node_14,443,UDP,AES-128,3,Normal
Node_9,Node_4,1091,UDP,AES-192,8.75,Normal
Node_9,Node_3,1168,TCP,AES-192,4.18,Normal
Node_17,Node_8,239,UDP,AES-128,7.93,Replay_Attack
Node_8,Node_1,479,TCP,AES-256,10.16,Normal
Node_16,Node_7,732,UDP,AES-256,17.31,Drop_Attack
Node_18,Node_13,801,UDP,AES-128,8.55,Normal
Node_17,Node_20,958,TCP,AES-128,15.36,Normal
Node_12,Node_2,1138,UDP,AES-128,17.14,Normal
Node_14,Node_19,706,UDP,AES-192,17.17,Normal
Node_7,Node_11,961,UDP,AES-128,11.42,Normal
Node_17,Node_19,422,TCP,AES-128,0.18,Normal
Node_12,Node_19,963,TCP,AES-256,12.3,Normal
Node_10,Node_14,1020,TCP,AES-192,15.24,Normal
Node_13,Node_7,563,TCP,AES-256,9.59,Normal
Node_2,Node_5,1024,TCP,AES-256,18.72,Normal
Node_5,Node_18,93,TCP,AES-128,14.3,Normal
Node_13,Node_10,1310,TCP,AES-256,12.84,Normal
Node_10,Node_17,640,TCP,AES-256,15.43,Replay_Attack
Node_8,Node_2,532,TCP,AES-128,11.67,Normal
Node_4,Node_14,907,TCP,AES-192,0.1,Normal
Node_5,Node_18,625,UDP,AES-192,7.5,Normal
Node_10,Node_1,1156,UDP,AES-192,15.99,Normal
Node_13,Node_5,397,UDP,AES-128,5.96,Normal
Node_4,Node_1,1111,UDP,AES-256,8.88,Normal
Node_2,Node_14,913,TCP,AES-256,4.78,Normal
Node_2,Node_7,861,TCP,AES-192,18.92,Normal
Node_1,Node_5,969,UDP,AES-256,18.41,Normal
Node_7,Node_18,1362,TCP,AES-256,5.58,Normal
Node_5,Node_11,632,TCP,AES-128,10.74,Normal
Node_16,Node_19,1178,UDP,AES-192,6.6,Normal
Node_8,Node_5,219,UDP,AES-192,13.07,Replay_Attack
Node_9,Node_5,497,TCP,AES-192,12.55,Normal
Node_9,Node_1,1007,TCP,AES-128,14.06,Normal
Node_1,Node_16,415,UDP,AES-128,11.66,Normal
Node_1,Node_13,1372,TCP,AES-192,24.68,Normal
Node_4,Node_10,1171,UDP,AES-128,4.86,Normal
Node_7,Node_4,1087,TCP,AES-192,1.45,Normal
Node_11,Node_13,587,TCP,AES-128,8.03,Normal
Node_18,Node_6,663,TCP,AES-128,2.16,Replay_Attack
Node_18,Node_3,794,TCP,AES-128,2.54,Normal
Node_12,Node_5,290,UDP,AES-192,4.99,Normal
Node_4,Node_7,918,UDP,AES-128,5.39,Normal
Node_2,Node_12,180,UDP,AES-256,5.23,Normal
Node_5,Node_10,1293,TCP,AES-128,12.59,Normal
Node_10,Node_8,174,TCP,AES-256,7.47,Normal
Node_12,Node_2,408,UDP,AES-192,9.1,Normal
Node_5,Node_9,1213,TCP,AES-256,14.47,Normal
Node_10,Node_2,1454,TCP,AES-192,6.17,Normal
Node_12,Node_9,495,UDP,AES-128,8.68,Normal
Node_18,Node_12,1138,TCP,AES-128,11.83,Normal
Node_1,Node_18,905,UDP,AES-128,0.29,Normal
Node_14,Node_8,326,TCP,AES-256,0.1,Normal
Node_1,Node_12,181,UDP,AES-256,11.73,Normal
Node_16,Node_4,749,TCP,AES-192,12.46,Replay_Attack
Node_15,Node_17,412,TCP,AES-128,20.32,Normal
Node_16,Node_9,655,UDP,AES-192,10.79,Normal
Node_8,Node_20,283,TCP,AES-192,14.1,Drop_Attack
Node_1,Node_2,474,UDP,AES-192,9.02,Normal
Node_17,Node_9,1149,UDP,AES-192,11.49,Normal
Node_16,Node_7,1044,UDP,AES-192,18.34,Normal
Node_13,Node_14,74,UDP,AES-128,0.1,Normal
Node_13,Node_2,662,UDP,AES-192,12.07,Replay_Attack
Node_18,Node_1,459,UDP,AES-256,20.68,Normal
Node_17,Node_5,792,TCP,AES-256,11.41,Normal
Node_19,Node_10,73,UDP,AES-128,18.25,Normal
Node_12,Node_4,887,TCP,AES-128,6.85,Normal
Node_11,Node_17,967,UDP,AES-128,9.84,Normal
Node_14,Node_15,1212,UDP,AES-256,10.17,Normal
Node_7,Node_4,939,TCP,AES-192,0.1,Normal
Node_3,Node_16,709,TCP,AES-192,4.16,Normal
Node_18,Node_3,572,UDP,AES-128,4.52,Normal
Node_9,Node_6,1312,TCP,AES-256,14.11,Normal
Node_7,Node_13,556,UDP,AES-128,14.36,Normal
Node_13,Node_2,1132,UDP,AES-128,11.62,Normal
Node_18,Node_15,548,UDP,AES-256,14.12,Normal
Node_3,Node_4,584,UDP,AES-256,9.18,Normal
Node_11,Node_9,1066,TCP,AES-256,16.01,Normal
Node_15,Node_16,139,UDP,AES-256,10.04,Normal
Node_2,Node_20,918,UDP,AES-256,10.29,Drop_Attack
Node_13,Node_11,1241,UDP,AES-192,8.67,Normal
Node_13,Node_4,128,TCP,AES-256,13.42,Normal
Node_11,Node_17,485,UDP,AES-256,7.89,Normal
Node_19,Node_4,168,TCP,AES-192,14.88,Normal
Node_16,Node_11,943,UDP,AES-128,4.34,Blackhole_Attack
Node_4,Node_18,1416,UDP,AES-256,4.51,Normal
Node_3,Node_15,1244,TCP,AES-192,13.44,Normal
Node_15,Node_6,538,UDP,AES-128,9.56,Normal
Node_3,Node_5,129,UDP,AES-256,7.73,Normal
Node_15,Node_19,923,UDP,AES-128,14.45,Normal
Node_13,Node_11,1041,TCP,AES-256,6.96,Normal
Node_18,Node_5,1265,TCP,AES-128,9,Normal
Node_18,Node_19,1106,UDP,AES-256,17,Normal
Node_19,Node_20,195,UDP,AES-128,17.7,Normal
Node_10,Node_4,1488,UDP,AES-256,17.86,Normal
Node_11,Node_13,459,UDP,AES-256,8.59,Normal
Node_9,Node_7,997,UDP,AES-128,16.15,Drop_Attack
Node_13,Node_17,108,UDP,AES-128,5.26,Normal
Node_20,Node_9,586,TCP,AES-192,5.47,Normal
Node_1,Node_2,185,UDP,AES-128,0.1,Normal
Node_12,Node_15,156,TCP,AES-128,18.36,Normal
Node_4,Node_2,929,UDP,AES-128,5.68,Normal
Node_20,Node_16,389,UDP,AES-256,9.37,Normal
Node_6,Node_19,1094,UDP,AES-256,5.45,Normal
Node_5,Node_16,486,UDP,AES-192,13.48,Normal
Node_16,Node_20,1291,TCP,AES-192,8.12,Blackhole_Attack
Node_16,Node_7,905,UDP,AES-256,3.48,Normal
Node_11,Node_9,976,UDP,AES-256,12.21,Normal
Node_15,Node_19,1430,TCP,AES-256,2.83,Normal
Node_3,Node_2,1499,UDP,AES-128,5.81,Normal
Node_5,Node_13,1390,TCP,AES-192,0.1,Normal
Node_16,Node_15,310,UDP,AES-128,2.88,Normal
Node_1,Node_5,1037,UDP,AES-128,10.89,Normal
Node_9,Node_2,387,UDP,AES-192,0.18,Normal
Node_2,Node_3,665,TCP,AES-128,2.59,Normal
Node_14,Node_13,1076,UDP,AES-192,9.99,Replay_Attack
Node_5,Node_16,1242,UDP,AES-128,7.28,Normal
Node_7,Node_12,82,UDP,AES-192,19.96,Normal
Node_15,Node_6,1230,TCP,AES-256,19.17,Normal
Node_17,Node_19,1352,TCP,AES-192,5.66,Normal
Node_14,Node_16,878,TCP,AES-128,12.79,Normal
Node_15,Node_2,358,UDP,AES-192,13.75,Normal
Node_3,Node_14,1375,TCP,AES-256,7.01,Blackhole_Attack
Node_14,Node_9,1052,TCP,AES-192,2.52,Normal
Node_10,Node_14,1021,TCP,AES-256,9.94,Replay_Attack
Node_1,Node_14,1484,TCP,AES-192,9.14,Normal
Node_12,Node_2,1422,TCP,AES-192,7.82,Normal
Node_8,Node_10,124,UDP,AES-128,12.21,Replay_Attack
Node_2,Node_15,850,UDP,AES-192,6.25,Normal
Node_11,Node_10,1407,TCP,AES-192,4.24,Normal
Node_6,Node_10,385,TCP,AES-256,10.55,Normal
Node_19,Node_9,517,UDP,AES-128,11.93,Normal
Node_17,Node_14,214,UDP,AES-256,4.12,Normal
Node_12,Node_19,202,TCP,AES-256,14.64,Drop_Attack
Node_6,Node_4,521,UDP,AES-192,1.15,Normal
Node_18,Node_13,671,UDP,AES-192,7.11,Normal
Node_5,Node_15,289,UDP,AES-128,8.71,Replay_Attack
Node_12,Node_13,1083,TCP,AES-192,6.82,Normal
Node_6,Node_13,137,UDP,AES-256,7.17,Normal
Node_9,Node_11,253,TCP,AES-128,19.36,Normal
Node_19,Node_20,1494,UDP,AES-256,5.75,Normal
Node_11,Node_19,877,TCP,AES-192,22.21,Normal
Node_14,Node_1,135,UDP,AES-256,12.19,Normal
Node_12,Node_3,813,TCP,AES-192,10.46,Normal
Node_19,Node_15,1486,UDP,AES-128,12.38,Normal
Node_7,Node_17,1130,UDP,AES-256,22.65,Normal
Node_3,Node_7,994,TCP,AES-192,5.03,Normal
Node_9,Node_12,1149,TCP,AES-256,4.4,Drop_Attack
Node_6,Node_4,468,UDP,AES-192,6.23,Normal
Node_13,Node_9,1463,UDP,AES-128,10.16,Normal
Node_14,Node_11,572,TCP,AES-128,1.37,Blackhole_Attack
Node_15,Node_2,1449,TCP,AES-128,10.11,Blackhole_Attack
Node_6,Node_20,970,TCP,AES-256,18.47,Normal
Node_9,Node_2,1201,UDP,AES-128,10.76,Normal
Node_10,Node_19,1428,TCP,AES-128,8.54,Normal
Node_17,Node_4,1062,TCP,AES-128,6.91,Normal
Node_17,Node_1,726,TCP,AES-192,14.49,Normal
Node_17,Node_2,1183,TCP,AES-192,5.87,Replay_Attack
Node_1,Node_12,132,TCP,AES-256,19.23,Normal
Node_2,Node_12,835,TCP,AES-192,19.67,Normal
Node_17,Node_14,1275,TCP,AES-256,11.28,Normal
Node_4,Node_9,204,TCP,AES-192,9.94,Normal
Node_19,Node_10,920,TCP,AES-128,15.15,Normal
Node_3,Node_7,659,UDP,AES-192,15.47,Normal
Node_9,Node_5,1099,TCP,AES-128,5.97,Normal
Node_12,Node_20,1136,TCP,AES-192,7.37,Normal
Node_2,Node_16,611,UDP,AES-256,3.39,Normal
Node_11,Node_3,416,UDP,AES-128,12.05,Normal
Node_5,Node_1,565,TCP,AES-128,13.33,Normal
Node_9,Node_15,820,UDP,AES-256,3.25,Normal
Node_4,Node_15,864,UDP,AES-192,7.72,Normal
Node_17,Node_4,496,TCP,AES-192,3.26,Normal
Node_20,Node_12,181,UDP,AES-128,5.51,Normal
Node_19,Node_13,659,TCP,AES-192,12.76,Normal
Node_2,Node_18,853,TCP,AES-256,6.33,Normal
Node_19,Node_11,453,TCP,AES-128,8.5,Normal
Node_1,Node_17,366,UDP,AES-256,1.86,Normal
Node_18,Node_16,853,UDP,AES-128,10.93,Normal
Node_14,Node_4,509,UDP,AES-192,9.78,Normal
Node_11,Node_19,876,TCP,AES-256,6.36,Normal
Node_11,Node_18,473,TCP,AES-192,9.05,Normal
Node_2,Node_18,513,UDP,AES-192,10.9,Normal
Node_9,Node_5,1447,UDP,AES-256,5.93,Normal
Node_19,Node_18,1108,TCP,AES-256,2.62,Normal
Node_14,Node_13,827,UDP,AES-256,19.03,Normal
Node_12,Node_15,354,UDP,AES-192,6.83,Normal
Node_5,Node_9,912,TCP,AES-128,9.52,Normal
Node_16,Node_11,536,UDP,AES-128,15.05,Normal
Node_20,Node_12,758,UDP,AES-256,27.65,Normal
Node_2,Node_7,338,TCP,AES-128,3.78,Normal
Node_16,Node_3,1452,TCP,AES-192,12.25,Drop_Attack
Node_1,Node_6,855,UDP,AES-192,6.46,Normal
Node_12,Node_7,632,TCP,AES-256,7.31,Normal
Node_8,Node_3,126,TCP,AES-128,6.4,Normal
Node_4,Node_18,947,UDP,AES-192,4.37,Normal
Node_2,Node_15,928,UDP,AES-256,9.79,Normal
Node_16,Node_5,169,TCP,AES-128,2.63,Normal
Node_2,Node_11,67,TCP,AES-256,14.73,Normal
Node_15,Node_19,419,UDP,AES-128,10.28,Normal
Node_18,Node_15,1024,UDP,AES-256,12.11,Normal
Node_8,Node_7,642,TCP,AES-128,7.67,Normal
Node_19,Node_8,1325,TCP,AES-128,8.16,Normal
Node_12,Node_17,1040,UDP,AES-128,11.44,Normal
Node_9,Node_13,977,UDP,AES-128,4.18,Normal
Node_4,Node_18,1140,UDP,AES-128,8.21,Drop_Attack
Node_14,Node_2,529,UDP,AES-128,5.7,Normal
Node_19,Node_13,1158,UDP,AES-256,5.55,Normal
Node_10,Node_6,96,UDP,AES-192,0.1,Normal
Node_19,Node_18,569,UDP,AES-256,16.7,Normal
Node_20,Node_10,979,UDP,AES-128,6.57,Normal
Node_19,Node_8,1461,TCP,AES-256,15.82,Normal
Node_5,Node_2,371,UDP,AES-192,15.34,Normal
Node_14,Node_17,1276,UDP,AES-192,3.57,Normal
Node_15,Node_16,1139,TCP,AES-256,4.56,Normal
Node_19,Node_17,953,TCP,AES-256,22.8,Normal
Node_3,Node_9,1239,UDP,AES-256,18.75,Normal
Node_11,Node_20,340,TCP,AES-128,9.84,Normal
Node_11,Node_16,418,TCP,AES-256,11.29,Normal
Node_2,Node_4,1331,UDP,AES-192,6.85,Normal
Node_16,Node_20,929,TCP,AES-192,12.16,Normal
Node_17,Node_20,840,UDP,AES-192,6.41,Normal
Node_19,Node_16,1454,UDP,AES-256,0.1,Drop_Attack
Node_5,Node_6,105,TCP,AES-256,3.39,Normal
Node_4,Node_1,125,TCP,AES-256,10.11,Normal
Node_17,Node_14,1431,UDP,AES-256,4.34,Replay_Attack
Node_11,Node_17,726,UDP,AES-128,9.66,Normal
Node_19,Node_2,1221,UDP,AES-192,4.63,Blackhole_Attack
Node_1,Node_18,80,TCP,AES-256,6.09,Normal
Node_12,Node_18,1486,UDP,AES-128,14.27,Normal
Node_6,Node_17,1443,UDP,AES-256,11.24,Normal
Node_13,Node_15,779,TCP,AES-256,9.95,Normal
Node_17,Node_7,155,UDP,AES-128,14.39,Normal
Node_19,Node_15,382,UDP,AES-128,12.4,Normal
Node_7,Node_10,485,TCP,AES-192,17.23,Normal
Node_14,Node_16,828,UDP,AES-256,7.7,Normal
Node_15,Node_7,577,TCP,AES-192,7.85,Normal
Node_11,Node_19,1051,UDP,AES-128,3.49,Normal
Node_3,Node_1,677,UDP,AES-256,7.86,Replay_Attack
Node_16,Node_3,1353,TCP,AES-256,14.82,Drop_Attack
Node_19,Node_2,1049,UDP,AES-192,16.5,Normal
Node_14,Node_17,1433,UDP,AES-192,14.8,Normal
Node_3,Node_16,309,TCP,AES-192,1.03,Normal
Node_12,Node_14,930,TCP,AES-256,15.42,Replay_Attack
Node_7,Node_14,1237,UDP,AES-256,0.81,Drop_Attack
Node_15,Node_13,1066,TCP,AES-192,14.49,Normal
Node_16,Node_19,255,TCP,AES-256,8.16,Normal
Node_17,Node_8,1400,UDP,AES-192,13.51,Normal
Node_9,Node_15,1453,TCP,AES-128,3.34,Normal
Node_3,Node_10,1312,TCP,AES-256,15.86,Normal
Node_8,Node_4,1237,UDP,AES-128,2.68,Normal
Node_15,Node_11,871,UDP,AES-192,6.66,Normal
Node_2,Node_20,716,TCP,AES-256,5.01,Normal
Node_11,Node_14,885,TCP,AES-128,1.23,Drop_Attack
Node_5,Node_4,174,UDP,AES-256,10.47,Drop_Attack
Node_17,Node_15,1391,TCP,AES-192,19.03,Normal
Node_17,Node_4,249,TCP,AES-256,23.33,Normal
Node_7,Node_17,1357,TCP,AES-256,10.49,Normal
Node_6,Node_17,1351,TCP,AES-256,15.58,Normal
Node_18,Node_13,966,UDP,AES-192,11.16,Normal
Node_11,Node_13,674,TCP,AES-192,12.49,Replay_Attack
Node_20,Node_13,1311,TCP,AES-192,8.29,Normal
Node_18,Node_6,1043,TCP,AES-128,10.98,Normal
Node_19,Node_8,508,TCP,AES-128,12.69,Normal
Node_13,Node_18,1235,TCP,AES-192,7.11,Normal
Node_14,Node_1,384,TCP,AES-128,9.61,Normal
Node_18,Node_19,652,TCP,AES-192,9.71,Normal
Node_3,Node_6,1308,TCP,AES-256,14.13,Normal
Node_12,Node_3,1273,UDP,AES-192,4.67,Normal
Node_16,Node_14,1428,UDP,AES-192,9.74,Normal
Node_6,Node_5,514,UDP,AES-192,19.56,Normal
Node_18,Node_11,1203,UDP,AES-256,15.82,Drop_Attack
Node_5,Node_6,1184,TCP,AES-256,16.75,Normal
Node_8,Node_13,358,UDP,AES-256,10.12,Normal
Node_4,Node_13,461,UDP,AES-256,11.6,Normal
Node_10,Node_17,384,UDP,AES-256,15.01,Normal
Node_16,Node_9,908,UDP,AES-256,17.8,Normal
Node_2,Node_16,1465,TCP,AES-256,0.24,Normal
Node_1,Node_5,1191,UDP,AES-256,3.42,Normal
Node_17,Node_19,164,UDP,AES-192,16.55,Normal
Node_10,Node_13,116,UDP,AES-256,8.62,Replay_Attack
Node_1,Node_5,67,UDP,AES-192,6.64,Normal
Node_9,Node_10,1087,UDP,AES-128,3.73,Normal
Node_15,Node_19,1186,UDP,AES-192,7.22,Normal
Node_13,Node_10,859,UDP,AES-128,2.99,Normal
Node_8,Node_11,973,UDP,AES-192,20.46,Normal
Node_14,Node_8,470,UDP,AES-256,9.89,Normal
Node_5,Node_6,1482,UDP,AES-128,9.71,Normal
Node_20,Node_3,770,TCP,AES-128,12.94,Normal
Node_10,Node_7,1189,UDP,AES-128,14.81,Normal
Node_11,Node_2,725,TCP,AES-128,14.73,Normal
Node_1,Node_12,1361,TCP,AES-192,15.37,Normal
Node_14,Node_1,1342,UDP,AES-256,6.85,Normal
Node_6,Node_3,616,UDP,AES-256,8.51,Normal
Node_8,Node_15,837,TCP,AES-256,13.85,Normal
Node_11,Node_20,299,TCP,AES-192,7.36,Normal
Node_16,Node_8,860,UDP,AES-192,9.97,Normal
Node_15,Node_18,1143,UDP,AES-256,11.99,Normal
Node_10,Node_18,1283,UDP,AES-256,13.93,Normal
Node_15,Node_4,565,TCP,AES-256,1.11,Normal
Node_9,Node_10,604,UDP,AES-128,13.57,Normal
Node_8,Node_20,719,TCP,AES-192,8.83,Normal
Node_16,Node_17,1053,UDP,AES-128,13.54,Normal
Node_6,Node_3,354,TCP,AES-256,13.88,Normal
Node_15,Node_16,820,UDP,AES-128,18.04,Normal
Node_20,Node_3,1186,UDP,AES-192,16.77,Normal
Node_19,Node_18,516,TCP,AES-256,16.73,Normal
Node_20,Node_2,1373,TCP,AES-128,17.22,Normal
Node_1,Node_12,651,UDP,AES-256,11.46,Replay_Attack
Node_18,Node_12,646,TCP,AES-192,10.16,Normal
Node_3,Node_20,522,UDP,AES-192,14.36,Normal
Node_10,Node_15,321,UDP,AES-128,13.66,Normal
Node_7,Node_9,569,TCP,AES-192,8.45,Normal
Node_7,Node_13,462,UDP,AES-256,12.02,Normal
Node_11,Node_20,1437,TCP,AES-256,9.82,Normal
Node_6,Node_18,444,TCP,AES-256,5.73,Normal
Node_1,Node_18,1067,UDP,AES-256,16.45,Normal
Node_16,Node_18,1398,TCP,AES-256,10.28,Normal
Node_7,Node_16,934,TCP,AES-128,20.24,Normal
Node_16,Node_15,513,TCP,AES-192,1.87,Normal
Node_14,Node_1,1229,UDP,AES-256,7.22,Normal
Node_16,Node_18,731,UDP,AES-128,10.16,Normal
Node_2,Node_11,632,UDP,AES-256,15.69,Blackhole_Attack
Node_13,Node_6,1312,TCP,AES-256,12,Drop_Attack
Node_6,Node_5,892,UDP,AES-128,11.55,Normal
Node_6,Node_13,657,UDP,AES-128,4.36,Blackhole_Attack
Node_3,Node_13,935,UDP,AES-128,4.22,Drop_Attack
Node_19,Node_18,969,TCP,AES-192,11.61,Normal
Node_11,Node_19,249,UDP,AES-256,3.18,Blackhole_Attack
Node_10,Node_1,1077,UDP,AES-256,7.34,Normal
Node_7,Node_19,68,UDP,AES-128,12.5,Normal
Node_11,Node_17,354,UDP,AES-256,5.09,Normal
Node_20,Node_12,132,UDP,AES-256,18.03,Normal
Node_1,Node_13,232,TCP,AES-128,16.12,Normal
Node_14,Node_16,436,TCP,AES-128,2.14,Normal
Node_11,Node_14,1185,TCP,AES-256,5.34,Normal
Node_1,Node_7,1054,UDP,AES-128,0.1,Normal
Node_18,Node_5,292,UDP,AES-256,6.09,Normal
Node_10,Node_3,520,UDP,AES-128,13.83,Normal
Node_1,Node_15,1474,TCP,AES-256,7.93,Blackhole_Attack
Node_7,Node_2,899,UDP,AES-256,12.3,Normal
Node_7,Node_15,1120,TCP,AES-192,2.39,Normal
Node_7,Node_19,872,UDP,AES-192,13.99,Normal
Node_2,Node_14,1036,UDP,AES-192,7.22,Normal
Node_12,Node_20,792,UDP,AES-128,10.06,Normal
Node_11,Node_10,269,TCP,AES-192,9.54,Normal
Node_15,Node_17,1413,TCP,AES-192,3.64,Normal
Node_10,Node_2,430,UDP,AES-256,4.23,Normal
Node_18,Node_17,1186,TCP,AES-128,14.84,Normal
Node_11,Node_12,1146,UDP,AES-128,11.99,Normal
Node_16,Node_18,661,UDP,AES-192,15.25,Normal
Node_2,Node_18,107,TCP,AES-192,11.62,Normal
Node_1,Node_11,239,UDP,AES-128,10.71,Normal
Node_10,Node_20,565,TCP,AES-192,1.37,Normal
Node_17,Node_4,940,TCP,AES-128,8.65,Normal
Node_12,Node_14,958,TCP,AES-128,9.86,Normal
Node_1,Node_10,966,UDP,AES-128,19.77,Drop_Attack
Node_10,Node_2,1376,TCP,AES-128,13.43,Normal
Node_1,Node_14,1232,TCP,AES-256,17.68,Normal
Node_20,Node_10,1341,TCP,AES-192,12.99,Normal
Node_12,Node_18,147,TCP,AES-256,6.44,Normal
Node_18,Node_7,890,UDP,AES-192,10.59,Replay_Attack
Node_11,Node_18,263,UDP,AES-128,11.18,Normal
Node_8,Node_9,779,TCP,AES-192,5.3,Normal
Node_6,Node_10,621,UDP,AES-192,8.08,Normal
Node_20,Node_2,147,TCP,AES-192,8.97,Normal
Node_19,Node_18,101,UDP,AES-256,18.03,Normal
Node_18,Node_19,918,UDP,AES-256,0.1,Normal
Node_11,Node_4,681,TCP,AES-256,16.03,Normal
Node_4,Node_16,168,UDP,AES-128,5.32,Replay_Attack
Node_17,Node_4,879,UDP,AES-256,3.14,Normal
Node_4,Node_9,100,TCP,AES-256,15.9,Normal
Node_13,Node_4,1455,TCP,AES-256,13.66,Replay_Attack
Node_9,Node_12,598,UDP,AES-192,16.27,Normal
Node_12,Node_16,538,TCP,AES-128,14,Normal
Node_8,Node_15,285,TCP,AES-192,20.3,Normal
Node_17,Node_15,872,TCP,AES-128,12.79,Normal
Node_19,Node_12,1084,UDP,AES-192,9.22,Normal
Node_2,Node_19,186,UDP,AES-128,11.71,Normal
Node_8,Node_9,247,UDP,AES-192,16.22,Drop_Attack
Node_9,Node_6,847,TCP,AES-192,6.1,Normal
Node_9,Node_16,243,UDP,AES-192,6.74,Drop_Attack
Node_4,Node_13,443,UDP,AES-192,8.46,Normal
Node_12,Node_18,1360,TCP,AES-256,0.1,Normal
Node_14,Node_10,819,UDP,AES-128,10.69,Normal
Node_19,Node_4,512,UDP,AES-256,0.57,Blackhole_Attack
Node_14,Node_5,106,TCP,AES-256,10.27,Normal
Node_15,Node_8,1280,UDP,AES-192,14.33,Normal
Node_10,Node_6,1037,UDP,AES-128,7.62,Normal
Node_16,Node_10,1415,TCP,AES-192,18.39,Normal
Node_9,Node_1,412,UDP,AES-256,2.7,Drop_Attack
Node_5,Node_12,787,UDP,AES-192,15.96,Replay_Attack
Node_14,Node_5,244,TCP,AES-256,13.38,Normal
Node_4,Node_13,769,TCP,AES-128,1.42,Normal
Node_12,Node_9,335,UDP,AES-128,23.55,Normal
Node_11,Node_1,817,UDP,AES-256,9.68,Normal
Node_2,Node_18,624,TCP,AES-256,5.61,Replay_Attack
Node_5,Node_14,449,TCP,AES-192,2.96,Blackhole_Attack
Node_20,Node_7,1064,TCP,AES-256,8.9,Normal
Node_5,Node_15,1026,TCP,AES-192,9.36,Normal
Node_5,Node_15,320,UDP,AES-192,10.51,Normal
Node_14,Node_16,660,UDP,AES-256,8.51,Normal
Node_17,Node_18,317,UDP,AES-192,13.17,Normal
Node_15,Node_16,666,TCP,AES-256,8.06,Normal
Node_20,Node_7,213,TCP,AES-192,0.33,Normal
Node_16,Node_6,889,UDP,AES-256,9.25,Normal
Node_20,Node_1,1470,UDP,AES-128,0.1,Normal
Node_14,Node_16,1387,TCP,AES-128,11.77,Replay_Attack
Node_7,Node_4,1054,UDP,AES-256,5.1,Replay_Attack
Node_7,Node_19,1457,TCP,AES-128,10.82,Normal
Node_11,Node_4,1112,TCP,AES-128,16.57,Normal
Node_9,Node_19,87,TCP,AES-128,5.26,Normal
Node_18,Node_2,308,TCP,AES-256,15.31,Normal
Node_20,Node_12,461,TCP,AES-128,7.83,Normal
Node_8,Node_20,1055,TCP,AES-192,18.77,Normal
Node_9,Node_3,714,TCP,AES-128,8.17,Normal
Node_14,Node_1,1088,UDP,AES-128,5.8,Normal
Node_13,Node_12,186,UDP,AES-192,13.44,Replay_Attack
Node_6,Node_5,700,UDP,AES-256,7.82,Normal
Node_5,Node_6,753,TCP,AES-256,5.79,Normal
Node_5,Node_15,1377,TCP,AES-128,7.61,Normal
Node_14,Node_5,197,TCP,AES-256,9.78,Normal
Node_3,Node_12,1047,UDP,AES-256,16.71,Replay_Attack
Node_17,Node_3,140,UDP,AES-256,0.33,Normal
Node_14,Node_18,874,UDP,AES-192,10.12,Blackhole_Attack
Node_18,Node_3,865,TCP,AES-128,13.12,Normal
Node_15,Node_8,1028,TCP,AES-128,10.97,Normal
Node_15,Node_3,638,TCP,AES-256,16.55,Blackhole_Attack
Node_5,Node_1,170,UDP,AES-256,9.63,Normal
Node_6,Node_14,145,UDP,AES-128,9.08,Normal
Node_10,Node_17,648,UDP,AES-256,12.96,Normal
Node_17,Node_19,1148,TCP,AES-128,10.5,Normal
Node_15,Node_8,1155,TCP,AES-192,8.05,Normal
Node_5,Node_8,418,TCP,AES-256,12.58,Normal
Node_6,Node_12,588,TCP,AES-128,6.74,Normal
Node_8,Node_19,1464,UDP,AES-192,6.94,Normal
Node_12,Node_10,544,TCP,AES-256,7.36,Normal
Node_10,Node_13,1293,UDP,AES-192,16.77,Normal
Node_2,Node_17,1352,TCP,AES-256,0.1,Normal
Node_14,Node_7,882,UDP,AES-256,11.98,Normal
Node_8,Node_17,781,UDP,AES-256,10.17,Normal
Node_1,Node_10,752,TCP,AES-256,1.6,Normal
Node_2,Node_1,1087,UDP,AES-128,11.55,Normal
Node_2,Node_8,300,UDP,AES-128,12.38,Replay_Attack
Node_12,Node_20,1088,TCP,AES-192,12.95,Normal
Node_8,Node_4,831,UDP,AES-256,0.1,Normal
Node_1,Node_5,163,TCP,AES-192,16.83,Normal
Node_3,Node_8,491,UDP,AES-128,6.31,Drop_Attack
Node_6,Node_14,175,TCP,AES-128,13.43,Normal
Node_9,Node_5,855,UDP,AES-128,13.71,Normal
Node_13,Node_4,663,TCP,AES-256,5.62,Normal
Node_7,Node_4,79,TCP,AES-192,13.3,Drop_Attack
Node_19,Node_10,712,UDP,AES-256,8.07,Normal
Node_11,Node_4,1300,UDP,AES-128,0.1,Normal
Node_20,Node_1,75,UDP,AES-192,15.84,Normal
Node_8,Node_13,386,UDP,AES-128,6.12,Normal
Node_12,Node_3,1030,UDP,AES-128,5.73,Normal
Node_9,Node_4,555,TCP,AES-128,7.98,Normal
Node_17,Node_13,1044,TCP,AES-128,11.36,Normal
Node_11,Node_15,108,TCP,AES-192,9.71,Normal
Node_7,Node_13,976,UDP,AES-192,12.74,Normal
Node_10,Node_20,153,UDP,AES-192,3.3,Drop_Attack
Node_5,Node_17,1461,UDP,AES-256,6.29,Normal
Node_12,Node_6,870,TCP,AES-192,9.42,Normal
Node_17,Node_18,1282,TCP,AES-192,19.49,Normal
Node_18,Node_8,266,UDP,AES-128,9.43,Normal
Node_4,Node_3,200,UDP,AES-128,15.43,Normal
Node_4,Node_7,663,UDP,AES-192,10.19,Normal
Node_14,Node_16,508,TCP,AES-256,7.58,Normal
Node_15,Node_3,1026,UDP,AES-128,8.77,Normal
Node_1,Node_15,887,UDP,AES-192,9.16,Normal
Node_11,Node_2,1175,UDP,AES-192,13.02,Normal
Node_1,Node_8,584,TCP,AES-128,16.87,Normal
Node_3,Node_17,889,TCP,AES-192,11.8,Replay_Attack
Node_2,Node_5,276,TCP,AES-192,15.94,Normal
Node_8,Node_3,1425,TCP,AES-192,5.18,Normal
Node_8,Node_12,1026,UDP,AES-192,7.93,Normal
Node_14,Node_9,89,TCP,AES-128,6.38,Normal
Node_11,Node_10,329,UDP,AES-256,11.57,Drop_Attack
Node_5,Node_11,217,TCP,AES-192,8.21,Normal
Node_7,Node_10,1474,TCP,AES-192,13.65,Normal
Node_3,Node_5,583,UDP,AES-192,5.34,Normal
Node_13,Node_15,359,UDP,AES-256,10.22,Replay_Attack
Node_2,Node_15,665,TCP,AES-256,13.43,Replay_Attack
Node_17,Node_9,883,TCP,AES-128,0.1,Normal
Node_20,Node_12,264,UDP,AES-256,20.61,Drop_Attack
Node_14,Node_13,716,TCP,AES-128,8.58,Normal
Node_16,Node_10,933,UDP,AES-192,0.1,Normal
Node_8,Node_4,951,UDP,AES-256,10.79,Normal
Node_1,Node_15,133,UDP,AES-256,10.17,Normal
Node_4,Node_5,1479,TCP,AES-192,9.59,Normal
Node_4,Node_9,1378,UDP,AES-256,14.96,Normal
Node_8,Node_4,1464,TCP,AES-192,13.74,Normal
Node_2,Node_17,1160,UDP,AES-256,11.49,Normal
Node_11,Node_16,833,TCP,AES-128,12.25,Normal
Node_17,Node_8,92,UDP,AES-128,9.48,Normal
Node_11,Node_9,1372,UDP,AES-192,18.88,Normal
Node_16,Node_8,551,UDP,AES-256,2.6,Normal
Node_20,Node_16,573,UDP,AES-256,10.7,Normal
Node_4,Node_15,1092,UDP,AES-128,10.33,Normal
Node_12,Node_8,220,UDP,AES-192,14.07,Replay_Attack
Node_7,Node_17,101,TCP,AES-256,5.78,Drop_Attack
Node_18,Node_20,1490,UDP,AES-192,1.28,Normal
Node_20,Node_12,410,TCP,AES-192,10.78,Normal
Node_12,Node_2,1290,UDP,AES-192,11.41,Normal
Node_5,Node_18,202,UDP,AES-192,17.45,Normal
Node_13,Node_14,1098,TCP,AES-192,3.65,Normal
Node_20,Node_6,653,TCP,AES-192,15.77,Normal
Node_4,Node_3,1286,UDP,AES-192,21.84,Blackhole_Attack
Node_13,Node_6,1063,TCP,AES-256,8.11,Normal
Node_2,Node_14,1092,TCP,AES-128,3.55,Normal
Node_5,Node_4,1006,UDP,AES-256,7.97,Blackhole_Attack
Node_6,Node_8,558,TCP,AES-128,10.07,Normal
Node_16,Node_17,344,UDP,AES-128,12.82,Normal
Node_7,Node_18,768,UDP,AES-128,7.04,Normal
Node_15,Node_4,598,TCP,AES-128,17.78,Normal
Node_6,Node_17,1400,UDP,AES-128,4.43,Drop_Attack
Node_8,Node_17,584,TCP,AES-128,1.3,Normal
Node_10,Node_5,88,UDP,AES-128,15.53,Blackhole_Attack
Node_16,Node_9,293,UDP,AES-256,0.1,Normal
Node_3,Node_11,357,UDP,AES-128,8.98,Normal
Node_11,Node_20,342,UDP,AES-128,25.59,Normal
Node_1,Node_20,809,UDP,AES-256,9.94,Normal
Node_18,Node_16,1076,TCP,AES-192,4.4,Normal
Node_6,Node_17,495,UDP,AES-256,9.71,Normal
Node_5,Node_9,1130,TCP,AES-192,9.75,Normal
Node_3,Node_6,1257,TCP,AES-128,10.8,Normal
Node_4,Node_5,1415,TCP,AES-128,13.31,Normal
Node_2,Node_5,124,UDP,AES-192,4.8,Normal
Node_2,Node_7,596,UDP,AES-256,18.44,Normal
Node_17,Node_10,276,TCP,AES-128,11.23,Blackhole_Attack
Node_8,Node_6,132,UDP,AES-128,13.63,Normal
Node_11,Node_17,185,UDP,AES-128,6.86,Normal
Node_4,Node_9,1047,TCP,AES-256,16.43,Normal
Node_18,Node_15,1127,TCP,AES-192,8.71,Normal
Node_4,Node_9,292,UDP,AES-256,11.39,Normal
Node_5,Node_14,1394,TCP,AES-256,5.33,Blackhole_Attack
Node_3,Node_13,282,TCP,AES-128,5.02,Normal
Node_18,Node_10,616,TCP,AES-256,13.44,Drop_Attack
Node_15,Node_8,1177,TCP,AES-128,7.78,Normal
Node_7,Node_16,189,UDP,AES-256,5.73,Normal
Node_6,Node_11,814,UDP,AES-192,6.78,Drop_Attack
Node_1,Node_2,721,TCP,AES-192,13.49,Normal
Node_17,Node_18,330,TCP,AES-192,6.85,Normal
Node_4,Node_5,1110,TCP,AES-256,9.41,Normal
Node_6,Node_20,1399,TCP,AES-256,10.08,Normal
Node_2,Node_6,1159,UDP,AES-192,0.41,Normal
Node_18,Node_6,761,UDP,AES-256,2.64,Normal
Node_15,Node_3,824,UDP,AES-192,11.68,Replay_Attack
Node_2,Node_16,97,UDP,AES-192,6.31,Normal
Node_16,Node_2,1384,UDP,AES-128,15.28,Normal
Node_8,Node_3,268,TCP,AES-256,14.83,Normal
Node_3,Node_5,1272,UDP,AES-192,13.6,Normal
Node_1,Node_9,1067,TCP,AES-256,19.1,Replay_Attack
Node_2,Node_9,1062,UDP,AES-256,9.58,Drop_Attack
Node_7,Node_17,1235,TCP,AES-128,13.24,Normal
Node_18,Node_20,344,TCP,AES-128,7.08,Normal
Node_12,Node_18,329,TCP,AES-192,22.26,Replay_Attack
Node_9,Node_16,1482,UDP,AES-128,19.92,Normal
Node_18,Node_9,1043,TCP,AES-128,10.06,Normal
Node_11,Node_2,933,UDP,AES-128,11.93,Normal
Node_20,Node_1,750,TCP,AES-192,16.8,Normal
Node_15,Node_4,328,TCP,AES-192,9.26,Normal
Node_2,Node_13,1040,TCP,AES-128,6.72,Normal
Node_11,Node_1,1164,TCP,AES-256,14.37,Normal
Node_14,Node_19,602,UDP,AES-192,10.39,Normal
Node_15,Node_19,226,UDP,AES-192,10.91,Normal
Node_6,Node_2,708,UDP,AES-128,5.83,Normal
Node_12,Node_3,821,UDP,AES-192,1.41,Normal
Node_9,Node_1,1219,TCP,AES-128,11.18,Drop_Attack
Node_11,Node_8,136,TCP,AES-128,14.52,Normal
Node_9,Node_3,684,TCP,AES-192,8.87,Normal
Node_18,Node_2,857,UDP,AES-128,17.18,Normal
Node_9,Node_10,951,UDP,AES-192,6.48,Normal
Node_1,Node_3,91,TCP,AES-192,4.73,Drop_Attack
Node_9,Node_13,579,UDP,AES-192,9.66,Normal
Node_7,Node_11,1160,UDP,AES-192,9.59,Normal
Node_14,Node_1,641,TCP,AES-192,13.85,Normal
Node_5,Node_12,972,UDP,AES-128,6.13,Replay_Attack
Node_16,Node_11,226,TCP,AES-256,16.84,Blackhole_Attack
Node_13,Node_12,426,UDP,AES-128,19.83,Normal
Node_4,Node_13,1223,UDP,AES-256,9.8,Replay_Attack
Node_1,Node_16,208,UDP,AES-192,16.25,Drop_Attack
Node_16,Node_17,1418,UDP,AES-128,4.72,Normal
Node_4,Node_2,1478,TCP,AES-128,15.38,Normal
Node_4,Node_20,1003,UDP,AES-192,15.24,Drop_Attack
Node_13,Node_4,910,UDP,AES-192,14.32,Normal
Node_19,Node_14,643,UDP,AES-256,9.92,Normal
Node_6,Node_10,1463,UDP,AES-128,0.1,Normal
Node_18,Node_8,443,TCP,AES-128,6.79,Normal
Node_8,Node_16,1359,TCP,AES-192,6.87,Normal
Node_9,Node_17,1283,TCP,AES-256,5.11,Normal
Node_11,Node_20,253,UDP,AES-192,10.61,Normal
Node_19,Node_10,104,TCP,AES-256,7.91,Normal
Node_13,Node_11,1178,UDP,AES-192,5.88,Normal
Node_19,Node_5,1383,UDP,AES-256,4.71,Normal
Node_17,Node_16,1211,TCP,AES-256,6.42,Normal
Node_8,Node_17,877,UDP,AES-192,15.61,Normal
Node_19,Node_16,485,UDP,AES-256,6.69,Replay_Attack
Node_5,Node_13,292,TCP,AES-256,7.43,Normal
Node_14,Node_5,1166,UDP,AES-192,7.72,Normal
Node_15,Node_14,934,UDP,AES-128,11.69,Normal
Node_3,Node_20,310,TCP,AES-192,12.28,Normal
Node_9,Node_5,765,TCP,AES-128,0.1,Normal
Node_19,Node_16,95,UDP,AES-192,15.11,Normal
Node_15,Node_11,1241,TCP,AES-128,17.18,Normal
Node_14,Node_7,1274,UDP,AES-192,4.75,Drop_Attack
Node_15,Node_17,1049,TCP,AES-192,5.14,Drop_Attack
Node_15,Node_2,340,UDP,AES-256,7.75,Replay_Attack
Node_10,Node_9,1329,UDP,AES-128,6.22,Normal
Node_20,Node_18,720,UDP,AES-192,11.12,Drop_Attack
Node_7,Node_17,593,UDP,AES-256,0.27,Normal
Node_12,Node_11,753,UDP,AES-192,4.41,Normal
Node_14,Node_7,559,UDP,AES-256,17.7,Normal
Node_6,Node_1,747,TCP,AES-256,5.36,Normal
Node_7,Node_1,1468,UDP,AES-128,16.22,Normal
Node_16,Node_5,1145,TCP,AES-192,11.78,Normal
Node_11,Node_18,1203,UDP,AES-128,0.95,Normal
Node_18,Node_20,622,TCP,AES-256,13.18,Normal
Node_14,Node_13,110,TCP,AES-192,9.41,Normal
Node_20,Node_18,127,TCP,AES-192,7.72,Normal
Node_10,Node_9,1171,TCP,AES-256,11.22,Normal
Node_20,Node_10,466,UDP,AES-128,12.37,Drop_Attack
Node_13,Node_4,949,UDP,AES-128,13.54,Normal
Node_15,Node_18,588,TCP,AES-192,15.89,Normal
Node_14,Node_10,1219,TCP,AES-256,12.04,Replay_Attack
Node_14,Node_20,747,TCP,AES-256,3.12,Normal
Node_6,Node_12,1307,TCP,AES-192,7.63,Drop_Attack
Node_12,Node_15,1319,UDP,AES-256,24.72,Blackhole_Attack
Node_7,Node_2,1043,TCP,AES-128,13.62,Normal
Node_7,Node_8,694,TCP,AES-128,21.85,Normal
Node_16,Node_10,538,TCP,AES-192,16.98,Normal
Node_6,Node_10,1340,UDP,AES-128,11.21,Normal
Node_3,Node_14,1441,UDP,AES-256,11.51,Normal
Node_4,Node_7,1236,UDP,AES-192,9.82,Normal
Node_2,Node_9,203,TCP,AES-256,1.31,Normal
Node_15,Node_4,602,UDP,AES-192,10.09,Normal
Node_4,Node_3,1402,TCP,AES-128,16.05,Normal
Node_8,Node_20,185,UDP,AES-256,7,Normal
Node_14,Node_15,1387,UDP,AES-128,12.06,Normal
Node_10,Node_7,1206,TCP,AES-256,14.26,Normal
Node_10,Node_6,1149,UDP,AES-192,5.45,Normal
Node_16,Node_8,691,UDP,AES-128,7.74,Normal
Node_1,Node_7,982,UDP,AES-128,4.91,Normal
Node_3,Node_16,1242,TCP,AES-128,5.89,Normal
Node_12,Node_2,739,UDP,AES-128,3.56,Normal
Node_15,Node_5,633,UDP,AES-256,5.5,Normal
Node_17,Node_8,1479,UDP,AES-128,17.1,Normal
Node_18,Node_15,1062,TCP,AES-256,5.42,Normal
Node_17,Node_20,613,TCP,AES-128,10.63,Normal
Node_14,Node_16,403,UDP,AES-192,7.49,Normal
Node_18,Node_13,1326,TCP,AES-128,15.89,Normal
Node_15,Node_13,402,UDP,AES-256,16.56,Normal
Node_13,Node_11,438,UDP,AES-128,14.32,Normal
Node_16,Node_8,216,TCP,AES-128,11.53,Replay_Attack
Node_1,Node_16,273,TCP,AES-128,8.84,Normal
Node_9,Node_8,1473,TCP,AES-192,4.04,Replay_Attack
Node_15,Node_18,268,UDP,AES-256,19.72,Normal
Node_12,Node_11,125,TCP,AES-256,6.2,Normal
Node_7,Node_3,1419,TCP,AES-128,13.32,Normal
Node_11,Node_18,682,UDP,AES-192,15.3,Normal
Node_8,Node_3,512,UDP,AES-128,7.22,Normal
Node_3,Node_16,627,TCP,AES-128,15.19,Normal
Node_15,Node_12,913,TCP,AES-192,13.82,Normal
Node_1,Node_7,276,UDP,AES-128,18.64,Normal
Node_8,Node_17,1361,TCP,AES-128,7.65,Normal
Node_1,Node_5,1416,UDP,AES-256,3.57,Normal
Node_6,Node_3,1193,TCP,AES-128,7.47,Normal
Node_9,Node_1,64,UDP,AES-128,11.04,Normal
Node_13,Node_11,616,UDP,AES-192,10.29,Blackhole_Attack
Node_3,Node_10,575,UDP,AES-256,8.03,Normal
Node_9,Node_17,234,TCP,AES-256,0.45,Normal
Node_1,Node_3,684,UDP,AES-128,12.35,Drop_Attack
Node_3,Node_5,1235,UDP,AES-256,19.86,Normal
Node_14,Node_2,373,UDP,AES-192,12.32,Normal
Node_7,Node_10,1076,UDP,AES-256,13.05,Normal
Node_2,Node_12,589,UDP,AES-192,12.86,Drop_Attack
Node_9,Node_6,431,UDP,AES-192,11.99,Normal
Node_2,Node_14,1273,UDP,AES-256,14.66,Normal
Node_17,Node_14,288,UDP,AES-192,11.98,Normal
Node_4,Node_18,390,UDP,AES-192,8.44,Replay_Attack
Node_18,Node_4,847,TCP,AES-192,6.02,Normal
Node_1,Node_4,1226,UDP,AES-256,8.76,Normal
Node_11,Node_13,1067,TCP,AES-256,11.57,Normal
Node_16,Node_19,845,UDP,AES-128,8.42,Normal
Node_10,Node_3,676,UDP,AES-256,11.57,Drop_Attack
Node_13,Node_17,1352,TCP,AES-256,12.2,Normal
Node_12,Node_2,196,UDP,AES-128,14.17,Normal
Node_17,Node_14,426,UDP,AES-256,16.41,Normal
Node_20,Node_15,152,UDP,AES-128,10.39,Normal
Node_14,Node_20,1426,TCP,AES-192,3.46,Replay_Attack
Node_13,Node_19,224,UDP,AES-256,8.27,Drop_Attack
Node_9,Node_8,936,UDP,AES-256,10.22,Normal
Node_8,Node_16,865,UDP,AES-256,0.82,Replay_Attack
Node_4,Node_16,235,UDP,AES-128,16.94,Drop_Attack
Node_3,Node_16,776,TCP,AES-256,10.71,Normal
Node_1,Node_2,983,UDP,AES-256,11.91,Normal
Node_17,Node_10,817,UDP,AES-192,16.83,Normal
Node_17,Node_14,1053,UDP,AES-128,6.85,Normal
Node_16,Node_5,1473,TCP,AES-256,12.87,Normal
Node_6,Node_19,540,UDP,AES-256,9.45,Normal
Node_9,Node_7,85,TCP,AES-128,9.08,Normal
Node_15,Node_6,808,UDP,AES-256,6.14,Normal
Node_14,Node_16,638,TCP,AES-256,18.33,Normal
Node_4,Node_7,1470,TCP,AES-192,8.12,Normal
Node_9,Node_11,1473,UDP,AES-256,13.5,Normal
Node_13,Node_20,1156,TCP,AES-128,0.62,Normal
Node_6,Node_12,893,TCP,AES-128,15.9,Normal
Node_14,Node_4,93,TCP,AES-128,15.26,Normal
Node_2,Node_4,890,TCP,AES-256,10.49,Blackhole_Attack
Node_8,Node_16,191,TCP,AES-192,8.87,Normal
Node_20,Node_12,1339,TCP,AES-192,12,Drop_Attack
Node_3,Node_15,910,TCP,AES-256,21.44,Normal
Node_12,Node_19,876,TCP,AES-192,1.18,Normal
Node_2,Node_6,800,TCP,AES-192,13.91,Normal
Node_7,Node_5,188,TCP,AES-128,5.44,Normal
Node_9,Node_13,158,TCP,AES-192,9.9,Normal
Node_1,Node_16,1209,UDP,AES-128,8.76,Normal
Node_18,Node_16,262,TCP,AES-256,7.86,Normal
Node_4,Node_2,168,TCP,AES-192,9.95,Normal
Node_18,Node_10,1119,UDP,AES-128,4.33,Normal
Node_19,Node_8,119,TCP,AES-192,15.15,Normal
Node_8,Node_12,1395,UDP,AES-128,1.03,Normal
Node_20,Node_16,142,UDP,AES-192,12.7,Normal
Node_8,Node_17,827,TCP,AES-192,8.37,Normal
Node_20,Node_2,1365,UDP,AES-256,4.15,Normal
Node_8,Node_2,602,UDP,AES-128,11.01,Blackhole_Attack
Node_1,Node_7,996,UDP,AES-192,2.22,Normal
Node_7,Node_1,1468,TCP,AES-192,10.2,Normal
Node_2,Node_5,1340,UDP,AES-192,2.89,Normal
Node_16,Node_7,1174,TCP,AES-256,12.31,Normal
Node_16,Node_10,113,UDP,AES-128,5.38,Normal
Node_17,Node_11,69,UDP,AES-128,7.75,Normal
Node_8,Node_6,90,UDP,AES-256,11.47,Blackhole_Attack
Node_11,Node_13,178,TCP,AES-128,6.14,Normal
Node_9,Node_16,229,TCP,AES-192,9.71,Normal
Node_16,Node_12,91,UDP,AES-128,2.43,Normal
Node_20,Node_4,1150,UDP,AES-128,13.15,Normal
Node_12,Node_3,656,TCP,AES-128,18.82,Blackhole_Attack
Node_1,Node_17,592,TCP,AES-192,23.96,Normal
Node_12,Node_3,742,UDP,AES-256,10.46,Normal
Node_7,Node_8,379,UDP,AES-192,13.94,Normal
Node_5,Node_14,1214,UDP,AES-192,1.1,Normal
Node_15,Node_7,150,TCP,AES-256,17.51,Normal
Node_7,Node_2,832,TCP,AES-192,13.88,Normal
Node_14,Node_2,962,TCP,AES-128,7.58,Normal
Node_4,Node_8,1041,TCP,AES-256,16.19,Normal
Node_20,Node_3,344,UDP,AES-256,8.73,Normal
Node_3,Node_20,518,UDP,AES-192,7.71,Normal
Node_7,Node_15,673,TCP,AES-192,12.38,Normal
Node_7,Node_3,1411,UDP,AES-256,4.68,Normal
Node_20,Node_9,827,UDP,AES-256,15.11,Normal
Node_12,Node_2,1176,UDP,AES-128,4.72,Normal
Node_13,Node_8,1401,TCP,AES-256,4.75,Normal
Node_18,Node_20,1044,UDP,AES-128,5.45,Normal
Node_2,Node_6,470,TCP,AES-192,13.8,Normal
Node_7,Node_9,518,TCP,AES-128,6.92,Normal
Node_13,Node_1,361,UDP,AES-128,3.26,Normal
Node_5,Node_17,97,UDP,AES-128,6.97,Drop_Attack
Node_18,Node_14,841,UDP,AES-256,9.84,Normal
Node_2,Node_17,1399,TCP,AES-192,4.1,Replay_Attack
Node_16,Node_18,1305,UDP,AES-192,4.24,Normal
Node_17,Node_1,794,TCP,AES-192,20.56,Normal
Node_2,Node_19,1140,TCP,AES-128,5.7,Normal
Node_2,Node_20,1006,TCP,AES-128,8.38,Normal
Node_19,Node_18,411,UDP,AES-192,8.16,Normal
Node_15,Node_12,267,UDP,AES-128,7.89,Blackhole_Attack
Node_14,Node_7,890,UDP,AES-256,13.11,Normal
Node_6,Node_18,1392,TCP,AES-192,14.74,Normal
Node_19,Node_13,87,TCP,AES-192,8.47,Normal
Node_13,Node_18,1458,TCP,AES-128,3.82,Normal
Node_2,Node_11,398,UDP,AES-128,16.37,Normal
Node_9,Node_14,724,TCP,AES-192,9.52,Normal
Node_3,Node_16,1286,TCP,AES-128,18.65,Normal
Node_4,Node_16,1302,UDP,AES-128,0.1,Normal
Node_2,Node_19,191,TCP,AES-192,10.98,Normal
Node_1,Node_19,772,UDP,AES-192,19.59,Normal
Node_15,Node_19,1238,TCP,AES-192,8.23,Normal
Node_18,Node_8,458,UDP,AES-192,8.87,Normal
Node_11,Node_19,836,UDP,AES-256,11.48,Normal
Node_13,Node_2,438,TCP,AES-128,7.21,Blackhole_Attack
Node_14,Node_15,913,UDP,AES-128,8.44,Normal
Node_20,Node_19,1039,UDP,AES-128,8.31,Normal
Node_17,Node_16,1202,TCP,AES-256,6.86,Normal
Node_17,Node_6,1379,UDP,AES-256,16.14,Normal
Node_8,Node_16,282,TCP,AES-192,12.31,Normal
Node_17,Node_18,1080,TCP,AES-192,11.25,Normal
Node_3,Node_12,719,UDP,AES-256,14.04,Normal
Node_4,Node_9,1357,UDP,AES-128,8.68,Normal
Node_10,Node_6,308,UDP,AES-256,6.13,Normal
Node_5,Node_10,1048,UDP,AES-256,6.99,Normal
Node_7,Node_4,1081,TCP,AES-192,10.01,Normal
Node_2,Node_13,1393,UDP,AES-192,4.7,Normal
Node_2,Node_18,696,TCP,AES-192,7.5,Normal
Node_13,Node_9,91,TCP,AES-192,7.42,Normal
Node_10,Node_15,854,TCP,AES-128,20.62,Normal
Node_16,Node_18,1420,UDP,AES-192,0.1,Normal
Node_5,Node_12,767,UDP,AES-128,9.1,Normal
Node_18,Node_14,887,UDP,AES-128,18.63,Normal
Node_19,Node_2,1012,TCP,AES-128,10.61,Normal
Node_14,Node_17,1325,UDP,AES-128,13.77,Normal
Node_1,Node_5,707,UDP,AES-128,10.5,Normal
Node_6,Node_16,541,UDP,AES-256,6.66,Normal
Node_7,Node_9,1325,TCP,AES-128,0.1,Normal
Node_20,Node_17,863,TCP,AES-128,11.03,Normal
Node_9,Node_15,1393,UDP,AES-128,6.12,Normal
Node_14,Node_3,187,TCP,AES-192,6,Normal
Node_16,Node_9,1377,TCP,AES-256,7.51,Normal
Node_7,Node_17,1398,TCP,AES-256,18.72,Normal
Node_19,Node_6,904,TCP,AES-192,22.02,Normal
Node_12,Node_1,1390,UDP,AES-128,11.09,Replay_Attack
Node_14,Node_15,648,UDP,AES-256,7.68,Normal
Node_19,Node_14,218,UDP,AES-256,4.11,Normal
Node_19,Node_3,77,TCP,AES-256,12.34,Drop_Attack
Node_19,Node_11,696,UDP,AES-192,18.91,Normal
Node_8,Node_2,175,TCP,AES-192,8.76,Normal
Node_9,Node_14,330,UDP,AES-256,0.1,Normal
Node_6,Node_1,1388,UDP,AES-128,13.35,Normal
Node_5,Node_12,1426,UDP,AES-256,14.93,Normal
Node_7,Node_2,1086,TCP,AES-128,2.07,Drop_Attack
Node_13,Node_20,281,TCP,AES-256,10.88,Normal
Node_18,Node_13,198,TCP,AES-192,12.26,Blackhole_Attack
Node_1,Node_6,796,TCP,AES-128,9.63,Normal
Node_6,Node_5,1002,UDP,AES-192,6.05,Normal
Node_19,Node_10,1439,UDP,AES-192,15.08,Drop_Attack
Node_12,Node_2,719,TCP,AES-192,7.98,Normal
Node_16,Node_9,226,TCP,AES-192,2.57,Blackhole_Attack
Node_19,Node_12,457,UDP,AES-192,0.1,Normal
Node_18,Node_16,712,TCP,AES-128,16.3,Normal
Node_3,Node_13,725,TCP,AES-256,13.08,Normal
Node_6,Node_9,165,TCP,AES-192,10.44,Normal
Node_9,Node_8,105,TCP,AES-256,7.8,Normal
Node_5,Node_17,1001,UDP,AES-192,7.36,Normal
Node_10,Node_8,530,TCP,AES-256,4.62,Normal
Node_12,Node_16,1139,UDP,AES-192,7.84,Normal
Node_10,Node_2,668,UDP,AES-192,0.1,Blackhole_Attack
Node_13,Node_9,1334,UDP,AES-128,6.32,Normal
Node_17,Node_7,1418,UDP,AES-128,8.45,Normal
Node_1,Node_15,986,TCP,AES-128,13.05,Blackhole_Attack
Node_10,Node_11,419,TCP,AES-256,9.8,Normal
Node_3,Node_14,1366,UDP,AES-128,13.97,Blackhole_Attack
Node_12,Node_18,778,UDP,AES-128,16.75,Normal
Node_6,Node_11,1120,TCP,AES-128,15.29,Normal
Node_12,Node_17,1218,TCP,AES-192,12.35,Normal
Node_17,Node_9,532,UDP,AES-256,10.06,Normal
Node_13,Node_12,303,TCP,AES-128,5.1,Normal
Node_9,Node_10,178,UDP,AES-256,13.7,Replay_Attack
Node_7,Node_3,554,UDP,AES-256,18.4,Normal
Node_8,Node_12,985,UDP,AES-192,11.71,Normal
Node_16,Node_7,1479,TCP,AES-128,19.59,Normal
Node_3,Node_5,210,TCP,AES-192,2.37,Normal
Node_5,Node_4,1415,TCP,AES-192,4.23,Normal
Node_16,Node_19,1098,TCP,AES-192,14.28,Normal
Node_15,Node_2,1062,TCP,AES-192,11.32,Normal
Node_15,Node_1,1337,UDP,AES-256,16.57,Normal
Node_13,Node_5,852,TCP,AES-128,9.92,Normal
Node_6,Node_10,1409,TCP,AES-128,5.66,Normal
Node_15,Node_5,70,UDP,AES-256,8.93,Normal
Node_9,Node_17,146,UDP,AES-256,2.34,Normal
Node_8,Node_16,1301,UDP,AES-192,4.36,Normal
Node_6,Node_8,1334,UDP,AES-128,14.86,Normal
Node_4,Node_18,679,UDP,AES-192,14.36,Normal
Node_19,Node_18,1443,TCP,AES-256,11.82,Normal
Node_15,Node_20,378,TCP,AES-192,1.39,Normal
Node_20,Node_1,270,UDP,AES-192,8.21,Blackhole_Attack
Node_11,Node_6,1050,UDP,AES-192,3.88,Normal
Node_18,Node_16,266,UDP,AES-256,15.88,Normal
Node_8,Node_7,483,TCP,AES-256,7.08,Normal
Node_8,Node_3,1426,TCP,AES-256,4.57,Normal
Node_16,Node_11,848,TCP,AES-256,10.15,Normal
Node_4,Node_16,841,UDP,AES-256,6.8,Replay_Attack
Node_1,Node_3,415,UDP,AES-256,17.42,Normal
Node_20,Node_19,794,UDP,AES-128,6.33,Normal
Node_12,Node_4,1367,TCP,AES-192,3,Normal
Node_2,Node_15,459,TCP,AES-256,0.1,Normal
Node_11,Node_7,1079,UDP,AES-256,9.85,Normal
Node_18,Node_15,1361,TCP,AES-256,7.19,Normal
Node_16,Node_10,1447,UDP,AES-128,2.86,Normal
Node_17,Node_16,713,TCP,AES-128,15.95,Drop_Attack
Node_9,Node_7,1167,UDP,AES-128,13.34,Normal
Node_1,Node_16,729,UDP,AES-256,9.86,Normal
Node_4,Node_11,1397,UDP,AES-192,16.82,Normal
Node_9,Node_4,1279,UDP,AES-256,13.31,Normal
Node_19,Node_13,424,UDP,AES-256,5.89,Normal
Node_9,Node_1,1240,TCP,AES-192,4.8,Normal
Node_3,Node_13,986,TCP,AES-256,14.09,Normal
Node_17,Node_11,75,UDP,AES-128,11.98,Normal
Node_4,Node_19,383,UDP,AES-128,10.85,Normal
Node_4,Node_1,456,TCP,AES-256,5.77,Normal
Node_15,Node_5,102,UDP,AES-192,13.04,Normal
Node_9,Node_10,828,UDP,AES-192,6.22,Normal
Node_3,Node_15,888,UDP,AES-256,9.49,Normal
Node_1,Node_4,745,TCP,AES-256,17.23,Normal
Node_9,Node_1,230,TCP,AES-128,6.7,Normal
Node_12,Node_11,992,UDP,AES-256,2.14,Normal
Node_12,Node_15,1379,UDP,AES-192,4.74,Normal
Node_7,Node_5,1268,UDP,AES-192,14.97,Normal
Node_3,Node_2,755,TCP,AES-192,11.27,Normal
Node_20,Node_1,375,TCP,AES-128,9.36,Drop_Attack
Node_14,Node_6,304,UDP,AES-256,7.45,Normal
Node_1,Node_15,264,UDP,AES-192,12.43,Normal
Node_15,Node_8,89,UDP,AES-128,5.75,Normal
Node_10,Node_6,1176,TCP,AES-192,11.53,Normal
Node_3,Node_15,369,TCP,AES-128,6.34,Normal
Node_13,Node_4,784,TCP,AES-192,5.51,Replay_Attack
Node_4,Node_14,1300,TCP,AES-128,6.81,Normal
Node_15,Node_2,743,TCP,AES-192,8.12,Drop_Attack
Node_19,Node_16,971,UDP,AES-256,9.76,Normal
Node_20,Node_19,647,UDP,AES-192,11.18,Blackhole_Attack
Node_2,Node_19,1008,UDP,AES-256,0.1,Normal
Node_3,Node_6,370,TCP,AES-128,5.96,Normal
Node_16,Node_19,1122,UDP,AES-256,8.04,Normal
Node_19,Node_18,1105,TCP,AES-192,17.53,Normal
Node_15,Node_12,1337,UDP,AES-256,4.6,Normal
Node_18,Node_14,426,UDP,AES-192,10.81,Normal
Node_6,Node_9,89,TCP,AES-256,17.48,Normal
Node_3,Node_12,591,UDP,AES-192,3.44,Normal
Node_12,Node_1,300,TCP,AES-128,11.97,Normal
Node_5,Node_3,198,UDP,AES-192,5.99,Normal
Node_17,Node_3,631,TCP,AES-256,7.48,Normal
Node_18,Node_6,665,UDP,AES-192,5.98,Normal
Node_4,Node_9,984,TCP,AES-192,6.34,Normal
Node_2,Node_20,634,TCP,AES-256,23.61,Normal
Node_7,Node_4,829,UDP,AES-256,14.22,Normal
Node_18,Node_3,520,TCP,AES-256,15.51,Normal
Node_3,Node_13,281,TCP,AES-256,12.46,Normal
Node_19,Node_1,117,UDP,AES-192,1.97,Normal
Node_10,Node_15,689,UDP,AES-256,11.97,Normal
Node_12,Node_19,196,UDP,AES-128,15.36,Normal
Node_8,Node_10,382,UDP,AES-256,5.73,Normal
Node_3,Node_4,1338,TCP,AES-192,14.83,Normal
Node_18,Node_2,107,UDP,AES-256,13.52,Drop_Attack
Node_17,Node_3,660,UDP,AES-128,19.26,Normal
Node_14,Node_13,260,TCP,AES-192,7.91,Normal
Node_5,Node_10,398,TCP,AES-192,4.51,Normal
Node_16,Node_2,1204,TCP,AES-192,8.19,Normal
Node_12,Node_19,378,UDP,AES-256,17.18,Blackhole_Attack
Node_16,Node_20,724,UDP,AES-128,0.86,Normal
Node_1,Node_3,536,TCP,AES-128,0.1,Replay_Attack
Node_17,Node_14,253,UDP,AES-192,10.45,Normal
Node_20,Node_14,428,TCP,AES-256,7.79,Normal
Node_10,Node_16,922,UDP,AES-256,10.04,Normal
Node_20,Node_9,1271,UDP,AES-256,14.73,Normal
Node_6,Node_13,218,TCP,AES-128,7.24,Drop_Attack
Node_9,Node_5,360,UDP,AES-192,0.63,Normal
Node_16,Node_2,1152,UDP,AES-256,20.22,Normal
Node_6,Node_15,1100,TCP,AES-128,5.01,Normal
Node_12,Node_13,604,TCP,AES-256,4.7,Normal
Node_18,Node_6,251,TCP,AES-256,15.52,Normal
Node_4,Node_5,705,UDP,AES-192,8.08,Normal
Node_9,Node_4,1440,UDP,AES-128,9.68,Normal
Node_18,Node_12,818,TCP,AES-128,12.41,Normal
Node_7,Node_17,804,TCP,AES-256,15.42,Normal
Node_20,Node_16,560,TCP,AES-192,8.33,Normal
Node_6,Node_12,370,TCP,AES-128,17.6,Normal
Node_9,Node_5,260,TCP,AES-256,0.1,Normal
Node_16,Node_20,949,UDP,AES-192,13.8,Normal
Node_1,Node_17,468,TCP,AES-192,5.8,Drop_Attack
Node_11,Node_12,1135,TCP,AES-192,16.86,Normal
Node_6,Node_11,149,UDP,AES-256,10.71,Normal
Node_17,Node_13,447,UDP,AES-256,6.64,Normal
Node_15,Node_6,1244,TCP,AES-256,13.31,Normal
Node_1,Node_15,386,UDP,AES-256,14.47,Normal
Node_7,Node_14,103,TCP,AES-192,13.21,Normal
Node_5,Node_6,920,TCP,AES-128,4.85,Normal
Node_3,Node_15,1006,UDP,AES-128,7.58,Drop_Attack
Node_5,Node_16,114,TCP,AES-192,9.98,Normal
Node_10,Node_16,1040,UDP,AES-192,9.79,Normal
Node_18,Node_17,1490,UDP,AES-128,13.75,Normal
Node_3,Node_9,964,UDP,AES-128,0.1,Normal
Node_11,Node_8,1100,TCP,AES-256,11.67,Normal
Node_18,Node_3,424,TCP,AES-256,8.55,Normal
Node_8,Node_14,740,UDP,AES-256,5.81,Normal
Node_7,Node_17,860,UDP,AES-192,6.29,Normal
Node_6,Node_12,849,TCP,AES-128,8.93,Normal
Node_18,Node_7,638,UDP,AES-192,0.1,Normal
Node_5,Node_20,1222,UDP,AES-128,6.49,Normal
Node_2,Node_16,217,UDP,AES-128,5.62,Normal
Node_14,Node_20,1277,TCP,AES-256,12.66,Normal
Node_11,Node_3,139,UDP,AES-256,5.97,Normal
Node_7,Node_18,375,TCP,AES-128,8.92,Normal
Node_19,Node_17,837,TCP,AES-192,17.71,Normal
Node_16,Node_18,828,UDP,AES-128,14.97,Normal
Node_8,Node_15,1397,TCP,AES-256,14.51,Drop_Attack
Node_14,Node_6,711,TCP,AES-256,7.5,Normal
Node_20,Node_10,214,TCP,AES-128,12.72,Normal
Node_18,Node_17,1182,TCP,AES-256,8.83,Normal
Node_18,Node_17,1126,UDP,AES-128,9.02,Normal
Node_3,Node_1,1006,TCP,AES-192,12.05,Normal
Node_6,Node_8,883,TCP,AES-128,7.02,Normal
Node_14,Node_18,124,UDP,AES-256,17.47,Normal
Node_10,Node_9,621,TCP,AES-192,9.2,Replay_Attack
Node_6,Node_15,1076,UDP,AES-192,13.09,Normal
Node_18,Node_8,212,TCP,AES-256,17.28,Normal
Node_2,Node_11,541,UDP,AES-256,15.16,Normal
Node_19,Node_16,1231,UDP,AES-192,2.96,Normal
Node_13,Node_18,599,TCP,AES-128,12.22,Normal
Node_18,Node_2,198,UDP,AES-192,14.25,Normal
Node_20,Node_3,1482,TCP,AES-128,14.46,Drop_Attack
Node_15,Node_10,857,TCP,AES-128,4.43,Blackhole_Attack
Node_5,Node_3,1066,TCP,AES-192,6.71,Normal
Node_1,Node_11,427,TCP,AES-128,14.97,Normal
Node_11,Node_18,1179,TCP,AES-128,6.19,Normal
Node_20,Node_6,113,UDP,AES-128,8.5,Drop_Attack
Node_12,Node_5,992,TCP,AES-192,17.88,Blackhole_Attack
Node_19,Node_12,525,TCP,AES-128,9.76,Replay_Attack
Node_6,Node_12,195,TCP,AES-192,6.37,Normal
Node_6,Node_5,463,TCP,AES-128,5.61,Normal
Node_15,Node_2,425,TCP,AES-256,11.66,Normal
Node_18,Node_3,1286,UDP,AES-128,3.33,Drop_Attack
Node_13,Node_3,547,UDP,AES-128,8.76,Normal
Node_16,Node_5,1069,TCP,AES-128,11.67,Normal
Node_10,Node_13,163,TCP,AES-192,16.5,Normal
Node_7,Node_13,532,TCP,AES-128,13.34,Normal
Node_4,Node_14,447,UDP,AES-128,6.43,Normal
Node_3,Node_2,703,UDP,AES-192,15.89,Normal
Node_16,Node_8,136,UDP,AES-256,8.5,Blackhole_Attack
Node_4,Node_8,517,TCP,AES-128,3.82,Normal
Node_15,Node_7,176,TCP,AES-192,9.14,Normal
Node_16,Node_10,255,TCP,AES-192,17.19,Normal
Node_14,Node_15,755,TCP,AES-128,10.83,Normal
Node_8,Node_14,525,UDP,AES-192,10.06,Normal
Node_8,Node_4,1268,UDP,AES-256,18.19,Replay_Attack
Node_18,Node_10,272,UDP,AES-128,2.84,Normal
Node_16,Node_12,153,TCP,AES-256,3.57,Normal
Node_17,Node_8,1391,TCP,AES-192,1.92,Normal
Node_1,Node_2,525,UDP,AES-256,11.86,Normal
Node_12,Node_13,1110,UDP,AES-192,10.83,Normal
Node_10,Node_6,184,TCP,AES-256,17.71,Blackhole_Attack
Node_1,Node_6,501,TCP,AES-128,11.22,Drop_Attack
Node_17,Node_19,1300,TCP,AES-192,7.98,Normal
Node_20,Node_4,1060,UDP,AES-128,10.01,Normal
Node_11,Node_4,1248,TCP,AES-192,10.59,Normal
Node_15,Node_17,1362,UDP,AES-128,1.64,Normal
Node_4,Node_14,1390,TCP,AES-256,23.55,Blackhole_Attack
Node_10,Node_7,1301,UDP,AES-192,12.6,Normal
Node_18,Node_16,401,TCP,AES-128,11.05,Normal
Node_9,Node_19,1059,TCP,AES-128,13.08,Normal
Node_13,Node_11,529,UDP,AES-192,13.55,Normal
Node_10,Node_3,581,UDP,AES-128,9.3,Normal
Node_16,Node_4,1469,UDP,AES-192,6.84,Normal
Node_3,Node_11,808,UDP,AES-192,13,Blackhole_Attack
Node_2,Node_6,1350,TCP,AES-192,11.93,Normal
Node_12,Node_10,1027,TCP,AES-192,5.95,Normal
Node_9,Node_5,983,TCP,AES-256,17.1,Normal
Node_14,Node_3,141,TCP,AES-256,11.47,Normal
Node_6,Node_10,726,TCP,AES-256,13.65,Normal
Node_9,Node_15,1425,UDP,AES-192,16.96,Replay_Attack
Node_15,Node_10,294,UDP,AES-128,10.11,Normal
Node_1,Node_7,419,UDP,AES-128,11.58,Normal
Node_7,Node_3,449,UDP,AES-256,14.05,Drop_Attack
Node_6,Node_19,121,UDP,AES-192,6.38,Normal
Node_16,Node_12,608,TCP,AES-128,10.27,Normal
Node_15,Node_2,782,UDP,AES-256,10.63,Normal
Node_4,Node_16,448,TCP,AES-128,5.22,Normal
Node_20,Node_13,1330,TCP,AES-128,21.59,Normal
Node_18,Node_6,1262,UDP,AES-256,2.96,Normal
Node_12,Node_15,287,TCP,AES-128,3.51,Normal
Node_13,Node_10,855,UDP,AES-256,16.57,Normal
Node_16,Node_13,595,UDP,AES-256,13.57,Normal
Node_13,Node_6,741,TCP,AES-256,4.87,Normal
Node_12,Node_2,1457,TCP,AES-256,13.04,Normal
Node_10,Node_8,1238,TCP,AES-192,17.34,Normal
Node_1,Node_20,1249,TCP,AES-256,9.85,Normal
Node_1,Node_6,1130,UDP,AES-256,22.99,Normal
Node_4,Node_10,552,TCP,AES-192,1.38,Normal
Node_5,Node_1,568,TCP,AES-256,13.47,Normal
Node_18,Node_14,754,TCP,AES-256,15.83,Normal
Node_4,Node_20,1147,TCP,AES-192,14.46,Normal
Node_7,Node_2,757,TCP,AES-128,8.98,Normal
Node_16,Node_8,94,TCP,AES-128,8.55,Normal
Node_17,Node_10,102,TCP,AES-256,12.22,Normal
Node_16,Node_15,886,TCP,AES-256,14.08,Normal
Node_3,Node_20,1388,TCP,AES-256,13.01,Replay_Attack
Node_4,Node_20,1002,TCP,AES-256,15.2,Normal
Node_16,Node_10,691,UDP,AES-256,4.91,Normal
Node_14,Node_20,302,UDP,AES-128,8.86,Normal
Node_14,Node_17,488,UDP,AES-128,5.3,Blackhole_Attack
Node_11,Node_13,910,UDP,AES-192,8.07,Normal
Node_20,Node_15,1343,TCP,AES-256,15.08,Normal
Node_14,Node_8,400,UDP,AES-128,10.54,Normal
Node_9,Node_8,1065,TCP,AES-128,23.03,Normal
Node_20,Node_3,1233,TCP,AES-192,10.97,Normal
Node_11,Node_4,607,TCP,AES-256,10.3,Normal
Node_7,Node_1,982,UDP,AES-256,10.53,Normal
Node_8,Node_5,1246,UDP,AES-192,6.81,Normal
Node_18,Node_3,1376,UDP,AES-128,9.71,Normal
Node_3,Node_20,275,UDP,AES-128,15.64,Normal
Node_9,Node_6,550,UDP,AES-256,10.57,Normal
Node_9,Node_7,1011,TCP,AES-256,6.03,Replay_Attack
Node_17,Node_9,458,UDP,AES-128,5.37,Normal
Node_16,Node_4,959,TCP,AES-192,7.75,Replay_Attack
Node_10,Node_16,845,TCP,AES-128,10.37,Normal
Node_9,Node_16,1167,UDP,AES-128,15.97,Normal
Node_10,Node_4,638,UDP,AES-192,3.3,Normal
Node_14,Node_10,989,TCP,AES-128,8.4,Normal
Node_13,Node_18,1157,UDP,AES-256,10.72,Normal
Node_13,Node_8,1033,TCP,AES-128,0.83,Normal
Node_17,Node_9,521,TCP,AES-128,5.83,Blackhole_Attack
Node_16,Node_18,277,UDP,AES-192,6.6,Normal
Node_1,Node_18,1148,TCP,AES-256,6.02,Normal
Node_9,Node_3,1104,TCP,AES-256,10.96,Drop_Attack
Node_6,Node_19,1143,TCP,AES-192,9.2,Replay_Attack
Node_13,Node_2,1180,UDP,AES-128,7.22,Normal
Node_14,Node_7,224,UDP,AES-256,12.14,Normal
Node_3,Node_18,238,TCP,AES-192,18.62,Normal
Node_5,Node_20,476,TCP,AES-192,18.2,Normal
Node_8,Node_1,1379,TCP,AES-192,0.39,Normal
Node_3,Node_14,650,UDP,AES-192,12.89,Normal
Node_6,Node_17,468,UDP,AES-256,9.11,Normal
Node_7,Node_9,1036,TCP,AES-256,10.78,Normal
Node_16,Node_19,275,TCP,AES-192,8.01,Normal
Node_7,Node_20,443,UDP,AES-256,10.59,Normal
Node_8,Node_2,422,TCP,AES-128,10.76,Normal
Node_3,Node_15,169,TCP,AES-128,7.11,Normal
Node_3,Node_17,1131,UDP,AES-192,5.52,Blackhole_Attack
Node_20,Node_1,1030,TCP,AES-192,7.76,Normal
Node_9,Node_18,1106,TCP,AES-128,11.17,Normal
Node_1,Node_9,1267,TCP,AES-192,12.99,Normal
Node_3,Node_7,1151,TCP,AES-192,14.27,Normal
Node_8,Node_19,737,TCP,AES-128,7.53,Normal
Node_5,Node_7,981,TCP,AES-192,11.42,Normal
Node_12,Node_8,1279,UDP,AES-128,14.81,Normal
Node_14,Node_20,1121,TCP,AES-128,15.83,Normal
Node_6,Node_2,962,TCP,AES-256,9.71,Normal
Node_17,Node_14,267,TCP,AES-192,8.9,Normal
Node_6,Node_9,170,UDP,AES-192,10.96,Normal
Node_3,Node_20,636,UDP,AES-192,4.25,Replay_Attack
Node_3,Node_6,1213,TCP,AES-192,9.03,Normal
Node_4,Node_7,140,TCP,AES-192,13.72,Blackhole_Attack
Node_17,Node_11,888,TCP,AES-128,13.21,Normal
Node_18,Node_19,935,TCP,AES-192,8.65,Normal
Node_5,Node_16,1004,UDP,AES-128,11.09,Normal
Node_7,Node_12,1375,TCP,AES-256,5.88,Normal
Node_18,Node_20,1256,TCP,AES-192,13.52,Normal
Node_16,Node_10,216,UDP,AES-256,9.61,Normal
Node_8,Node_15,892,TCP,AES-256,8.62,Normal
Node_12,Node_15,239,UDP,AES-192,8.19,Normal
Node_16,Node_15,1050,UDP,AES-256,9.69,Normal
Node_5,Node_10,758,TCP,AES-192,7.76,Blackhole_Attack
Node_17,Node_7,964,UDP,AES-192,13.29,Normal
Node_19,Node_6,453,UDP,AES-128,8.02,Normal
Node_9,Node_10,728,TCP,AES-128,17.96,Normal
Node_13,Node_17,1375,TCP,AES-128,17.33,Drop_Attack
Node_6,Node_12,1267,TCP,AES-192,5.54,Normal
Node_1,Node_9,961,UDP,AES-128,10.35,Normal
Node_19,Node_10,69,TCP,AES-256,6.75,Normal
Node_1,Node_11,502,UDP,AES-192,8.37,Replay_Attack
Node_18,Node_1,1113,UDP,AES-192,20.01,Normal
Node_4,Node_1,1137,UDP,AES-128,8.46,Normal
Node_19,Node_15,70,UDP,AES-256,11.8,Normal
Node_7,Node_8,1453,TCP,AES-128,12.71,Drop_Attack
Node_16,Node_12,1268,UDP,AES-128,5,Normal
Node_2,Node_4,890,UDP,AES-192,5.72,Normal
Node_11,Node_17,681,UDP,AES-128,3.97,Normal
Node_18,Node_3,86,UDP,AES-256,5.57,Normal
Node_1,Node_12,871,TCP,AES-192,0.1,Normal
Node_16,Node_7,1135,UDP,AES-128,12.72,Drop_Attack
Node_1,Node_15,841,TCP,AES-192,20.27,Normal
Node_3,Node_12,460,TCP,AES-192,10.74,Normal
Node_1,Node_7,664,UDP,AES-256,2.92,Normal
Node_20,Node_15,1272,TCP,AES-256,6.79,Replay_Attack
Node_13,Node_16,736,UDP,AES-192,7.71,Normal
Node_12,Node_9,869,TCP,AES-192,4.91,Normal
Node_9,Node_6,919,TCP,AES-192,14.3,Normal
Node_17,Node_19,386,UDP,AES-256,14.05,Normal
Node_14,Node_20,883,UDP,AES-256,4.22,Blackhole_Attack
Node_4,Node_18,1018,UDP,AES-256,13.63,Normal
Node_10,Node_4,656,TCP,AES-128,17.63,Normal
Node_8,Node_11,1142,UDP,AES-192,19.51,Normal
Node_5,Node_14,311,TCP,AES-192,24.33,Normal
Node_6,Node_7,1405,TCP,AES-128,5.49,Normal
Node_10,Node_11,505,TCP,AES-256,24.12,Normal
Node_7,Node_10,726,UDP,AES-192,8.23,Normal
Node_20,Node_1,147,UDP,AES-128,7.04,Normal
Node_13,Node_19,1057,TCP,AES-128,11.64,Blackhole_Attack
Node_14,Node_12,978,TCP,AES-192,7.09,Normal
Node_12,Node_4,171,UDP,AES-128,12,Normal
Node_16,Node_15,1053,UDP,AES-192,3.4,Normal
Node_19,Node_7,327,TCP,AES-192,8.81,Normal
Node_13,Node_17,510,UDP,AES-128,16.43,Normal
Node_16,Node_11,736,UDP,AES-256,9.71,Normal
Node_5,Node_1,1302,UDP,AES-192,10.71,Normal
Node_1,Node_7,1166,UDP,AES-192,12.38,Normal
Node_17,Node_5,836,UDP,AES-192,15.85,Normal
Node_4,Node_9,1446,UDP,AES-192,1.72,Normal
Node_18,Node_17,937,UDP,AES-256,12.92,Normal
Node_17,Node_16,1125,UDP,AES-128,8.66,Normal
Node_3,Node_11,314,TCP,AES-192,10.83,Normal
Node_20,Node_10,1313,TCP,AES-256,15.3,Normal
Node_10,Node_9,1019,UDP,AES-128,4.03,Normal
Node_15,Node_5,805,UDP,AES-192,4.94,Normal
Node_5,Node_17,1212,UDP,AES-128,0.32,Drop_Attack
Node_6,Node_19,1037,UDP,AES-128,7.25,Normal
Node_3,Node_9,1315,TCP,AES-192,16.65,Normal
Node_1,Node_9,983,TCP,AES-256,9.4,Normal
Node_1,Node_9,707,UDP,AES-256,3.3,Normal
Node_20,Node_4,1448,TCP,AES-256,7.57,Normal
Node_12,Node_19,1077,UDP,AES-192,2.56,Blackhole_Attack
Node_1,Node_5,455,TCP,AES-256,4.37,Normal
Node_11,Node_14,989,UDP,AES-256,11.94,Normal
Node_13,Node_8,252,UDP,AES-192,4.13,Drop_Attack
Node_14,Node_16,1144,UDP,AES-128,15.56,Normal
Node_8,Node_9,1214,UDP,AES-128,9.64,Normal
Node_4,Node_9,85,TCP,AES-128,10.43,Normal
Node_14,Node_5,684,UDP,AES-192,8.61,Drop_Attack
Node_12,Node_9,1225,UDP,AES-192,13.86,Drop_Attack
Node_10,Node_9,572,UDP,AES-256,13.92,Normal
Node_10,Node_4,334,TCP,AES-256,11.68,Normal
Node_6,Node_2,1171,TCP,AES-128,12.82,Normal
Node_17,Node_8,585,TCP,AES-256,8.94,Replay_Attack
Node_19,Node_6,102,UDP,AES-128,12.71,Normal
Node_11,Node_1,655,UDP,AES-192,8.31,Normal
Node_20,Node_14,1290,TCP,AES-128,10.01,Normal
Node_20,Node_6,511,TCP,AES-128,8.63,Normal
Node_11,Node_5,679,TCP,AES-192,7.71,Normal
Node_4,Node_12,1369,UDP,AES-192,6.55,Normal
Node_9,Node_5,1010,UDP,AES-256,12.34,Normal
Node_3,Node_7,1047,UDP,AES-256,16.55,Normal
Node_19,Node_7,558,TCP,AES-128,15.86,Normal
Node_14,Node_10,380,TCP,AES-128,3.72,Normal
Node_9,Node_12,980,UDP,AES-192,16.45,Blackhole_Attack
Node_6,Node_20,809,TCP,AES-256,8.41,Normal
Node_3,Node_1,501,TCP,AES-256,13,Normal
Node_16,Node_8,1432,TCP,AES-256,5.47,Normal
Node_5,Node_8,587,UDP,AES-192,10.71,Normal
Node_12,Node_10,943,TCP,AES-128,11.57,Normal
Node_2,Node_9,1173,UDP,AES-256,2.58,Normal
Node_15,Node_6,956,UDP,AES-192,13.04,Normal
Node_3,Node_18,1328,TCP,AES-256,16.73,Normal
Node_20,Node_4,678,TCP,AES-192,9.13,Normal
Node_11,Node_9,432,UDP,AES-256,16.8,Normal
Node_14,Node_5,1155,UDP,AES-256,9.05,Normal
Node_16,Node_18,237,TCP,AES-256,14.25,Normal
Node_15,Node_11,213,TCP,AES-256,0.1,Normal
Node_2,Node_16,1441,UDP,AES-256,22.09,Blackhole_Attack
Node_12,Node_19,347,UDP,AES-128,17.48,Normal
Node_11,Node_9,919,UDP,AES-128,8.58,Drop_Attack
Node_14,Node_4,260,UDP,AES-256,0.14,Normal
Node_15,Node_5,736,TCP,AES-128,11.44,Normal
Node_11,Node_19,622,UDP,AES-192,2.78,Normal
Node_20,Node_9,619,TCP,AES-256,12.22,Drop_Attack
Node_1,Node_3,1260,TCP,AES-256,12.06,Normal
Node_4,Node_20,790,TCP,AES-192,5.29,Normal
Node_8,Node_1,764,TCP,AES-256,15.6,Replay_Attack
Node_9,Node_7,445,TCP,AES-192,14.03,Drop_Attack
Node_12,Node_13,847,TCP,AES-256,14.88,Normal
Node_16,Node_12,851,UDP,AES-256,10.04,Normal
Node_18,Node_8,533,TCP,AES-256,2.92,Normal
Node_10,Node_7,210,TCP,AES-256,14.89,Normal
Node_3,Node_19,1097,UDP,AES-192,8.65,Normal
Node_17,Node_6,1148,TCP,AES-256,3.05,Normal
Node_11,Node_17,432,TCP,AES-256,16.76,Normal
Node_7,Node_1,1460,TCP,AES-256,20.5,Normal
Node_14,Node_12,1356,UDP,AES-192,9.79,Normal
Node_1,Node_16,662,UDP,AES-192,20.8,Normal
Node_11,Node_14,1375,UDP,AES-128,10.46,Normal
Node_6,Node_16,267,UDP,AES-192,8.1,Normal
Node_11,Node_2,1251,TCP,AES-256,6.85,Drop_Attack
Node_5,Node_2,580,UDP,AES-256,18.19,Normal
Node_15,Node_10,490,TCP,AES-256,6.1,Normal
Node_9,Node_19,578,UDP,AES-192,13.68,Normal
Node_6,Node_2,369,UDP,AES-256,7.2,Normal
Node_9,Node_1,1460,UDP,AES-128,7.7,Normal
Node_19,Node_16,229,TCP,AES-128,15.15,Replay_Attack
Node_13,Node_17,432,TCP,AES-256,8.1,Normal
Node_9,Node_5,951,TCP,AES-256,7.98,Normal
Node_13,Node_15,1420,UDP,AES-192,15.66,Normal
Node_1,Node_17,1486,TCP,AES-192,17.99,Normal
Node_11,Node_15,814,TCP,AES-256,13.22,Normal
Node_18,Node_8,281,TCP,AES-128,6.73,Normal
Node_3,Node_14,227,TCP,AES-128,7.45,Replay_Attack
Node_2,Node_3,1072,UDP,AES-128,10.4,Normal
Node_13,Node_14,1488,UDP,AES-128,11.6,Normal
Node_18,Node_13,113,UDP,AES-128,5.06,Normal
Node_8,Node_4,878,UDP,AES-128,13.62,Normal
Node_10,Node_14,580,UDP,AES-192,10.43,Drop_Attack
Node_13,Node_2,944,UDP,AES-256,1.42,Normal
Node_15,Node_18,1152,TCP,AES-128,5.36,Normal
Node_18,Node_4,144,TCP,AES-192,7.48,Normal
Node_20,Node_1,1095,UDP,AES-192,9.64,Normal
Node_18,Node_2,278,TCP,AES-192,19.45,Drop_Attack
Node_9,Node_16,1370,UDP,AES-256,11.19,Normal
Node_12,Node_16,810,UDP,AES-256,5.8,Replay_Attack
Node_8,Node_14,1351,UDP,AES-256,11.1,Normal
Node_19,Node_9,1065,TCP,AES-128,8.24,Normal
Node_20,Node_19,1345,TCP,AES-256,11.62,Normal
Node_16,Node_18,642,UDP,AES-192,12.9,Normal
Node_2,Node_19,73,UDP,AES-192,16.05,Normal
Node_7,Node_10,498,TCP,AES-192,9.88,Normal
Node_18,Node_6,117,UDP,AES-128,18.19,Replay_Attack
Node_15,Node_12,755,UDP,AES-192,14.54,Normal
Node_20,Node_14,659,TCP,AES-192,6.46,Normal
Node_5,Node_12,229,TCP,AES-192,21.05,Normal
Node_5,Node_8,171,TCP,AES-192,11.63,Normal
Node_3,Node_17,422,UDP,AES-128,5.82,Normal
Node_1,Node_19,172,UDP,AES-256,18.26,Normal
Node_1,Node_19,1479,UDP,AES-256,20.39,Replay_Attack
Node_17,Node_1,683,UDP,AES-256,9.83,Normal
Node_2,Node_14,716,UDP,AES-192,7.48,Replay_Attack
Node_4,Node_14,1121,TCP,AES-128,9.14,Normal
Node_4,Node_16,915,UDP,AES-128,13.57,Normal
Node_5,Node_3,747,TCP,AES-192,16.39,Normal
Node_15,Node_4,212,TCP,AES-192,12.85,Normal
Node_13,Node_19,904,UDP,AES-192,10.51,Normal
Node_10,Node_4,659,UDP,AES-128,17.49,Normal
Node_20,Node_10,939,UDP,AES-128,8.44,Normal
Node_10,Node_6,766,TCP,AES-192,15.15,Normal
Node_13,Node_19,1257,UDP,AES-256,8.56,Normal
Node_8,Node_20,829,TCP,AES-192,12.16,Normal
Node_13,Node_2,523,TCP,AES-256,9.43,Normal
Node_16,Node_1,268,UDP,AES-256,9.72,Normal
Node_20,Node_12,1387,TCP,AES-256,8.11,Normal
Node_3,Node_13,1383,TCP,AES-256,16.72,Normal
Node_13,Node_8,352,TCP,AES-128,6.34,Normal
Node_16,Node_17,373,UDP,AES-256,6.3,Normal
Node_3,Node_4,804,UDP,AES-256,20.6,Normal
Node_8,Node_9,1098,UDP,AES-128,14.89,Normal
Node_19,Node_1,953,TCP,AES-256,0.1,Normal
Node_17,Node_3,721,UDP,AES-192,7.17,Replay_Attack
Node_19,Node_18,182,UDP,AES-128,0.94,Normal
Node_7,Node_10,473,UDP,AES-256,5.25,Normal
Node_8,Node_12,955,TCP,AES-256,0.1,Normal
Node_17,Node_16,971,TCP,AES-192,9.32,Normal
Node_10,Node_9,256,UDP,AES-192,4.29,Normal
Node_4,Node_19,1069,UDP,AES-128,10.3,Drop_Attack
Node_10,Node_5,1298,TCP,AES-128,1.87,Normal
Node_8,Node_11,1134,UDP,AES-128,10.41,Normal
Node_6,Node_20,751,TCP,AES-192,7.93,Normal
Node_18,Node_20,146,UDP,AES-192,17.51,Normal
Node_5,Node_14,350,UDP,AES-192,17.06,Normal
Node_8,Node_4,447,UDP,AES-256,13.93,Blackhole_Attack
Node_18,Node_15,869,UDP,AES-128,8.37,Normal
Node_9,Node_4,1339,UDP,AES-256,19.93,Normal
Node_15,Node_14,762,TCP,AES-128,2.23,Normal
Node_20,Node_13,1120,UDP,AES-128,2.98,Normal
Node_6,Node_3,1040,UDP,AES-128,9.58,Normal
Node_8,Node_13,1472,TCP,AES-256,21.27,Normal
Node_11,Node_9,1379,UDP,AES-128,8.99,Normal
Node_11,Node_1,1345,TCP,AES-192,9.08,Normal
Node_15,Node_9,1462,UDP,AES-256,2.79,Normal
Node_2,Node_17,915,UDP,AES-192,14.73,Normal
Node_17,Node_10,299,TCP,AES-256,14.77,Normal
Node_4,Node_7,998,UDP,AES-128,13.95,Normal
Node_8,Node_7,781,UDP,AES-256,6.85,Normal
Node_5,Node_10,806,TCP,AES-192,6.47,Normal
Node_18,Node_19,307,UDP,AES-128,3.53,Normal
Node_12,Node_8,697,TCP,AES-192,10.42,Normal
Node_12,Node_10,898,TCP,AES-192,4.6,Blackhole_Attack
Node_4,Node_2,1403,TCP,AES-192,4.11,Normal
Node_15,Node_8,1227,TCP,AES-256,7.88,Normal
Node_19,Node_17,1399,TCP,AES-192,7.55,Normal
Node_10,Node_19,80,TCP,AES-128,7.31,Normal
Node_3,Node_6,970,UDP,AES-256,12.33,Drop_Attack
Node_17,Node_11,462,TCP,AES-256,10.4,Drop_Attack
Node_16,Node_20,580,TCP,AES-256,8.56,Replay_Attack
Node_18,Node_6,405,TCP,AES-192,10.92,Normal
Node_4,Node_14,731,UDP,AES-128,5.04,Normal
Node_19,Node_8,1015,UDP,AES-192,10.53,Normal
Node_14,Node_11,1200,UDP,AES-128,10.75,Normal
Node_6,Node_9,1190,UDP,AES-192,2.48,Normal
Node_14,Node_2,91,TCP,AES-192,14.98,Normal
Node_1,Node_5,1140,TCP,AES-128,5.59,Normal
Node_1,Node_2,744,TCP,AES-192,10.45,Normal
Node_18,Node_13,1136,UDP,AES-256,15.82,Normal
Node_5,Node_2,454,TCP,AES-192,14.63,Blackhole_Attack
Node_14,Node_20,412,TCP,AES-128,10.17,Normal
Node_19,Node_15,839,UDP,AES-128,8.19,Drop_Attack
Node_3,Node_20,1213,TCP,AES-192,14.74,Blackhole_Attack
Node_15,Node_5,1333,TCP,AES-256,13.37,Normal
Node_5,Node_19,901,TCP,AES-192,6.91,Normal
Node_8,Node_11,1259,TCP,AES-256,6.03,Normal
Node_7,Node_19,1257,UDP,AES-256,0.1,Normal
Node_20,Node_11,783,TCP,AES-128,10.77,Normal
Node_8,Node_9,800,UDP,AES-256,9.59,Normal
Node_15,Node_5,1119,TCP,AES-192,15.68,Normal
Node_7,Node_18,1311,TCP,AES-192,11.8,Blackhole_Attack
Node_11,Node_19,1063,UDP,AES-128,16.67,Blackhole_Attack
Node_14,Node_3,620,TCP,AES-256,6.51,Normal
Node_20,Node_10,196,UDP,AES-192,15.69,Normal
Node_6,Node_2,447,UDP,AES-256,7.36,Normal
Node_17,Node_4,626,UDP,AES-192,13.89,Normal
Node_3,Node_4,1215,TCP,AES-192,2.71,Normal
Node_17,Node_9,754,UDP,AES-256,11.18,Normal
Node_9,Node_20,591,TCP,AES-128,0.1,Normal
Node_6,Node_15,440,UDP,AES-192,8.66,Normal
Node_1,Node_17,1409,TCP,AES-128,12.2,Normal
Node_18,Node_1,792,UDP,AES-128,7.4,Drop_Attack
Node_7,Node_12,978,UDP,AES-256,4.75,Blackhole_Attack
Node_12,Node_13,1367,UDP,AES-256,14.23,Blackhole_Attack
Node_14,Node_1,66,TCP,AES-192,9.48,Normal
Node_18,Node_4,325,TCP,AES-192,7.55,Normal
Node_9,Node_6,664,UDP,AES-192,10.21,Normal
Node_1,Node_6,770,TCP,AES-256,23.18,Normal
Node_13,Node_16,348,UDP,AES-256,15.77,Normal
Node_14,Node_2,1336,UDP,AES-192,15.81,Normal
Node_6,Node_11,1154,UDP,AES-192,12.18,Normal
Node_13,Node_8,175,TCP,AES-192,10.83,Normal
Node_18,Node_1,1329,TCP,AES-256,0.1,Blackhole_Attack
Node_14,Node_8,610,UDP,AES-192,6.61,Normal
Node_3,Node_18,93,UDP,AES-128,7.6,Replay_Attack
Node_1,Node_12,1218,UDP,AES-192,0.63,Normal
Node_7,Node_15,1201,TCP,AES-256,4.21,Normal
Node_13,Node_12,984,UDP,AES-256,0.1,Normal
Node_5,Node_12,1106,UDP,AES-256,9.81,Normal
Node_13,Node_19,801,TCP,AES-256,14.09,Normal
Node_13,Node_9,1089,UDP,AES-256,15.53,Normal
Node_13,Node_10,1108,UDP,AES-128,12.07,Normal
Node_2,Node_3,423,UDP,AES-192,5.18,Normal
Node_9,Node_12,574,TCP,AES-192,0.34,Normal
Node_17,Node_12,343,UDP,AES-256,1.22,Normal
Node_17,Node_10,653,UDP,AES-128,3.66,Normal
Node_4,Node_11,825,TCP,AES-192,5.56,Normal
Node_13,Node_7,465,UDP,AES-128,9.2,Normal
Node_11,Node_4,198,TCP,AES-256,4.93,Normal
Node_4,Node_8,1159,UDP,AES-192,11.69,Normal
Node_12,Node_11,1218,UDP,AES-128,8.84,Normal
Node_17,Node_4,1426,TCP,AES-128,10.05,Normal
Node_5,Node_11,220,UDP,AES-192,15.7,Normal
Node_3,Node_18,75,TCP,AES-256,4.1,Normal
Node_15,Node_16,667,TCP,AES-192,12.09,Drop_Attack
Node_1,Node_20,1128,UDP,AES-256,9.93,Normal
Node_4,Node_10,521,UDP,AES-256,8.33,Normal
Node_16,Node_9,1301,TCP,AES-256,14.43,Normal
Node_16,Node_13,1491,TCP,AES-256,14.4,Normal
Node_3,Node_14,1358,TCP,AES-256,5.27,Normal
Node_16,Node_15,848,UDP,AES-256,9.09,Normal
Node_2,Node_19,663,TCP,AES-128,11.41,Normal
Node_14,Node_11,396,TCP,AES-256,8.63,Normal
Node_19,Node_2,1375,TCP,AES-192,12.93,Normal
Node_3,Node_6,923,TCP,AES-192,11.41,Normal
Node_16,Node_10,191,TCP,AES-256,19.16,Normal
Node_18,Node_10,752,UDP,AES-256,2.35,Normal
Node_15,Node_14,1237,UDP,AES-192,9.39,Normal
Node_4,Node_7,915,TCP,AES-128,5.46,Blackhole_Attack
Node_7,Node_4,1129,TCP,AES-192,13.02,Normal
Node_10,Node_4,414,TCP,AES-256,1.91,Normal
Node_11,Node_20,417,TCP,AES-128,11.73,Normal
Node_17,Node_2,434,UDP,AES-192,6.85,Normal
Node_16,Node_3,272,UDP,AES-128,6.33,Normal
Node_15,Node_9,489,UDP,AES-128,2.77,Normal
Node_10,Node_5,1117,UDP,AES-128,7.67,Blackhole_Attack
Node_7,Node_4,1015,UDP,AES-256,15.42,Normal
Node_2,Node_6,1138,TCP,AES-128,9.87,Normal
Node_1,Node_17,858,TCP,AES-192,13.14,Normal
Node_7,Node_10,1456,UDP,AES-128,18.32,Normal
Node_13,Node_7,567,UDP,AES-192,11.32,Normal
Node_13,Node_6,1277,UDP,AES-128,7.21,Normal
Node_11,Node_5,257,UDP,AES-256,12.34,Normal
Node_3,Node_10,1452,TCP,AES-192,7.28,Normal
Node_4,Node_17,331,TCP,AES-256,7.48,Normal
Node_17,Node_12,153,UDP,AES-256,2.4,Normal
Node_10,Node_19,808,TCP,AES-192,14.63,Replay_Attack
Node_8,Node_12,652,UDP,AES-128,8.07,Normal
Node_9,Node_2,718,UDP,AES-128,10.91,Drop_Attack
Node_4,Node_9,1319,TCP,AES-128,4.82,Normal
Node_17,Node_5,1033,UDP,AES-256,12.18,Normal
Node_9,Node_2,1101,UDP,AES-128,6.19,Normal
Node_14,Node_19,1425,TCP,AES-128,9.29,Normal
Node_12,Node_14,555,UDP,AES-256,14.39,Normal
Node_17,Node_5,1203,UDP,AES-128,13.95,Normal
Node_15,Node_10,1149,UDP,AES-256,9.89,Normal
Node_2,Node_13,800,UDP,AES-256,1.16,Normal
Node_7,Node_18,70,UDP,AES-256,24.96,Normal
Node_5,Node_14,1353,UDP,AES-128,18.73,Normal
Node_10,Node_1,686,UDP,AES-192,13.61,Normal
Node_12,Node_1,274,UDP,AES-192,6.23,Drop_Attack
Node_13,Node_12,725,TCP,AES-256,9.43,Normal
Node_18,Node_13,1273,UDP,AES-256,7.28,Normal
Node_5,Node_7,477,TCP,AES-192,16.32,Normal
Node_9,Node_8,101,TCP,AES-192,11.31,Normal
Node_3,Node_20,279,TCP,AES-192,6.08,Normal
Node_16,Node_4,568,UDP,AES-128,7.65,Normal
Node_3,Node_4,680,TCP,AES-128,15.61,Normal
Node_5,Node_19,878,TCP,AES-128,18,Normal
Node_7,Node_6,1198,UDP,AES-256,17.64,Normal
Node_4,Node_10,68,TCP,AES-256,13.79,Normal
Node_11,Node_10,343,TCP,AES-192,8.74,Normal
Node_5,Node_7,652,TCP,AES-128,0.1,Blackhole_Attack
Node_2,Node_1,119,TCP,AES-128,11.49,Blackhole_Attack
Node_6,Node_19,1414,TCP,AES-192,9.99,Normal
Node_11,Node_2,1376,UDP,AES-256,10.7,Replay_Attack
Node_6,Node_12,843,TCP,AES-256,10.27,Normal
Node_14,Node_6,1269,UDP,AES-256,3.37,Normal
Node_9,Node_15,1063,UDP,AES-192,12.79,Blackhole_Attack
Node_20,Node_15,1002,UDP,AES-128,13.16,Normal
Node_9,Node_1,1194,TCP,AES-128,13.41,Normal
Node_2,Node_3,867,TCP,AES-128,14.73,Normal
Node_5,Node_17,448,TCP,AES-256,13.02,Normal
Node_14,Node_17,399,UDP,AES-128,7.95,Normal
Node_7,Node_15,447,TCP,AES-192,9.65,Normal
Node_20,Node_18,1235,UDP,AES-256,10.46,Normal
Node_15,Node_7,1177,TCP,AES-256,10.54,Normal
Node_17,Node_5,195,UDP,AES-192,14.99,Normal
Node_6,Node_7,445,TCP,AES-256,13.22,Normal
Node_7,Node_18,233,TCP,AES-256,20.39,Normal
Node_11,Node_6,398,TCP,AES-192,21.03,Normal
Node_1,Node_14,360,UDP,AES-256,10.4,Blackhole_Attack
Node_10,Node_2,1471,TCP,AES-192,0.1,Normal
Node_6,Node_11,757,TCP,AES-128,16.18,Normal
Node_5,Node_10,821,UDP,AES-192,7.3,Normal
Node_17,Node_20,515,TCP,AES-256,5.99,Normal
Node_2,Node_10,913,TCP,AES-256,8.01,Normal
Node_7,Node_8,1380,UDP,AES-192,7.77,Replay_Attack
Node_18,Node_8,488,UDP,AES-256,13.06,Normal
Node_19,Node_12,1342,TCP,AES-256,2.2,Normal
Node_20,Node_1,761,TCP,AES-128,4.61,Normal
Node_9,Node_12,1213,UDP,AES-192,11.72,Normal
Node_2,Node_18,1496,TCP,AES-192,13.11,Normal
Node_16,Node_5,524,TCP,AES-256,13.21,Normal
Node_7,Node_1,75,UDP,AES-128,6.06,Normal
Node_3,Node_19,956,UDP,AES-256,5.11,Normal
Node_13,Node_16,647,UDP,AES-256,7.47,Normal
Node_12,Node_6,1333,TCP,AES-192,11.2,Normal
Node_12,Node_14,807,TCP,AES-256,17.43,Normal
Node_13,Node_20,343,TCP,AES-192,0.1,Normal
Node_1,Node_7,745,TCP,AES-256,8.9,Normal
Node_9,Node_4,290,TCP,AES-192,3.34,Normal
Node_14,Node_6,1402,UDP,AES-128,1.74,Blackhole_Attack
Node_14,Node_18,117,UDP,AES-128,14.83,Normal
Node_19,Node_13,682,UDP,AES-128,12.72,Normal
Node_14,Node_9,413,UDP,AES-192,12.25,Normal
Node_5,Node_1,944,UDP,AES-192,14.61,Normal
Node_8,Node_5,899,TCP,AES-192,7.6,Normal
Node_10,Node_2,1488,TCP,AES-192,7.84,Replay_Attack
Node_9,Node_7,309,TCP,AES-256,20.93,Blackhole_Attack
Node_14,Node_19,570,TCP,AES-256,8.77,Normal
Node_12,Node_8,223,TCP,AES-128,13.68,Normal
Node_6,Node_14,628,UDP,AES-192,10.03,Normal
Node_15,Node_2,954,UDP,AES-256,0.76,Normal
Node_13,Node_10,641,TCP,AES-256,0.1,Normal
Node_8,Node_2,1019,TCP,AES-192,7.11,Normal
Node_2,Node_4,139,TCP,AES-128,15.28,Normal
Node_10,Node_18,82,UDP,AES-192,13.94,Normal
Node_10,Node_5,278,TCP,AES-256,14.57,Normal
Node_10,Node_20,1401,TCP,AES-128,5.06,Normal
Node_19,Node_3,175,TCP,AES-192,18.08,Normal
Node_7,Node_3,664,TCP,AES-128,5.18,Normal
Node_20,Node_7,97,UDP,AES-192,11.06,Drop_Attack
Node_3,Node_2,1002,TCP,AES-256,9.95,Normal
Node_7,Node_3,123,UDP,AES-192,9.13,Normal
Node_7,Node_3,810,UDP,AES-256,16.69,Normal
Node_13,Node_15,95,UDP,AES-192,6.47,Normal
Node_12,Node_4,611,TCP,AES-192,3.25,Normal
Node_12,Node_3,744,UDP,AES-128,10.1,Normal
Node_4,Node_10,333,UDP,AES-192,8,Replay_Attack
Node_8,Node_19,859,TCP,AES-128,26.89,Normal
Node_4,Node_5,226,UDP,AES-128,13.38,Normal
Node_16,Node_4,588,TCP,AES-192,7.95,Normal
Node_9,Node_4,137,UDP,AES-128,4.72,Normal
Node_14,Node_11,85,UDP,AES-256,0.6,Normal
Node_6,Node_12,776,TCP,AES-128,4.87,Normal
Node_2,Node_17,473,UDP,AES-128,10.57,Normal
Node_1,Node_16,361,UDP,AES-256,17.14,Blackhole_Attack
Node_11,Node_6,679,TCP,AES-256,15.61,Normal
Node_2,Node_15,1444,TCP,AES-192,11.15,Normal
Node_8,Node_9,898,TCP,AES-128,8.38,Normal
Node_19,Node_20,550,TCP,AES-256,11.34,Normal
Node_9,Node_2,116,TCP,AES-128,7.41,Normal
Node_20,Node_15,290,TCP,AES-256,18.59,Normal
Node_6,Node_18,1130,UDP,AES-192,9.05,Normal
Node_11,Node_20,590,TCP,AES-192,9.57,Normal
Node_7,Node_11,741,TCP,AES-128,0.1,Normal
Node_9,Node_6,1045,TCP,AES-256,9.02,Normal
Node_14,Node_13,959,UDP,AES-256,14.18,Replay_Attack
Node_3,Node_7,1222,TCP,AES-256,4.66,Normal
Node_5,Node_10,451,TCP,AES-256,6.25,Normal
Node_16,Node_17,1328,TCP,AES-256,13.96,Normal
Node_15,Node_18,200,TCP,AES-192,2.62,Blackhole_Attack
Node_9,Node_2,1094,TCP,AES-256,15.29,Normal
Node_8,Node_7,262,UDP,AES-192,7.34,Normal
Node_2,Node_19,433,TCP,AES-192,8.06,Normal
Node_13,Node_6,97,TCP,AES-192,4.38,Normal
Node_5,Node_20,730,TCP,AES-256,11.89,Blackhole_Attack
Node_13,Node_2,1460,UDP,AES-256,22.3,Normal
Node_4,Node_3,104,UDP,AES-128,13.91,Normal
Node_20,Node_1,1227,TCP,AES-256,5.68,Normal
Node_16,Node_13,1054,TCP,AES-192,15.68,Blackhole_Attack
Node_7,Node_8,1258,UDP,AES-128,8.42,Normal
Node_13,Node_17,940,TCP,AES-256,16.87,Normal
Node_1,Node_18,1386,TCP,AES-256,14.03,Replay_Attack
Node_2,Node_19,510,TCP,AES-192,0.1,Normal
Node_6,Node_13,162,TCP,AES-192,4.98,Normal
Node_12,Node_15,668,UDP,AES-128,14.72,Normal
Node_10,Node_3,323,UDP,AES-128,10.76,Normal
Node_13,Node_2,825,TCP,AES-256,4.88,Normal
Node_19,Node_2,965,UDP,AES-128,6.83,Normal
Node_17,Node_4,699,TCP,AES-192,0.47,Normal
Node_9,Node_1,549,TCP,AES-128,9.56,Normal
Node_9,Node_20,1488,TCP,AES-128,21.05,Normal
Node_14,Node_16,745,UDP,AES-128,14.02,Normal
Node_2,Node_10,449,UDP,AES-192,20.95,Normal
Node_7,Node_4,744,UDP,AES-192,14.41,Normal
Node_5,Node_7,1335,UDP,AES-128,15.14,Normal
Node_8,Node_19,870,TCP,AES-128,19.87,Normal
Node_2,Node_8,933,UDP,AES-192,11.89,Normal
Node_15,Node_12,874,UDP,AES-192,9.06,Normal
Node_11,Node_3,710,TCP,AES-192,15.16,Normal
Node_16,Node_10,477,TCP,AES-192,17.27,Replay_Attack
Node_15,Node_19,155,TCP,AES-128,7.6,Normal
Node_3,Node_1,300,TCP,AES-128,6.39,Normal
Node_1,Node_18,375,TCP,AES-192,10.69,Normal
Node_13,Node_1,1287,TCP,AES-256,14.16,Normal
Node_16,Node_18,1159,UDP,AES-128,13.99,Normal
Node_13,Node_3,1216,TCP,AES-192,2.88,Normal
Node_9,Node_11,608,TCP,AES-192,19.56,Normal
Node_19,Node_10,1439,UDP,AES-256,6.79,Blackhole_Attack
Node_6,Node_16,1476,UDP,AES-128,8.67,Normal
Node_1,Node_12,614,TCP,AES-128,5.49,Normal
Node_1,Node_7,1135,UDP,AES-192,23.49,Normal
Node_11,Node_20,355,TCP,AES-256,11.21,Normal
Node_11,Node_14,1171,UDP,AES-192,5.75,Normal
Node_20,Node_19,508,TCP,AES-256,14.32,Normal
Node_9,Node_13,453,TCP,AES-256,13.85,Replay_Attack
Node_18,Node_15,904,TCP,AES-256,9.06,Normal
Node_9,Node_8,523,UDP,AES-128,14.2,Normal
Node_2,Node_3,1112,UDP,AES-192,5.87,Normal
Node_15,Node_10,970,UDP,AES-128,7.54,Blackhole_Attack
Node_9,Node_6,1236,TCP,AES-128,0.1,Normal
Node_19,Node_6,1379,UDP,AES-256,3.38,Normal
Node_11,Node_6,479,UDP,AES-192,19.04,Normal
Node_3,Node_12,206,TCP,AES-128,18.21,Normal
Node_14,Node_17,889,TCP,AES-256,10.33,Normal
Node_14,Node_2,245,TCP,AES-192,18.31,Normal
Node_14,Node_11,1099,UDP,AES-256,9.2,Normal
Node_10,Node_5,820,UDP,AES-192,8.78,Normal
Node_19,Node_7,1204,UDP,AES-192,10.28,Normal
Node_2,Node_11,667,UDP,AES-128,9.38,Normal
Node_19,Node_18,881,TCP,AES-256,8.92,Normal
Node_7,Node_10,836,UDP,AES-256,15.72,Normal
Node_17,Node_4,591,UDP,AES-256,10.75,Normal
Node_2,Node_6,1303,UDP,AES-192,13.56,Normal
Node_6,Node_19,520,TCP,AES-192,15.16,Normal
Node_7,Node_1,1045,TCP,AES-192,11.94,Normal
Node_4,Node_2,660,UDP,AES-256,5.15,Normal
Node_1,Node_4,799,TCP,AES-256,3.24,Normal
Node_8,Node_9,631,UDP,AES-128,10.74,Normal
Node_17,Node_5,1298,UDP,AES-192,9.14,Normal
Node_3,Node_18,491,TCP,AES-192,10.44,Normal
Node_4,Node_11,1396,UDP,AES-256,9.92,Normal
Node_12,Node_1,1001,UDP,AES-128,22.92,Normal
Node_5,Node_2,473,UDP,AES-256,3.35,Blackhole_Attack
Node_15,Node_18,940,UDP,AES-192,0.1,Normal
Node_11,Node_1,134,UDP,AES-128,11.66,Normal
Node_11,Node_17,1368,UDP,AES-256,8.12,Replay_Attack
Node_15,Node_7,508,UDP,AES-128,11.58,Normal
Node_9,Node_17,639,TCP,AES-192,12.92,Normal
Node_3,Node_15,522,TCP,AES-256,16.42,Normal
Node_14,Node_3,1377,UDP,AES-256,2.46,Normal
Node_6,Node_10,1400,TCP,AES-192,7.22,Normal
Node_11,Node_3,972,TCP,AES-256,12.14,Normal
Node_12,Node_17,1034,TCP,AES-128,13.85,Normal
Node_3,Node_10,864,TCP,AES-128,20.97,Normal
Node_9,Node_3,1283,UDP,AES-192,14.78,Blackhole_Attack
Node_19,Node_5,734,UDP,AES-256,9.72,Normal
Node_7,Node_12,1293,UDP,AES-128,5.55,Normal
Node_8,Node_19,1034,UDP,AES-192,7.18,Normal
Node_9,Node_1,338,TCP,AES-192,7.04,Normal
Node_16,Node_4,643,UDP,AES-128,13.28,Normal
Node_15,Node_9,1413,TCP,AES-128,11.28,Normal
Node_6,Node_15,793,UDP,AES-192,3.38,Normal
Node_8,Node_14,1044,UDP,AES-192,7.82,Normal
Node_12,Node_9,762,UDP,AES-128,14.39,Normal
Node_10,Node_20,1362,TCP,AES-256,11.76,Normal
Node_20,Node_12,738,TCP,AES-192,12.84,Normal
Node_6,Node_7,1468,TCP,AES-256,11.91,Normal
Node_2,Node_12,590,UDP,AES-192,18.13,Normal
Node_12,Node_18,1494,TCP,AES-256,11.18,Normal
Node_1,Node_4,1215,UDP,AES-192,8.07,Normal
Node_20,Node_6,977,TCP,AES-192,5.42,Normal
Node_17,Node_19,742,TCP,AES-256,11.25,Normal
Node_12,Node_18,541,UDP,AES-256,0.1,Normal
Node_9,Node_8,114,TCP,AES-256,9.08,Normal
Node_15,Node_8,1188,UDP,AES-192,8.97,Normal
Node_6,Node_10,188,TCP,AES-256,3.18,Normal
Node_9,Node_19,79,UDP,AES-256,5.36,Normal
Node_17,Node_13,1349,TCP,AES-256,14.05,Normal
Node_13,Node_7,586,TCP,AES-192,11.15,Normal
Node_15,Node_16,276,TCP,AES-192,10.51,Normal
Node_15,Node_7,1047,TCP,AES-192,11.53,Normal
Node_4,Node_14,385,TCP,AES-256,10.46,Normal
Node_13,Node_17,239,TCP,AES-256,16.21,Normal
Node_16,Node_7,193,UDP,AES-128,10.62,Normal
Node_7,Node_3,1229,TCP,AES-192,2.71,Normal
Node_4,Node_15,411,UDP,AES-256,18.15,Normal
Node_13,Node_19,1134,UDP,AES-192,11.85,Normal
Node_13,Node_6,219,TCP,AES-128,7.05,Normal
Node_19,Node_6,321,UDP,AES-192,3.73,Normal
Node_18,Node_14,965,TCP,AES-256,11.98,Normal
Node_13,Node_16,252,UDP,AES-256,9.41,Normal
Node_12,Node_16,1312,TCP,AES-192,17.87,Normal
Node_12,Node_6,457,UDP,AES-128,8.27,Normal
Node_2,Node_1,1334,TCP,AES-192,5.81,Normal
Node_8,Node_16,553,UDP,AES-192,14.48,Normal
Node_10,Node_17,260,TCP,AES-192,14.63,Normal
Node_17,Node_6,434,TCP,AES-256,10.84,Blackhole_Attack
Node_15,Node_3,1300,TCP,AES-192,13.38,Normal
Node_14,Node_16,1030,UDP,AES-256,9.81,Normal
Node_4,Node_8,263,UDP,AES-192,11.17,Normal
Node_18,Node_7,459,UDP,AES-192,15.82,Normal
Node_11,Node_1,520,UDP,AES-128,13.13,Normal
Node_6,Node_3,131,TCP,AES-128,9.15,Normal
Node_10,Node_14,987,UDP,AES-256,16.76,Blackhole_Attack
Node_20,Node_12,1233,UDP,AES-192,0.1,Replay_Attack
Node_16,Node_1,802,UDP,AES-256,20.26,Normal
Node_5,Node_13,1194,TCP,AES-128,1.47,Drop_Attack
Node_7,Node_12,691,UDP,AES-192,6.86,Normal
Node_7,Node_14,1028,TCP,AES-192,9.8,Normal
Node_8,Node_15,1359,UDP,AES-256,9.27,Normal
Node_10,Node_20,1103,TCP,AES-128,15.03,Normal
Node_7,Node_5,908,UDP,AES-128,4.71,Normal
Node_1,Node_14,111,UDP,AES-128,11.3,Normal
Node_19,Node_10,364,TCP,AES-128,7.11,Replay_Attack
Node_9,Node_7,1379,UDP,AES-128,11.48,Normal
Node_16,Node_19,411,TCP,AES-256,9.68,Normal
Node_7,Node_18,1047,TCP,AES-128,10.46,Replay_Attack
Node_5,Node_20,1323,TCP,AES-256,7.25,Normal
Node_20,Node_2,278,UDP,AES-128,7.45,Normal
Node_12,Node_13,674,UDP,AES-192,11.44,Blackhole_Attack
Node_2,Node_14,1114,TCP,AES-128,14.72,Blackhole_Attack
Node_1,Node_2,733,UDP,AES-192,7.01,Normal
Node_3,Node_8,306,UDP,AES-128,5.66,Normal
Node_14,Node_1,796,UDP,AES-192,13.07,Normal
Node_4,Node_5,309,UDP,AES-192,9.84,Normal
Node_20,Node_5,1247,TCP,AES-256,14.15,Normal
Node_4,Node_14,1336,TCP,AES-256,5.47,Normal
Node_8,Node_14,663,TCP,AES-192,1.1,Normal
Node_11,Node_20,327,TCP,AES-192,7.33,Normal
Node_10,Node_19,1363,TCP,AES-192,6.17,Blackhole_Attack
Node_3,Node_15,1128,TCP,AES-128,9.61,Normal
Node_11,Node_7,916,TCP,AES-256,6.82,Normal
Node_7,Node_11,809,TCP,AES-256,13.71,Normal
Node_20,Node_16,489,TCP,AES-128,8.56,Blackhole_Attack
Node_4,Node_13,466,UDP,AES-128,10.75,Normal
Node_1,Node_13,515,TCP,AES-192,10.79,Normal
Node_6,Node_11,1450,TCP,AES-192,10.97,Normal
Node_16,Node_2,606,UDP,AES-192,9.88,Normal
Node_11,Node_12,793,TCP,AES-256,12.55,Normal
Node_7,Node_6,643,TCP,AES-192,6.02,Normal
Node_15,Node_10,268,TCP,AES-256,17,Normal
Node_12,Node_7,1224,TCP,AES-256,8.82,Blackhole_Attack
Node_19,Node_3,1484,UDP,AES-192,3.44,Normal
Node_1,Node_13,381,TCP,AES-256,10.94,Normal
Node_11,Node_18,839,TCP,AES-192,5.74,Normal
Node_7,Node_10,359,TCP,AES-128,13.33,Normal
Node_17,Node_18,1266,TCP,AES-192,21.05,Normal
Node_18,Node_11,1055,TCP,AES-256,6.07,Normal
Node_18,Node_2,456,UDP,AES-128,11.66,Normal
Node_16,Node_7,233,TCP,AES-128,1.22,Normal
Node_18,Node_19,902,UDP,AES-256,12.27,Normal
Node_2,Node_16,580,UDP,AES-256,5.57,Replay_Attack
Node_1,Node_20,778,TCP,AES-192,6.88,Replay_Attack
Node_18,Node_4,561,UDP,AES-128,4.49,Normal
Node_2,Node_1,140,UDP,AES-256,13.66,Normal
Node_10,Node_4,340,TCP,AES-256,15.04,Normal
Node_4,Node_1,1257,UDP,AES-256,10.12,Normal
Node_11,Node_12,573,UDP,AES-128,5.68,Normal
Node_12,Node_15,224,UDP,AES-192,17.95,Replay_Attack
Node_19,Node_18,976,TCP,AES-128,6.25,Normal
Node_2,Node_8,1418,TCP,AES-128,0.1,Normal
Node_19,Node_9,284,UDP,AES-192,12.29,Replay_Attack
Node_10,Node_18,543,TCP,AES-192,4.48,Normal
Node_2,Node_14,766,TCP,AES-256,14.94,Normal
Node_3,Node_6,316,UDP,AES-192,8.09,Normal
Node_19,Node_10,1121,TCP,AES-256,13.02,Normal
Node_2,Node_1,221,TCP,AES-128,17.01,Normal
Node_8,Node_1,315,UDP,AES-192,3.96,Normal
Node_13,Node_11,819,UDP,AES-256,7.17,Normal
Node_8,Node_6,517,TCP,AES-192,9.62,Normal
Node_4,Node_11,557,UDP,AES-192,17.69,Normal
Node_6,Node_7,1098,TCP,AES-256,6.71,Normal
Node_20,Node_2,706,TCP,AES-256,7.03,Normal
Node_19,Node_1,765,UDP,AES-128,12.39,Normal
Node_9,Node_6,1138,TCP,AES-192,7.11,Normal
Node_13,Node_5,742,UDP,AES-192,10.76,Normal
Node_1,Node_18,1068,TCP,AES-192,2.24,Normal
Node_4,Node_2,827,TCP,AES-192,21.07,Normal
Node_19,Node_17,236,UDP,AES-192,3.26,Normal
Node_18,Node_10,1278,UDP,AES-256,8.39,Normal
Node_12,Node_6,1339,UDP,AES-192,9.84,Normal
Node_11,Node_5,346,TCP,AES-192,19.56,Normal
Node_18,Node_10,353,UDP,AES-256,3.38,Normal
Node_6,Node_20,1159,TCP,AES-256,19.92,Normal
Node_5,Node_3,1381,UDP,AES-128,13.79,Normal
Node_4,Node_9,602,TCP,AES-128,12.09,Normal
Node_11,Node_17,1120,TCP,AES-128,5.08,Drop_Attack
Node_13,Node_5,827,TCP,AES-128,12.86,Normal
Node_5,Node_10,197,TCP,AES-128,6.38,Replay_Attack
Node_10,Node_15,683,UDP,AES-128,16.33,Replay_Attack
Node_16,Node_18,1452,TCP,AES-192,5.14,Normal
Node_20,Node_5,336,UDP,AES-192,9.43,Blackhole_Attack
Node_2,Node_11,1217,UDP,AES-192,7.22,Normal
Node_16,Node_20,1125,UDP,AES-256,5.06,Normal
Node_13,Node_20,957,UDP,AES-128,13.71,Drop_Attack
Node_15,Node_14,657,UDP,AES-192,12.68,Normal
Node_15,Node_13,453,TCP,AES-256,16.05,Normal
Node_1,Node_3,971,TCP,AES-128,1.1,Normal
Node_10,Node_17,707,TCP,AES-256,15.32,Normal
Node_12,Node_6,326,TCP,AES-128,22.53,Drop_Attack
Node_1,Node_11,355,TCP,AES-256,7.74,Normal
Node_19,Node_8,546,TCP,AES-128,19.48,Normal
Node_3,Node_11,539,TCP,AES-128,8.68,Normal
Node_3,Node_15,895,UDP,AES-192,3.14,Normal
Node_14,Node_20,1060,TCP,AES-192,8.47,Blackhole_Attack
Node_19,Node_11,203,TCP,AES-128,15.24,Normal
Node_18,Node_15,326,TCP,AES-256,5.81,Replay_Attack
Node_11,Node_13,1120,UDP,AES-128,7,Normal
Node_10,Node_5,494,UDP,AES-128,12.97,Normal
Node_10,Node_12,1107,UDP,AES-256,10.02,Normal
Node_19,Node_7,977,TCP,AES-192,12.92,Normal
Node_18,Node_16,773,TCP,AES-256,11.19,Normal
Node_12,Node_16,1348,TCP,AES-128,12.4,Normal
Node_16,Node_18,592,UDP,AES-192,7.84,Replay_Attack
Node_9,Node_18,1297,UDP,AES-128,11.16,Normal
Node_8,Node_16,1308,TCP,AES-192,5.36,Normal
Node_2,Node_11,697,UDP,AES-256,16.44,Normal
Node_4,Node_19,1137,TCP,AES-192,6.83,Replay_Attack
Node_15,Node_8,669,UDP,AES-192,15.64,Normal
Node_14,Node_16,1124,UDP,AES-192,8.83,Normal
Node_15,Node_8,1480,TCP,AES-256,11.01,Normal
Node_4,Node_18,1128,TCP,AES-192,7.53,Normal
Node_11,Node_10,311,TCP,AES-192,4.92,Normal
Node_12,Node_11,1419,UDP,AES-256,1.28,Normal
Node_1,Node_16,1295,TCP,AES-192,4.72,Normal
Node_2,Node_11,1356,UDP,AES-192,8.38,Normal
Node_1,Node_2,209,UDP,AES-128,11.06,Drop_Attack
Node_16,Node_6,783,TCP,AES-128,15.05,Normal
Node_19,Node_18,795,UDP,AES-192,7.77,Normal
Node_9,Node_2,815,UDP,AES-192,5.59,Normal
Node_6,Node_12,278,UDP,AES-192,2.79,Normal
Node_18,Node_12,946,UDP,AES-128,12.4,Normal
Node_13,Node_10,382,UDP,AES-128,16.92,Normal
Node_5,Node_18,340,TCP,AES-128,16.33,Normal
Node_2,Node_10,213,TCP,AES-192,13.55,Normal
Node_19,Node_13,149,UDP,AES-128,13.19,Normal
Node_6,Node_2,1470,TCP,AES-256,18.49,Normal
Node_15,Node_14,160,UDP,AES-192,11.66,Normal
Node_15,Node_6,829,TCP,AES-128,13.23,Normal
Node_6,Node_4,1237,UDP,AES-192,8.4,Normal
Node_20,Node_7,431,TCP,AES-192,3.19,Normal
Node_14,Node_12,149,UDP,AES-256,6.58,Normal
Node_4,Node_12,1171,UDP,AES-192,9.95,Normal
Node_5,Node_8,876,UDP,AES-256,10.3,Normal
Node_3,Node_5,119,TCP,AES-256,19.63,Normal
Node_18,Node_20,832,UDP,AES-192,10.41,Normal
Node_10,Node_2,907,TCP,AES-128,15.89,Normal
Node_4,Node_13,309,UDP,AES-192,7.82,Drop_Attack
Node_6,Node_20,899,TCP,AES-192,8.44,Normal
Node_12,Node_8,229,UDP,AES-256,3.35,Normal
Node_9,Node_6,431,TCP,AES-192,6.29,Normal
Node_10,Node_7,225,TCP,AES-192,12.63,Normal
Node_6,Node_5,1213,UDP,AES-192,10.04,Normal
Node_20,Node_11,1101,TCP,AES-256,14.71,Normal
Node_10,Node_6,1171,UDP,AES-128,10.91,Drop_Attack
Node_16,Node_18,986,TCP,AES-256,8.24,Normal
Node_17,Node_2,305,TCP,AES-128,20.74,Normal
Node_2,Node_13,416,TCP,AES-128,9.53,Normal
Node_12,Node_6,366,TCP,AES-192,15.82,Normal
Node_2,Node_10,650,TCP,AES-192,7.99,Normal
Node_6,Node_10,634,UDP,AES-256,13.55,Normal
Node_2,Node_10,288,TCP,AES-192,14.64,Blackhole_Attack
Node_11,Node_10,329,UDP,AES-256,11.04,Normal
Node_19,Node_20,1024,TCP,AES-128,0.1,Drop_Attack
Node_3,Node_14,1318,TCP,AES-192,10.09,Normal
Node_13,Node_3,167,TCP,AES-256,16.15,Normal
Node_12,Node_9,665,TCP,AES-256,12.64,Normal
Node_9,Node_7,1066,UDP,AES-128,12.23,Normal
Node_14,Node_16,131,UDP,AES-128,1.39,Normal
Node_14,Node_6,550,UDP,AES-128,6.4,Normal
Node_9,Node_14,1431,UDP,AES-192,12.06,Normal
Node_13,Node_1,666,UDP,AES-128,12.05,Blackhole_Attack
Node_13,Node_11,868,TCP,AES-128,16.07,Normal
Node_13,Node_17,1303,TCP,AES-128,9.28,Drop_Attack
Node_4,Node_7,775,TCP,AES-256,12.03,Normal
Node_19,Node_3,894,UDP,AES-128,10.08,Normal
Node_5,Node_6,777,TCP,AES-256,5.07,Normal
Node_18,Node_15,740,UDP,AES-192,0.1,Drop_Attack
Node_16,Node_6,391,UDP,AES-192,12.16,Normal
Node_17,Node_8,956,UDP,AES-128,10.87,Normal
Node_18,Node_7,545,UDP,AES-128,6.91,Normal
Node_7,Node_17,1111,TCP,AES-192,1.9,Normal
Node_4,Node_13,1363,TCP,AES-192,13.15,Normal
Node_13,Node_14,1383,TCP,AES-256,8.67,Normal
Node_16,Node_20,820,UDP,AES-192,12.78,Normal
Node_1,Node_3,445,TCP,AES-192,19.32,Normal
Node_1,Node_8,1481,UDP,AES-256,0.1,Normal
Node_9,Node_17,75,TCP,AES-256,6.5,Replay_Attack
Node_3,Node_10,354,TCP,AES-128,8.95,Normal
Node_10,Node_16,425,UDP,AES-256,17.27,Normal
Node_6,Node_5,1467,UDP,AES-256,1.82,Normal
Node_20,Node_9,1232,UDP,AES-192,19.68,Normal
Node_14,Node_5,1314,TCP,AES-256,10.68,Normal
Node_8,Node_14,1239,TCP,AES-128,9.52,Normal
Node_1,Node_17,420,TCP,AES-256,9.01,Normal
Node_20,Node_17,278,UDP,AES-128,7.82,Normal
Node_1,Node_20,1100,TCP,AES-256,15.24,Normal
Node_2,Node_10,103,TCP,AES-128,4.66,Normal
Node_6,Node_16,364,UDP,AES-192,11.73,Normal
Node_5,Node_7,1055,UDP,AES-256,8.08,Normal
Node_13,Node_17,540,TCP,AES-256,6.19,Normal
Node_16,Node_6,443,TCP,AES-128,22.93,Normal
Node_12,Node_8,363,UDP,AES-128,12.1,Normal
Node_13,Node_20,448,TCP,AES-256,13.07,Normal
Node_15,Node_9,804,TCP,AES-128,15.69,Normal
Node_13,Node_11,204,UDP,AES-128,2.89,Normal
Node_6,Node_11,1278,UDP,AES-128,18.76,Normal
Node_19,Node_14,936,TCP,AES-256,0.1,Normal
Node_15,Node_11,369,UDP,AES-192,6.16,Normal
Node_16,Node_3,1457,TCP,AES-256,7.7,Replay_Attack
Node_15,Node_5,459,TCP,AES-256,12.91,Normal
Node_18,Node_9,882,UDP,AES-192,11.09,Normal
Node_14,Node_7,950,UDP,AES-128,9.17,Normal
Node_15,Node_14,1392,UDP,AES-192,9.94,Normal
Node_19,Node_3,1286,UDP,AES-192,5.11,Normal
Node_13,Node_2,440,TCP,AES-128,2.51,Normal
Node_10,Node_20,1238,UDP,AES-256,13.63,Drop_Attack
Node_1,Node_10,467,UDP,AES-128,13.47,Normal
Node_4,Node_15,382,UDP,AES-128,17.92,Drop_Attack
Node_9,Node_10,366,TCP,AES-128,6.05,Replay_Attack
Node_5,Node_4,1273,UDP,AES-128,13.46,Normal
Node_3,Node_20,121,TCP,AES-192,8.58,Normal
Node_4,Node_16,733,TCP,AES-128,15.95,Normal
Node_19,Node_12,1170,TCP,AES-256,15.11,Normal
Node_1,Node_18,485,TCP,AES-128,11.06,Normal
Node_1,Node_11,707,TCP,AES-256,8.3,Normal
Node_3,Node_8,714,UDP,AES-256,14.8,Normal
Node_10,Node_8,198,UDP,AES-128,13.23,Normal
Node_3,Node_14,535,TCP,AES-192,6.58,Normal
Node_3,Node_13,597,TCP,AES-128,3.36,Normal
Node_17,Node_6,726,UDP,AES-128,8.56,Normal
Node_14,Node_19,1234,TCP,AES-256,17.58,Normal
Node_2,Node_14,1168,TCP,AES-256,15.73,Normal
Node_19,Node_9,762,TCP,AES-128,4.44,Normal
Node_10,Node_13,1007,TCP,AES-256,4.16,Normal
Node_19,Node_4,1219,TCP,AES-192,16.37,Normal
Node_12,Node_10,1286,TCP,AES-128,4.32,Normal
Node_11,Node_8,920,UDP,AES-128,12.55,Normal
Node_17,Node_14,291,TCP,AES-192,6.92,Normal
Node_10,Node_14,231,UDP,AES-128,18.09,Normal
Node_1,Node_12,622,TCP,AES-128,6.15,Normal
Node_1,Node_17,1432,TCP,AES-192,15.72,Normal
Node_5,Node_17,1499,UDP,AES-192,10.92,Blackhole_Attack
Node_12,Node_8,223,TCP,AES-128,11.26,Normal
Node_17,Node_10,64,UDP,AES-256,0.15,Normal
Node_5,Node_15,978,TCP,AES-128,0.1,Normal
Node_18,Node_14,411,TCP,AES-128,8.9,Normal
Node_4,Node_14,972,UDP,AES-192,11.23,Normal
Node_18,Node_13,1477,UDP,AES-192,4.37,Normal
Node_1,Node_5,1308,TCP,AES-256,4.56,Normal
Node_8,Node_4,991,UDP,AES-192,12.81,Normal
Node_9,Node_14,274,UDP,AES-128,12.81,Normal
Node_8,Node_19,620,TCP,AES-128,9.31,Normal
Node_15,Node_5,839,UDP,AES-192,13.9,Normal
Node_15,Node_14,1270,TCP,AES-256,4.13,Normal
Node_9,Node_5,792,TCP,AES-256,8.22,Normal
Node_7,Node_15,1450,TCP,AES-128,18.24,Normal
Node_11,Node_6,1102,TCP,AES-128,10.34,Replay_Attack
Node_20,Node_14,1059,TCP,AES-192,10.63,Normal
Node_12,Node_19,1496,UDP,AES-256,21.53,Normal
Node_20,Node_15,1018,UDP,AES-128,3,Normal
Node_17,Node_13,1410,TCP,AES-128,13.98,Normal
Node_9,Node_8,1062,UDP,AES-128,18.32,Normal
Node_6,Node_18,1082,TCP,AES-128,8.38,Normal
Node_4,Node_15,823,TCP,AES-256,14.3,Normal
Node_11,Node_13,463,UDP,AES-192,5.09,Normal
Node_14,Node_20,1131,UDP,AES-256,6.57,Normal
Node_5,Node_10,1166,UDP,AES-128,11.92,Normal
Node_2,Node_20,1009,TCP,AES-256,13.99,Normal
Node_9,Node_4,978,TCP,AES-256,15.6,Normal
Node_20,Node_10,513,TCP,AES-192,17.85,Normal
Node_4,Node_10,389,TCP,AES-192,9.66,Normal
Node_2,Node_20,886,UDP,AES-192,15.97,Replay_Attack
Node_12,Node_17,599,TCP,AES-192,8.29,Drop_Attack
Node_16,Node_15,104,TCP,AES-192,14.51,Normal
Node_15,Node_14,842,TCP,AES-128,11.04,Normal
Node_15,Node_20,1308,UDP,AES-192,12.23,Blackhole_Attack
Node_1,Node_14,1406,UDP,AES-128,12.12,Normal
Node_10,Node_1,1062,TCP,AES-128,1.98,Normal
Node_14,Node_4,806,TCP,AES-192,4.38,Blackhole_Attack
Node_2,Node_18,377,TCP,AES-128,10.51,Replay_Attack
Node_3,Node_8,1330,TCP,AES-128,1.56,Normal
Node_12,Node_2,195,TCP,AES-192,14.16,Normal
Node_15,Node_6,1327,TCP,AES-256,14.36,Normal
Node_12,Node_11,323,TCP,AES-192,11.64,Normal
Node_20,Node_1,581,UDP,AES-192,4.39,Normal
Node_10,Node_12,835,UDP,AES-192,16.9,Drop_Attack
Node_7,Node_9,1363,UDP,AES-256,20.19,Normal
Node_11,Node_3,1232,TCP,AES-128,10.74,Normal
Node_18,Node_7,172,TCP,AES-192,12.55,Replay_Attack
Node_2,Node_14,1419,UDP,AES-256,11.01,Normal
Node_9,Node_20,148,TCP,AES-192,12.65,Normal
Node_19,Node_8,659,TCP,AES-192,9.4,Normal
Node_7,Node_8,647,TCP,AES-256,9.83,Normal
Node_15,Node_4,1184,TCP,AES-128,14.53,Normal
Node_18,Node_6,252,UDP,AES-256,21.73,Drop_Attack
Node_19,Node_6,514,TCP,AES-256,3,Normal
Node_15,Node_18,296,TCP,AES-256,9.48,Normal
Node_1,Node_19,188,TCP,AES-128,4.1,Normal
Node_18,Node_8,881,UDP,AES-128,17.96,Normal
Node_5,Node_13,985,UDP,AES-128,7.06,Normal
Node_14,Node_10,617,TCP,AES-128,2.78,Normal
Node_7,Node_13,661,UDP,AES-256,13.19,Normal
Node_13,Node_8,1276,UDP,AES-128,18.72,Normal
Node_1,Node_7,538,UDP,AES-256,13.32,Replay_Attack
Node_12,Node_3,599,UDP,AES-128,11.02,Normal
Node_20,Node_1,1405,TCP,AES-256,12.05,Normal
Node_16,Node_5,1131,UDP,AES-256,17.07,Normal
Node_11,Node_8,1244,TCP,AES-128,5.63,Normal
Node_16,Node_8,514,TCP,AES-256,9.44,Normal
Node_13,Node_11,507,UDP,AES-256,7.74,Normal
Node_6,Node_11,1244,UDP,AES-192,4.16,Normal
Node_19,Node_6,546,UDP,AES-256,8.36,Normal
Node_11,Node_6,119,TCP,AES-128,15.54,Normal
Node_4,Node_13,1453,UDP,AES-192,12.83,Normal
Node_18,Node_10,1070,TCP,AES-128,13.22,Normal
Node_2,Node_13,278,UDP,AES-128,10.73,Normal
Node_5,Node_7,274,UDP,AES-192,12.62,Normal
Node_20,Node_2,338,UDP,AES-192,6,Normal
Node_20,Node_17,557,TCP,AES-128,8.45,Normal
Node_7,Node_6,76,UDP,AES-128,10.96,Normal
Node_8,Node_17,332,TCP,AES-128,11.39,Normal
Node_20,Node_15,416,UDP,AES-192,11.6,Normal
Node_12,Node_4,382,UDP,AES-128,9.31,Normal
Node_2,Node_17,1307,UDP,AES-256,8.11,Normal
Node_7,Node_1,434,TCP,AES-192,25.79,Drop_Attack
Node_18,Node_6,305,TCP,AES-192,14.53,Normal
Node_6,Node_4,489,TCP,AES-192,12.07,Normal
Node_12,Node_19,426,UDP,AES-192,8.83,Normal
Node_13,Node_6,194,TCP,AES-256,7.74,Normal
Node_11,Node_2,1258,UDP,AES-192,9.35,Drop_Attack
Node_7,Node_16,939,TCP,AES-192,11.46,Normal
Node_6,Node_13,918,UDP,AES-256,0.6,Normal
Node_14,Node_10,1083,UDP,AES-192,2.15,Normal
Node_11,Node_17,1059,TCP,AES-192,6.82,Drop_Attack
Node_2,Node_14,1014,UDP,AES-192,11.04,Normal
Node_3,Node_5,830,TCP,AES-192,8.8,Normal
Node_11,Node_15,1094,UDP,AES-128,17.39,Normal
Node_6,Node_15,601,UDP,AES-256,2.59,Normal
Node_12,Node_2,1181,TCP,AES-192,6.24,Normal
Node_14,Node_1,1482,UDP,AES-128,17.6,Normal
Node_6,Node_18,824,TCP,AES-256,10.66,Normal
Node_14,Node_5,1015,UDP,AES-128,14.42,Normal
Node_6,Node_1,1373,TCP,AES-128,20.26,Normal
Node_4,Node_7,523,TCP,AES-128,6.53,Normal
Node_10,Node_9,1497,UDP,AES-128,9.5,Normal
Node_13,Node_8,727,TCP,AES-192,8.64,Normal
Node_9,Node_20,1029,TCP,AES-192,0.23,Normal
Node_5,Node_12,628,UDP,AES-256,8.45,Normal
Node_18,Node_11,521,TCP,AES-192,14.41,Normal
Node_10,Node_20,1311,TCP,AES-192,12.7,Normal
Node_8,Node_13,1385,UDP,AES-128,13.1,Blackhole_Attack
Node_11,Node_3,329,TCP,AES-256,8.12,Normal
Node_3,Node_19,247,UDP,AES-256,6.72,Normal
Node_19,Node_15,574,TCP,AES-128,16.35,Blackhole_Attack
Node_7,Node_15,116,TCP,AES-128,7.51,Normal
Node_1,Node_11,1441,UDP,AES-256,11.47,Normal
Node_4,Node_16,1392,UDP,AES-128,10.82,Blackhole_Attack
Node_16,Node_12,1128,TCP,AES-192,17.31,Normal
Node_10,Node_13,1293,UDP,AES-128,14.86,Blackhole_Attack
Node_1,Node_18,666,TCP,AES-256,3.52,Normal
Node_14,Node_11,619,TCP,AES-192,4.06,Normal
Node_6,Node_12,737,TCP,AES-256,12.89,Normal
Node_4,Node_12,311,TCP,AES-256,9.68,Normal
Node_12,Node_16,1018,TCP,AES-192,7.72,Normal
Node_19,Node_13,1410,TCP,AES-256,15.08,Normal
Node_14,Node_20,628,TCP,AES-128,10.94,Normal
Node_4,Node_7,1173,UDP,AES-256,10.26,Normal
Node_20,Node_11,801,UDP,AES-256,13.9,Normal
Node_16,Node_15,190,UDP,AES-256,8.12,Normal
Node_5,Node_6,915,TCP,AES-192,17.84,Normal
Node_9,Node_1,954,TCP,AES-256,6.06,Normal
Node_16,Node_14,318,TCP,AES-128,13.28,Normal
Node_8,Node_13,221,TCP,AES-128,17.17,Normal
Node_9,Node_13,1264,UDP,AES-256,3.11,Drop_Attack
Node_9,Node_10,462,UDP,AES-256,8.28,Normal
Node_7,Node_8,1040,UDP,AES-256,15.71,Normal
Node_9,Node_20,1482,TCP,AES-128,15.79,Normal
Node_16,Node_18,1083,TCP,AES-128,9.14,Normal
Node_3,Node_4,309,TCP,AES-128,6.33,Normal
Node_20,Node_11,1433,TCP,AES-128,14.78,Normal
Node_9,Node_8,404,UDP,AES-128,15.92,Normal
Node_15,Node_1,1434,UDP,AES-128,4.18,Blackhole_Attack
Node_20,Node_14,555,TCP,AES-256,3.98,Normal
Node_20,Node_2,1113,TCP,AES-128,11.13,Normal
Node_6,Node_7,167,TCP,AES-128,13.15,Normal
Node_10,Node_11,1127,UDP,AES-256,8.5,Normal
Node_8,Node_12,293,UDP,AES-256,13.4,Normal
Node_18,Node_4,914,UDP,AES-256,6.45,Normal
Node_4,Node_2,659,TCP,AES-256,0.1,Normal
Node_20,Node_19,98,TCP,AES-256,7.88,Normal
Node_6,Node_18,667,TCP,AES-128,10.32,Normal
Node_4,Node_17,153,TCP,AES-256,8.62,Normal
Node_8,Node_4,552,UDP,AES-192,4.21,Normal
Node_7,Node_10,135,TCP,AES-128,0.92,Normal
Node_16,Node_20,413,UDP,AES-256,7.43,Normal
Node_3,Node_17,521,TCP,AES-128,14.49,Normal
Node_17,Node_4,540,UDP,AES-256,16.28,Normal
Node_6,Node_2,231,UDP,AES-128,15.94,Normal
Node_16,Node_14,1196,UDP,AES-192,5.92,Normal
Node_3,Node_4,853,UDP,AES-128,4.23,Normal
Node_14,Node_6,153,TCP,AES-128,12.48,Normal
Node_9,Node_1,1000,UDP,AES-192,13.18,Normal
Node_11,Node_7,860,TCP,AES-256,12,Blackhole_Attack
Node_11,Node_2,1360,TCP,AES-128,0.1,Normal
Node_9,Node_14,1173,UDP,AES-128,5.67,Normal
Node_19,Node_3,1142,UDP,AES-256,9.85,Normal
Node_19,Node_9,793,UDP,AES-256,12.44,Normal
Node_19,Node_9,1280,UDP,AES-128,13.84,Normal
Node_15,Node_5,1413,TCP,AES-192,10.72,Normal
Node_10,Node_5,1454,TCP,AES-192,11.65,Normal
Node_14,Node_8,1229,UDP,AES-256,10.42,Drop_Attack
Node_11,Node_4,644,UDP,AES-192,13.43,Normal
Node_12,Node_17,697,TCP,AES-192,11.56,Normal
Node_6,Node_12,339,UDP,AES-192,10.33,Normal
Node_1,Node_19,1314,TCP,AES-128,8.66,Normal
Node_3,Node_17,1206,UDP,AES-128,10.41,Blackhole_Attack
Node_14,Node_17,760,UDP,AES-256,12.42,Normal
Node_7,Node_17,1057,UDP,AES-128,11.34,Normal
Node_15,Node_4,805,UDP,AES-128,11.9,Normal
Node_4,Node_7,713,TCP,AES-256,16.71,Normal
Node_17,Node_7,627,TCP,AES-128,11.33,Normal
Node_5,Node_7,534,UDP,AES-128,6.76,Drop_Attack
Node_20,Node_16,771,TCP,AES-192,14.42,Blackhole_Attack
Node_14,Node_8,394,TCP,AES-256,3.17,Normal
Node_20,Node_18,1423,UDP,AES-192,4.59,Normal
Node_12,Node_6,262,TCP,AES-256,11.68,Normal
Node_17,Node_7,1375,UDP,AES-192,12.58,Normal
Node_18,Node_6,914,TCP,AES-128,3.77,Normal
Node_17,Node_9,820,TCP,AES-256,8.09,Blackhole_Attack
Node_17,Node_20,1475,TCP,AES-256,6.97,Replay_Attack
Node_20,Node_9,435,TCP,AES-192,7.57,Normal
Node_18,Node_8,648,TCP,AES-256,14.72,Drop_Attack
Node_19,Node_11,759,TCP,AES-192,13.53,Normal
Node_10,Node_20,1450,UDP,AES-256,9.9,Blackhole_Attack
Node_1,Node_10,167,TCP,AES-128,7.27,Normal
Node_9,Node_7,1347,TCP,AES-128,3.25,Normal
Node_3,Node_16,524,TCP,AES-192,17.1,Normal
Node_5,Node_11,1390,TCP,AES-128,12.96,Normal
Node_16,Node_6,690,UDP,AES-192,6.47,Normal
Node_19,Node_1,1059,TCP,AES-128,13.6,Replay_Attack
Node_20,Node_18,1268,UDP,AES-256,9.65,Normal
Node_2,Node_6,685,TCP,AES-256,8.56,Normal
Node_6,Node_17,397,UDP,AES-192,12.18,Normal
Node_12,Node_6,140,UDP,AES-192,6.29,Normal
Node_3,Node_13,357,TCP,AES-128,8.28,Blackhole_Attack
Node_17,Node_20,794,TCP,AES-192,10.61,Normal
Node_2,Node_5,1159,TCP,AES-128,7.5,Normal
Node_10,Node_1,358,UDP,AES-192,13.35,Normal
Node_4,Node_6,519,TCP,AES-192,19.35,Drop_Attack
Node_1,Node_3,103,TCP,AES-192,6.23,Normal
Node_18,Node_12,1029,UDP,AES-128,1.67,Normal
Node_16,Node_8,1187,UDP,AES-192,0.1,Normal
Node_3,Node_19,615,UDP,AES-256,9.25,Drop_Attack
Node_2,Node_7,283,TCP,AES-256,6.68,Normal
Node_18,Node_6,457,UDP,AES-128,11.04,Normal
Node_16,Node_5,740,TCP,AES-128,10.66,Blackhole_Attack
Node_2,Node_8,241,TCP,AES-128,1.98,Normal
Node_8,Node_16,114,UDP,AES-128,0.93,Normal
Node_15,Node_10,1204,TCP,AES-256,11.48,Normal
Node_5,Node_20,391,UDP,AES-192,10.68,Normal
Node_13,Node_11,1441,UDP,AES-192,7.87,Normal
Node_3,Node_15,1296,TCP,AES-192,1.71,Normal
Node_20,Node_2,486,UDP,AES-192,12.36,Normal
Node_10,Node_6,481,UDP,AES-128,16.36,Normal
Node_9,Node_15,932,UDP,AES-192,11.39,Normal
Node_5,Node_7,902,UDP,AES-192,5.76,Drop_Attack
Node_19,Node_1,632,UDP,AES-192,10.22,Normal
Node_5,Node_11,413,TCP,AES-192,3.17,Normal
Node_14,Node_9,365,UDP,AES-192,15.29,Normal
Node_18,Node_2,832,UDP,AES-128,10.41,Normal
Node_20,Node_13,145,TCP,AES-192,1.16,Normal
Node_17,Node_16,518,TCP,AES-128,8.5,Normal
Node_4,Node_13,842,UDP,AES-128,12.32,Normal
Node_19,Node_12,443,TCP,AES-128,8.33,Normal
Node_11,Node_9,439,UDP,AES-128,8.62,Replay_Attack
Node_9,Node_7,1373,UDP,AES-256,3.88,Normal
Node_2,Node_18,915,TCP,AES-256,12.83,Normal
Node_8,Node_12,1143,UDP,AES-192,6.76,Normal
Node_8,Node_15,598,UDP,AES-192,0.1,Normal
Node_15,Node_12,1319,UDP,AES-256,8.14,Normal
Node_16,Node_9,336,UDP,AES-256,14.91,Normal
Node_6,Node_20,1391,TCP,AES-256,8.07,Normal
Node_10,Node_7,851,TCP,AES-192,18.69,Normal
Node_17,Node_9,1262,UDP,AES-256,12.14,Normal
Node_2,Node_16,1134,UDP,AES-192,11.69,Normal
Node_11,Node_8,180,TCP,AES-192,9.36,Normal
Node_18,Node_13,963,UDP,AES-192,9.66,Blackhole_Attack
Node_6,Node_11,909,UDP,AES-128,8.68,Normal
Node_19,Node_20,380,UDP,AES-192,8.49,Normal
Node_15,Node_4,105,TCP,AES-256,12.65,Blackhole_Attack
Node_12,Node_14,454,UDP,AES-128,5.32,Normal
Node_18,Node_16,782,UDP,AES-128,4.62,Normal
Node_6,Node_2,1216,TCP,AES-192,4.38,Blackhole_Attack
Node_3,Node_11,702,UDP,AES-192,20.23,Normal
Node_4,Node_17,386,UDP,AES-128,12.65,Normal
Node_7,Node_15,1073,UDP,AES-256,11.52,Normal
Node_13,Node_20,518,TCP,AES-256,4.71,Normal
Node_17,Node_20,609,TCP,AES-128,13.12,Normal
Node_15,Node_3,452,TCP,AES-128,9.42,Normal
Node_16,Node_1,1331,UDP,AES-128,11.07,Normal
Node_14,Node_16,1274,TCP,AES-256,5.12,Normal
Node_8,Node_17,506,TCP,AES-192,10.8,Normal
Node_5,Node_16,770,TCP,AES-192,7.88,Normal
Node_2,Node_4,152,TCP,AES-192,6.17,Normal
Node_15,Node_17,662,TCP,AES-128,13.67,Normal
Node_15,Node_2,193,TCP,AES-128,2.31,Normal
Node_13,Node_14,210,TCP,AES-192,12.82,Blackhole_Attack
Node_8,Node_16,147,TCP,AES-192,13.42,Replay_Attack
Node_5,Node_6,335,TCP,AES-128,5.6,Normal
Node_18,Node_7,1321,TCP,AES-192,5.9,Blackhole_Attack
Node_3,Node_19,203,UDP,AES-256,8.88,Normal
Node_9,Node_20,293,TCP,AES-192,11.41,Normal
Node_14,Node_18,1040,TCP,AES-128,9.24,Normal
Node_4,Node_11,1321,UDP,AES-128,12.17,Drop_Attack
Node_6,Node_19,370,TCP,AES-192,18.81,Drop_Attack
Node_5,Node_20,738,UDP,AES-128,7.46,Normal
Node_5,Node_4,192,UDP,AES-128,1.42,Normal
Node_5,Node_12,582,UDP,AES-256,14.13,Normal
Node_11,Node_2,385,UDP,AES-256,18.42,Normal
Node_3,Node_18,1422,TCP,AES-192,11.96,Normal
Node_9,Node_18,167,UDP,AES-256,4.56,Normal
Node_12,Node_11,68,TCP,AES-192,9.38,Drop_Attack
Node_5,Node_15,504,TCP,AES-192,4.41,Normal
Node_4,Node_16,1352,UDP,AES-192,13.21,Normal
Node_16,Node_4,1469,TCP,AES-128,3.24,Replay_Attack
Node_7,Node_5,93,TCP,AES-128,8.5,Normal
Node_14,Node_16,935,UDP,AES-192,4.98,Normal
Node_6,Node_7,1109,UDP,AES-256,10.63,Replay_Attack
Node_2,Node_11,1317,UDP,AES-128,8.17,Blackhole_Attack
Node_14,Node_13,983,UDP,AES-128,10.88,Normal
Node_2,Node_7,1310,UDP,AES-256,10.11,Normal
Node_20,Node_3,1369,TCP,AES-192,5.07,Normal
Node_16,Node_4,913,UDP,AES-256,13.13,Normal
Node_9,Node_12,1370,UDP,AES-256,9.76,Normal
Node_14,Node_12,1022,UDP,AES-256,5.06,Normal
Node_8,Node_16,291,UDP,AES-128,21.2,Normal
Node_15,Node_18,1255,TCP,AES-256,12.38,Normal
Node_17,Node_15,504,TCP,AES-128,9.23,Normal
Node_13,Node_15,720,UDP,AES-256,17.08,Normal
Node_10,Node_5,1087,UDP,AES-256,19.21,Normal
Node_10,Node_15,1474,UDP,AES-192,9.27,Normal
Node_2,Node_8,125,TCP,AES-128,11.74,Normal
Node_10,Node_8,851,UDP,AES-192,5.06,Normal
Node_19,Node_10,799,TCP,AES-256,9.26,Normal
Node_6,Node_8,343,TCP,AES-192,9,Normal
Node_11,Node_8,511,UDP,AES-192,10.92,Normal
Node_6,Node_5,1136,UDP,AES-192,11.66,Normal
Node_12,Node_10,1302,TCP,AES-256,12.8,Replay_Attack
Node_20,Node_18,65,TCP,AES-128,11.19,Normal
Node_15,Node_13,213,TCP,AES-192,3.95,Normal
Node_16,Node_1,267,UDP,AES-128,5.31,Replay_Attack
Node_17,Node_4,1367,UDP,AES-128,7.27,Normal
Node_12,Node_8,1312,UDP,AES-128,8.59,Normal
Node_4,Node_13,1180,UDP,AES-256,15.25,Normal
Node_11,Node_2,1245,TCP,AES-192,4.19,Normal
Node_20,Node_15,1369,UDP,AES-128,8.21,Normal
Node_15,Node_5,311,UDP,AES-128,14.77,Blackhole_Attack
Node_3,Node_2,126,UDP,AES-192,8.5,Normal
Node_2,Node_6,1004,UDP,AES-128,12.3,Replay_Attack
Node_11,Node_14,1222,UDP,AES-128,9.3,Normal
Node_14,Node_7,1197,TCP,AES-256,11.28,Normal
Node_13,Node_7,401,UDP,AES-192,8.86,Normal
Node_8,Node_4,243,UDP,AES-128,13.34,Replay_Attack
Node_8,Node_18,1038,TCP,AES-192,2.27,Replay_Attack
Node_10,Node_5,1276,TCP,AES-128,8.18,Normal
Node_9,Node_14,293,UDP,AES-128,11.48,Normal
Node_7,Node_18,193,UDP,AES-192,12.67,Normal
Node_5,Node_19,1282,UDP,AES-192,17.46,Normal
Node_12,Node_19,646,UDP,AES-192,8.04,Normal
Node_19,Node_10,1064,UDP,AES-128,17.4,Normal
Node_19,Node_16,395,UDP,AES-192,6.7,Normal
Node_15,Node_20,1202,TCP,AES-128,16.64,Normal
Node_10,Node_12,770,UDP,AES-128,14.09,Normal
Node_9,Node_5,314,TCP,AES-128,5.43,Blackhole_Attack
Node_13,Node_4,288,UDP,AES-192,11.54,Normal
Node_9,Node_13,491,TCP,AES-256,9.74,Normal
Node_20,Node_18,842,UDP,AES-128,13.13,Normal
Node_14,Node_6,504,TCP,AES-256,8.88,Normal
Node_8,Node_1,130,TCP,AES-256,8.46,Normal
Node_12,Node_7,1282,UDP,AES-256,16.85,Normal
Node_12,Node_14,1483,TCP,AES-192,9.51,Normal
Node_16,Node_7,280,TCP,AES-192,14.13,Normal
Node_12,Node_18,1066,TCP,AES-128,8.87,Normal
Node_4,Node_5,192,UDP,AES-192,18.33,Replay_Attack
Node_12,Node_19,465,UDP,AES-128,6.61,Normal
Node_19,Node_6,318,UDP,AES-128,6.93,Normal
Node_19,Node_10,701,TCP,AES-256,17.62,Normal
Node_18,Node_16,207,UDP,AES-128,7.78,Normal
Node_20,Node_7,777,TCP,AES-128,18.01,Normal
Node_9,Node_19,420,UDP,AES-192,14.46,Normal
Node_16,Node_7,1315,UDP,AES-192,9.23,Normal
Node_7,Node_4,945,TCP,AES-128,0.93,Blackhole_Attack
Node_18,Node_14,1417,UDP,AES-256,9.9,Normal
Node_16,Node_17,740,TCP,AES-192,10.51,Normal
Node_15,Node_5,160,UDP,AES-256,15.84,Normal
Node_2,Node_14,833,TCP,AES-256,17.94,Normal
Node_5,Node_19,706,UDP,AES-256,6.58,Normal
Node_9,Node_11,225,UDP,AES-192,14.01,Normal
Node_8,Node_7,267,TCP,AES-128,13.83,Normal
Node_18,Node_11,703,TCP,AES-128,15.37,Normal
Node_5,Node_4,1124,TCP,AES-192,12.49,Normal
Node_1,Node_9,901,TCP,AES-128,0.29,Normal
Node_12,Node_4,1190,UDP,AES-128,9.22,Blackhole_Attack
Node_12,Node_14,255,TCP,AES-256,4.22,Normal
Node_15,Node_8,1334,UDP,AES-128,8.99,Normal
Node_10,Node_18,656,UDP,AES-192,14.9,Normal
Node_7,Node_1,72,UDP,AES-256,11.53,Normal
Node_11,Node_16,1064,UDP,AES-192,15.74,Drop_Attack
Node_12,Node_4,1090,TCP,AES-128,11.71,Normal
Node_7,Node_6,815,TCP,AES-128,3.51,Normal
Node_7,Node_2,744,UDP,AES-256,0.1,Normal
Node_17,Node_13,891,TCP,AES-192,10.74,Normal
Node_6,Node_12,111,UDP,AES-256,8.93,Normal
Node_14,Node_15,155,UDP,AES-256,5.12,Normal
Node_12,Node_1,1119,UDP,AES-256,1.5,Replay_Attack
Node_14,Node_18,1326,UDP,AES-192,6.33,Normal
Node_7,Node_5,853,UDP,AES-192,9.03,Normal
Node_4,Node_10,195,TCP,AES-256,13.33,Normal
Node_9,Node_7,1228,UDP,AES-256,10.94,Normal
Node_7,Node_12,1258,UDP,AES-128,18.04,Replay_Attack
Node_5,Node_1,1115,UDP,AES-128,4.82,Normal
Node_7,Node_18,1193,TCP,AES-256,14.41,Normal
Node_19,Node_5,1040,TCP,AES-256,10.24,Blackhole_Attack
Node_8,Node_19,280,UDP,AES-256,13.47,Drop_Attack
Node_4,Node_18,215,UDP,AES-256,7.82,Normal
Node_14,Node_1,274,TCP,AES-256,15.36,Normal
Node_15,Node_11,320,TCP,AES-192,11.48,Blackhole_Attack
Node_11,Node_5,1469,TCP,AES-128,6.6,Normal
Node_13,Node_15,754,TCP,AES-192,9.94,Normal
Node_7,Node_3,486,TCP,AES-256,8.8,Normal
Node_15,Node_10,1230,TCP,AES-128,12.45,Normal
Node_5,Node_17,1449,UDP,AES-128,4.1,Normal
Node_12,Node_11,1327,TCP,AES-192,9.85,Normal
Node_12,Node_3,254,TCP,AES-192,11.98,Normal
Node_14,Node_11,289,UDP,AES-128,10.17,Normal
Node_15,Node_6,1024,TCP,AES-192,16.73,Normal
Node_7,Node_15,416,TCP,AES-256,13.87,Normal
Node_7,Node_11,312,TCP,AES-192,9.96,Replay_Attack
Node_1,Node_17,701,UDP,AES-256,11.08,Normal
Node_15,Node_11,977,UDP,AES-256,11.48,Normal
Node_14,Node_11,687,UDP,AES-256,12.02,Blackhole_Attack
Node_16,Node_7,1323,TCP,AES-128,0.87,Normal
Node_11,Node_12,1108,UDP,AES-192,8.49,Normal
Node_2,Node_13,182,TCP,AES-128,2.58,Normal
Node_7,Node_11,1426,UDP,AES-192,16.39,Blackhole_Attack
Node_11,Node_15,1333,UDP,AES-256,9.7,Normal
Node_18,Node_16,609,UDP,AES-192,9.03,Normal
Node_3,Node_9,694,TCP,AES-128,14.48,Normal
Node_8,Node_18,1489,TCP,AES-192,12.11,Normal
Node_3,Node_1,932,UDP,AES-192,4.36,Normal
Node_5,Node_16,927,UDP,AES-192,9.65,Normal
Node_6,Node_2,926,UDP,AES-256,8.32,Replay_Attack
Node_8,Node_7,833,UDP,AES-256,1.28,Normal
Node_9,Node_11,258,TCP,AES-256,6.55,Normal
Node_18,Node_9,479,UDP,AES-128,9.08,Normal
Node_4,Node_18,444,TCP,AES-128,9.43,Normal
Node_9,Node_2,1338,TCP,AES-192,2.59,Normal
Node_17,Node_6,1041,TCP,AES-192,15.76,Normal
Node_5,Node_2,496,TCP,AES-256,9.49,Drop_Attack
Node_14,Node_12,261,UDP,AES-192,10.19,Normal
Node_17,Node_16,1379,UDP,AES-256,12,Normal
Node_10,Node_13,1089,UDP,AES-256,6.06,Normal
Node_12,Node_16,1498,UDP,AES-128,12.28,Blackhole_Attack
Node_20,Node_10,917,TCP,AES-256,8.16,Normal
Node_2,Node_14,1270,TCP,AES-128,5.52,Normal
Node_19,Node_12,261,TCP,AES-256,12.87,Normal
Node_7,Node_5,1074,UDP,AES-192,17.46,Normal
Node_14,Node_19,1416,UDP,AES-128,13.62,Replay_Attack
Node_13,Node_11,187,TCP,AES-128,14.61,Normal
Node_5,Node_10,256,TCP,AES-192,7.4,Normal
Node_2,Node_16,897,UDP,AES-128,2.01,Normal
Node_8,Node_7,754,TCP,AES-256,17.45,Normal
Node_12,Node_17,959,TCP,AES-128,20.27,Normal
Node_19,Node_14,1475,TCP,AES-128,17.71,Normal
Node_19,Node_6,1273,UDP,AES-128,8.32,Normal
Node_11,Node_7,1132,UDP,AES-256,4.23,Normal
Node_3,Node_6,1486,UDP,AES-192,4.67,Normal
Node_5,Node_4,1367,TCP,AES-192,1.58,Normal
Node_11,Node_14,203,UDP,AES-256,9.46,Normal
Node_4,Node_13,468,TCP,AES-256,18.03,Normal
Node_18,Node_20,1264,UDP,AES-128,9.29,Normal
Node_3,Node_7,167,TCP,AES-256,11.51,Normal
Node_19,Node_2,702,TCP,AES-128,16.88,Normal
Node_9,Node_4,1451,UDP,AES-128,7.98,Normal
Node_9,Node_6,562,UDP,AES-256,20.18,Normal
Node_3,Node_8,676,TCP,AES-192,19.96,Blackhole_Attack
Node_17,Node_20,1051,UDP,AES-128,9.34,Normal
Node_16,Node_17,1304,UDP,AES-256,7.11,Blackhole_Attack
Node_4,Node_2,276,UDP,AES-128,13.49,Normal
Node_9,Node_19,337,TCP,AES-256,8.26,Normal
Node_3,Node_17,754,TCP,AES-256,4.22,Normal
Node_19,Node_14,547,TCP,AES-128,16.41,Blackhole_Attack
Node_9,Node_20,861,TCP,AES-256,16.08,Normal
Node_11,Node_3,1313,UDP,AES-192,10.78,Normal
Node_3,Node_10,782,UDP,AES-128,3.69,Normal
Node_11,Node_19,1475,UDP,AES-256,3.85,Normal
Node_7,Node_16,1111,UDP,AES-256,10.54,Normal
Node_15,Node_4,1448,UDP,AES-128,7.5,Normal
Node_19,Node_20,1232,TCP,AES-256,8.29,Normal
Node_20,Node_3,1072,UDP,AES-256,15.11,Normal
Node_1,Node_17,1368,TCP,AES-128,13.67,Blackhole_Attack
Node_14,Node_6,630,UDP,AES-192,16.89,Normal
Node_17,Node_10,465,TCP,AES-256,5.05,Normal
Node_8,Node_19,1081,TCP,AES-192,8.28,Normal
Node_10,Node_15,761,UDP,AES-256,13.79,Normal
Node_18,Node_14,1175,UDP,AES-256,12.24,Normal
Node_16,Node_9,1297,TCP,AES-256,17.66,Normal
Node_7,Node_20,353,TCP,AES-192,12.1,Normal
Node_13,Node_18,1028,TCP,AES-256,19.24,Normal
Node_16,Node_12,826,UDP,AES-256,12.7,Normal
Node_10,Node_12,1055,UDP,AES-192,15.31,Normal
Node_19,Node_5,597,UDP,AES-192,8.38,Normal
Node_17,Node_4,519,TCP,AES-128,10.07,Normal
Node_15,Node_12,103,UDP,AES-128,14.55,Drop_Attack
Node_8,Node_13,70,UDP,AES-192,18.06,Normal
Node_15,Node_8,264,UDP,AES-256,13.65,Normal
Node_14,Node_15,427,TCP,AES-256,9.58,Normal
Node_15,Node_14,68,TCP,AES-256,16.89,Normal
Node_17,Node_2,1049,TCP,AES-128,0.1,Drop_Attack
Node_17,Node_14,622,TCP,AES-256,2.89,Normal
Node_19,Node_8,1288,UDP,AES-256,13.41,Normal
Node_8,Node_9,1319,TCP,AES-128,10.07,Normal
Node_7,Node_18,977,UDP,AES-256,13.03,Normal
Node_18,Node_13,1133,TCP,AES-192,10.32,Normal
Node_15,Node_7,1205,UDP,AES-256,12.85,Drop_Attack
Node_5,Node_9,745,TCP,AES-192,5.93,Normal
Node_20,Node_8,1046,UDP,AES-128,12.85,Normal
Node_12,Node_5,297,TCP,AES-192,14.97,Normal
Node_9,Node_14,126,TCP,AES-128,16.1,Normal
Node_6,Node_13,181,UDP,AES-192,20.07,Normal
Node_5,Node_15,1421,UDP,AES-128,11.22,Normal
Node_2,Node_16,891,UDP,AES-192,11.37,Normal
Node_15,Node_19,910,UDP,AES-256,2.38,Normal
Node_20,Node_16,218,TCP,AES-256,7.34,Blackhole_Attack
Node_9,Node_15,1090,TCP,AES-128,9.03,Replay_Attack
Node_9,Node_2,1433,UDP,AES-128,15.25,Normal
Node_5,Node_14,304,TCP,AES-256,6.94,Normal
Node_5,Node_10,1202,UDP,AES-192,13.98,Normal
Node_12,Node_4,1145,UDP,AES-256,9.99,Blackhole_Attack
Node_13,Node_3,497,TCP,AES-256,9.11,Normal
Node_13,Node_8,810,UDP,AES-128,11.24,Normal
Node_13,Node_7,1291,UDP,AES-192,8.04,Normal
Node_13,Node_18,725,TCP,AES-128,7.85,Normal
Node_18,Node_10,528,UDP,AES-256,1.48,Normal
Node_1,Node_2,1249,UDP,AES-192,8.76,Normal
Node_19,Node_6,1492,UDP,AES-256,7.6,Normal
Node_11,Node_1,733,TCP,AES-192,7.42,Normal
Node_10,Node_18,1020,TCP,AES-192,12.08,Normal
Node_16,Node_12,623,TCP,AES-192,13.29,Normal
Node_11,Node_8,845,UDP,AES-256,11.16,Normal
Node_4,Node_2,1062,UDP,AES-256,14.98,Normal
Node_20,Node_15,998,TCP,AES-128,12.88,Normal
Node_14,Node_10,839,TCP,AES-192,8.52,Normal
Node_8,Node_2,85,TCP,AES-192,7.69,Drop_Attack
Node_2,Node_17,923,UDP,AES-256,11.56,Normal
Node_19,Node_8,1164,TCP,AES-192,12.87,Drop_Attack
Node_18,Node_13,1393,TCP,AES-128,16.99,Normal
Node_17,Node_3,381,TCP,AES-192,15.96,Normal
Node_1,Node_3,115,UDP,AES-256,7.29,Normal
Node_20,Node_3,776,UDP,AES-256,9.49,Normal
Node_12,Node_20,512,TCP,AES-128,13.36,Normal
Node_9,Node_12,792,UDP,AES-192,15.34,Normal
Node_6,Node_5,260,UDP,AES-256,14.69,Normal
Node_20,Node_10,636,TCP,AES-128,9.68,Normal
Node_19,Node_20,829,TCP,AES-192,3.73,Normal
Node_20,Node_7,491,TCP,AES-128,5.01,Normal
Node_11,Node_15,1259,UDP,AES-256,11.36,Normal
Node_16,Node_1,779,UDP,AES-256,11.71,Normal
Node_3,Node_1,947,TCP,AES-192,4.51,Normal
Node_3,Node_6,1126,UDP,AES-192,10.22,Blackhole_Attack
Node_3,Node_16,454,TCP,AES-256,13.16,Normal
Node_20,Node_8,1150,TCP,AES-128,4.24,Normal
Node_5,Node_19,966,UDP,AES-128,15.52,Normal
Node_8,Node_1,1378,TCP,AES-256,8.11,Normal
Node_12,Node_5,217,UDP,AES-128,16.29,Normal
Node_2,Node_19,452,TCP,AES-256,7.33,Blackhole_Attack
Node_9,Node_19,788,UDP,AES-192,4.87,Normal
Node_18,Node_3,1186,UDP,AES-192,7.71,Normal
Node_20,Node_8,1177,UDP,AES-192,9.52,Normal
Node_15,Node_3,1338,TCP,AES-192,8.06,Normal
Node_2,Node_13,583,UDP,AES-192,8.92,Normal
Node_2,Node_12,881,UDP,AES-128,11.67,Normal
Node_2,Node_13,867,TCP,AES-256,9.14,Normal
Node_10,Node_9,1346,UDP,AES-128,9.67,Normal
Node_4,Node_6,1441,TCP,AES-192,1.45,Drop_Attack
Node_13,Node_15,177,UDP,AES-128,11.96,Normal
Node_20,Node_1,1111,UDP,AES-256,9.55,Normal
Node_15,Node_14,739,UDP,AES-256,18.05,Normal
Node_7,Node_17,1237,TCP,AES-256,5.3,Blackhole_Attack
Node_9,Node_8,1009,TCP,AES-256,0.96,Normal
Node_2,Node_8,730,TCP,AES-128,13.09,Normal
Node_19,Node_13,101,TCP,AES-128,11.73,Drop_Attack
Node_9,Node_17,209,UDP,AES-128,4.96,Normal
Node_8,Node_6,229,TCP,AES-128,2.35,Normal
Node_19,Node_2,331,UDP,AES-256,17.69,Normal
Node_5,Node_9,1057,UDP,AES-128,17.07,Normal
Node_18,Node_4,512,TCP,AES-128,0.1,Normal
Node_18,Node_8,264,UDP,AES-192,7.71,Normal
Node_8,Node_17,1157,TCP,AES-128,18.32,Normal
Node_7,Node_8,434,UDP,AES-192,7.62,Normal
Node_12,Node_15,719,UDP,AES-256,7.55,Normal
Node_18,Node_2,1412,UDP,AES-256,8.59,Replay_Attack
Node_18,Node_20,1410,UDP,AES-256,4.4,Normal
Node_18,Node_4,734,UDP,AES-192,1.48,Normal
Node_2,Node_4,707,UDP,AES-128,15.26,Normal
Node_11,Node_16,1170,TCP,AES-256,0.79,Normal
Node_16,Node_15,1335,UDP,AES-256,11.24,Normal
Node_4,Node_11,1150,TCP,AES-192,14.43,Normal
Node_4,Node_11,619,UDP,AES-192,2.74,Blackhole_Attack
Node_11,Node_9,290,UDP,AES-128,5.38,Drop_Attack
Node_14,Node_5,874,UDP,AES-192,16.07,Normal
Node_12,Node_10,706,UDP,AES-128,12.66,Normal
Node_13,Node_8,1083,UDP,AES-192,6.91,Normal
Node_20,Node_12,1330,TCP,AES-128,16.01,Normal
Node_9,Node_11,335,TCP,AES-256,16.03,Drop_Attack
Node_13,Node_15,615,UDP,AES-256,11.35,Normal
Node_17,Node_13,262,UDP,AES-192,5.5,Normal
Node_18,Node_17,542,UDP,AES-128,7.93,Normal
Node_18,Node_2,1414,UDP,AES-128,11.43,Normal
Node_12,Node_3,1354,TCP,AES-128,9.06,Normal
Node_7,Node_13,946,TCP,AES-128,14.69,Normal
Node_1,Node_7,1057,UDP,AES-192,2.35,Normal
Node_10,Node_16,1247,TCP,AES-192,2.53,Normal
Node_6,Node_9,1334,TCP,AES-192,10.9,Normal
Node_3,Node_15,1205,TCP,AES-128,7.54,Normal
Node_18,Node_11,1428,UDP,AES-256,6.86,Normal
Node_7,Node_12,1489,UDP,AES-192,1.16,Drop_Attack
Node_9,Node_1,988,TCP,AES-256,10.1,Normal
Node_19,Node_14,277,UDP,AES-192,9.74,Normal
Node_15,Node_17,1271,TCP,AES-192,13.27,Replay_Attack
Node_9,Node_5,737,TCP,AES-128,10.34,Normal
Node_20,Node_11,597,UDP,AES-192,9.34,Blackhole_Attack
Node_4,Node_13,328,UDP,AES-128,15.89,Normal
Node_9,Node_1,200,UDP,AES-128,3.44,Normal
Node_2,Node_14,579,TCP,AES-192,12.68,Normal
Node_7,Node_9,1072,UDP,AES-128,1.64,Drop_Attack
Node_4,Node_10,955,TCP,AES-192,5.81,Normal
Node_10,Node_3,782,UDP,AES-128,3.94,Normal
Node_14,Node_18,617,TCP,AES-256,13.91,Normal
Node_7,Node_10,210,UDP,AES-256,9.67,Blackhole_Attack
Node_4,Node_20,830,UDP,AES-256,9.93,Drop_Attack
Node_4,Node_11,1257,UDP,AES-128,4.47,Normal
Node_12,Node_11,1153,TCP,AES-256,8.5,Normal
Node_7,Node_14,1188,TCP,AES-192,6.18,Normal
Node_13,Node_15,223,TCP,AES-256,11.92,Normal
Node_17,Node_18,204,UDP,AES-256,5.04,Normal
Node_5,Node_16,411,TCP,AES-256,16.65,Normal
Node_20,Node_2,997,TCP,AES-192,1.62,Normal
Node_13,Node_9,577,UDP,AES-128,5.97,Normal
Node_1,Node_14,1439,TCP,AES-192,18.39,Normal
Node_4,Node_2,1111,TCP,AES-256,7.82,Normal
Node_7,Node_2,122,TCP,AES-192,3.43,Normal
Node_13,Node_8,348,UDP,AES-128,11.1,Normal
Node_16,Node_8,937,UDP,AES-128,7.62,Normal
Node_7,Node_5,1393,UDP,AES-128,5.82,Normal
Node_2,Node_10,1014,TCP,AES-192,4.52,Normal
Node_5,Node_7,920,UDP,AES-192,23.84,Normal
Node_2,Node_13,492,UDP,AES-128,8.74,Normal
Node_12,Node_4,462,UDP,AES-256,0.37,Normal
Node_10,Node_5,925,TCP,AES-256,17.47,Normal
Node_2,Node_1,1313,UDP,AES-128,13.06,Normal
Node_1,Node_12,247,UDP,AES-256,6.17,Normal
Node_4,Node_14,659,TCP,AES-128,5.33,Normal
Node_3,Node_8,953,UDP,AES-192,13.37,Normal
Node_2,Node_7,1493,UDP,AES-192,8.77,Normal
Node_6,Node_15,147,TCP,AES-192,0.37,Blackhole_Attack
Node_6,Node_7,451,UDP,AES-128,18.94,Normal
Node_15,Node_7,1165,UDP,AES-256,7.83,Normal
Node_18,Node_20,406,TCP,AES-192,17.48,Drop_Attack
Node_16,Node_11,424,UDP,AES-256,16.39,Normal
Node_12,Node_14,814,UDP,AES-128,4.99,Normal
Node_17,Node_11,956,TCP,AES-256,15.17,Normal
Node_16,Node_14,931,UDP,AES-192,6.74,Replay_Attack
Node_3,Node_7,325,TCP,AES-128,0.67,Normal
Node_17,Node_16,793,TCP,AES-256,7.88,Normal
Node_9,Node_6,214,UDP,AES-192,11.99,Normal
Node_7,Node_12,654,UDP,AES-192,7.69,Normal
Node_17,Node_18,1351,TCP,AES-256,8.46,Normal
Node_17,Node_7,1214,TCP,AES-192,15.72,Normal
Node_10,Node_7,137,TCP,AES-192,10.53,Normal
Node_11,Node_6,195,UDP,AES-128,5.78,Normal
Node_10,Node_14,924,TCP,AES-192,13.51,Normal
Node_19,Node_20,374,UDP,AES-192,10.99,Drop_Attack
Node_11,Node_15,279,TCP,AES-256,0.1,Replay_Attack
Node_7,Node_1,396,TCP,AES-128,12.14,Normal
Node_7,Node_20,756,UDP,AES-128,11.96,Normal
Node_14,Node_18,523,TCP,AES-128,10.1,Normal
Node_12,Node_9,266,UDP,AES-128,14.46,Normal
Node_14,Node_8,1349,TCP,AES-192,6.64,Normal
Node_5,Node_4,668,UDP,AES-192,11.68,Normal
Node_16,Node_4,752,TCP,AES-192,2.17,Normal
Node_20,Node_13,1064,UDP,AES-192,12.04,Normal
Node_2,Node_4,1454,TCP,AES-256,19.77,Normal
Node_20,Node_4,490,TCP,AES-192,5.03,Normal
Node_6,Node_8,422,UDP,AES-128,6.2,Normal
Node_9,Node_15,1314,TCP,AES-128,6.45,Normal
Node_13,Node_20,449,TCP,AES-128,10.65,Normal
Node_11,Node_16,233,UDP,AES-128,4.68,Normal
Node_18,Node_4,789,UDP,AES-192,12.11,Normal
Node_15,Node_19,1025,UDP,AES-256,14.23,Normal
Node_13,Node_1,437,TCP,AES-192,12.67,Normal
Node_1,Node_20,540,TCP,AES-256,1.16,Normal
Node_20,Node_18,951,TCP,AES-256,14.98,Normal
Node_1,Node_17,1489,UDP,AES-192,14.69,Normal
Node_13,Node_20,1234,TCP,AES-256,14.15,Normal
Node_4,Node_20,1387,TCP,AES-256,11.86,Normal
Node_18,Node_15,622,UDP,AES-128,11.1,Normal
Node_3,Node_1,137,TCP,AES-192,15.16,Drop_Attack
Node_11,Node_18,875,TCP,AES-192,19.62,Normal
Node_7,Node_8,403,UDP,AES-128,5.23,Blackhole_Attack
Node_14,Node_15,1091,UDP,AES-256,15.39,Normal
Node_18,Node_9,499,TCP,AES-128,9.57,Normal
Node_3,Node_2,1438,UDP,AES-192,9.35,Normal
Node_3,Node_11,1499,UDP,AES-192,2.32,Normal
Node_20,Node_13,808,UDP,AES-256,8.58,Normal
Node_1,Node_12,788,UDP,AES-192,5.01,Replay_Attack
Node_2,Node_6,1008,UDP,AES-256,7.68,Normal
Node_18,Node_19,1248,UDP,AES-256,4.51,Normal
Node_15,Node_7,743,UDP,AES-128,7.76,Normal
Node_6,Node_8,268,UDP,AES-256,7.97,Normal
Node_11,Node_6,271,TCP,AES-192,10.48,Normal
Node_18,Node_14,156,UDP,AES-128,1.93,Normal
Node_1,Node_18,284,TCP,AES-256,2.77,Normal
Node_19,Node_20,300,UDP,AES-128,11.81,Normal
Node_10,Node_4,661,TCP,AES-192,6.01,Normal
Node_18,Node_12,93,TCP,AES-256,15.37,Normal
Node_9,Node_17,1352,UDP,AES-256,11.13,Normal
Node_20,Node_13,512,UDP,AES-192,13.03,Replay_Attack
Node_14,Node_10,990,TCP,AES-192,17.05,Normal
Node_8,Node_20,429,UDP,AES-192,8.45,Normal
Node_13,Node_1,656,TCP,AES-192,7.13,Replay_Attack
Node_9,Node_5,816,TCP,AES-256,14.36,Normal
Node_13,Node_18,1397,UDP,AES-256,12.55,Normal
Node_14,Node_18,426,TCP,AES-256,9.06,Blackhole_Attack
Node_6,Node_5,692,UDP,AES-192,16.96,Drop_Attack
Node_18,Node_2,1303,UDP,AES-128,8.94,Normal
Node_20,Node_15,1266,TCP,AES-256,10.16,Normal
Node_8,Node_13,271,UDP,AES-256,10.11,Drop_Attack
Node_7,Node_9,304,UDP,AES-128,5.33,Drop_Attack
Node_8,Node_17,1289,UDP,AES-128,10.39,Normal
Node_2,Node_11,1389,TCP,AES-192,16.98,Normal
Node_12,Node_19,1007,TCP,AES-192,12.22,Normal
Node_3,Node_17,347,TCP,AES-256,10.16,Replay_Attack
Node_1,Node_2,472,TCP,AES-192,9.19,Normal
Node_19,Node_14,620,UDP,AES-192,11.65,Normal
Node_3,Node_8,547,TCP,AES-128,13.75,Normal
Node_20,Node_14,1094,TCP,AES-256,13.05,Normal
Node_18,Node_10,387,TCP,AES-192,8.34,Normal
Node_7,Node_3,817,UDP,AES-128,11.62,Blackhole_Attack
Node_7,Node_11,1480,TCP,AES-128,12.4,Drop_Attack
Node_7,Node_14,948,UDP,AES-128,4.96,Normal
Node_10,Node_15,464,UDP,AES-128,10.84,Normal
Node_10,Node_12,409,TCP,AES-256,0.1,Normal
Node_5,Node_8,349,UDP,AES-256,12.41,Normal
Node_10,Node_18,1415,UDP,AES-256,13.3,Normal
Node_20,Node_15,1318,TCP,AES-256,13.74,Normal
Node_14,Node_12,961,UDP,AES-192,8.02,Normal
Node_8,Node_13,425,TCP,AES-256,11.55,Normal
Node_1,Node_14,666,TCP,AES-192,17.12,Normal
Node_5,Node_8,1481,TCP,AES-192,17.07,Normal
Node_5,Node_11,599,UDP,AES-256,9.85,Normal
Node_15,Node_11,93,TCP,AES-192,10.7,Normal
Node_16,Node_1,452,UDP,AES-256,15.55,Replay_Attack
Node_12,Node_5,843,UDP,AES-128,2.5,Normal
Node_14,Node_10,406,UDP,AES-128,8.38,Normal
Node_6,Node_14,599,UDP,AES-192,16.68,Normal
Node_16,Node_14,1107,UDP,AES-256,14.88,Normal
Node_16,Node_10,862,UDP,AES-256,11.85,Normal
Node_6,Node_14,1284,UDP,AES-256,2.47,Normal
Node_3,Node_9,486,TCP,AES-128,9.75,Normal
Node_18,Node_19,340,TCP,AES-192,7.05,Blackhole_Attack
Node_16,Node_4,1298,UDP,AES-128,11.66,Normal
Node_20,Node_10,1340,TCP,AES-256,5.95,Normal
Node_10,Node_16,790,UDP,AES-128,4.87,Normal
Node_2,Node_8,1179,UDP,AES-256,0.1,Normal
Node_5,Node_14,123,UDP,AES-256,16.11,Normal
Node_6,Node_18,1002,UDP,AES-256,8,Normal
Node_10,Node_3,86,UDP,AES-192,10.79,Drop_Attack
Node_20,Node_7,387,UDP,AES-192,9.99,Normal
Node_2,Node_19,1097,UDP,AES-128,4.66,Normal
Node_1,Node_8,176,TCP,AES-192,3.7,Normal
Node_16,Node_3,224,TCP,AES-128,4.97,Replay_Attack
Node_5,Node_9,1145,UDP,AES-256,6.38,Normal
Node_11,Node_4,1485,TCP,AES-256,11.83,Normal
Node_2,Node_16,376,TCP,AES-128,6.02,Replay_Attack
Node_18,Node_5,519,TCP,AES-256,18.73,Normal
Node_12,Node_3,280,TCP,AES-128,15.14,Normal
Node_20,Node_19,1082,UDP,AES-128,14.04,Normal
Node_15,Node_6,963,UDP,AES-192,9.4,Normal
Node_18,Node_6,567,UDP,AES-128,17.57,Normal
Node_10,Node_6,330,UDP,AES-192,8.91,Normal
Node_10,Node_9,1469,UDP,AES-256,9.84,Normal
Node_15,Node_9,469,TCP,AES-192,10.85,Normal
Node_1,Node_14,1145,TCP,AES-192,13.51,Normal
Node_18,Node_10,1223,TCP,AES-256,13.18,Normal
Node_15,Node_5,167,TCP,AES-256,7.62,Normal
Node_3,Node_8,84,TCP,AES-256,7.34,Normal
Node_7,Node_20,309,UDP,AES-128,13.2,Normal
Node_18,Node_4,218,UDP,AES-256,13.58,Normal
Node_7,Node_1,1345,UDP,AES-128,8.03,Normal
Node_9,Node_20,759,TCP,AES-192,2.06,Normal
Node_6,Node_16,262,TCP,AES-256,8.96,Normal
Node_1,Node_6,1129,UDP,AES-256,13.12,Normal
Node_4,Node_15,241,UDP,AES-256,19.03,Normal
Node_14,Node_6,623,TCP,AES-256,4.01,Normal
Node_11,Node_4,1404,UDP,AES-128,7.87,Blackhole_Attack
Node_16,Node_1,719,UDP,AES-256,8.05,Normal
Node_3,Node_2,561,UDP,AES-192,16.78,Normal
Node_6,Node_15,749,UDP,AES-128,9.83,Normal
Node_5,Node_13,1157,TCP,AES-256,5.46,Normal
Node_14,Node_8,708,UDP,AES-256,12.79,Replay_Attack
Node_9,Node_15,904,UDP,AES-192,7.98,Replay_Attack
Node_20,Node_2,269,TCP,AES-128,3.88,Normal
Node_4,Node_12,1131,UDP,AES-256,5.54,Replay_Attack
Node_17,Node_3,311,TCP,AES-128,18.67,Normal
Node_2,Node_6,455,UDP,AES-128,11.92,Normal
Node_19,Node_13,1107,TCP,AES-256,10.54,Normal
Node_4,Node_10,162,TCP,AES-128,8.75,Normal
Node_11,Node_15,530,TCP,AES-192,11.46,Normal
Node_13,Node_14,164,TCP,AES-192,11.4,Blackhole_Attack
Node_15,Node_18,1360,UDP,AES-192,11.46,Normal
Node_15,Node_3,1180,TCP,AES-256,10.57,Normal
Node_18,Node_8,693,UDP,AES-256,14.34,Normal
Node_2,Node_13,245,TCP,AES-256,10.12,Normal
Node_9,Node_17,540,TCP,AES-256,5.11,Normal
Node_6,Node_18,401,TCP,AES-128,6.94,Replay_Attack
Node_17,Node_6,701,TCP,AES-256,0.1,Normal
Node_8,Node_1,625,UDP,AES-192,20.13,Normal
Node_15,Node_19,1347,UDP,AES-128,14.31,Normal
Node_19,Node_14,516,UDP,AES-256,5.85,Normal
Node_1,Node_2,251,UDP,AES-192,8.59,Normal
Node_20,Node_8,569,UDP,AES-192,6.82,Drop_Attack
Node_12,Node_3,1429,TCP,AES-128,17.71,Normal
Node_7,Node_1,971,UDP,AES-192,2.9,Replay_Attack
Node_4,Node_14,1467,UDP,AES-256,10.57,Normal
Node_14,Node_10,1477,TCP,AES-256,9.46,Normal
Node_20,Node_17,1064,TCP,AES-256,14.13,Normal
Node_17,Node_3,1112,TCP,AES-256,9.48,Normal
Node_13,Node_5,527,UDP,AES-192,1.21,Normal
Node_2,Node_12,821,UDP,AES-128,8.74,Normal
Node_10,Node_17,1008,TCP,AES-128,5.14,Normal
Node_19,Node_14,465,UDP,AES-128,10.4,Blackhole_Attack
Node_1,Node_10,1260,UDP,AES-128,17.17,Normal
Node_6,Node_8,203,TCP,AES-128,1.3,Normal
Node_13,Node_15,1143,UDP,AES-128,6,Normal
Node_5,Node_4,1492,UDP,AES-256,7.24,Normal
Node_12,Node_18,576,TCP,AES-192,8.09,Normal
Node_12,Node_16,244,TCP,AES-192,13.7,Normal
Node_12,Node_14,1483,UDP,AES-128,9.13,Normal
Node_11,Node_14,862,UDP,AES-192,12.08,Drop_Attack
Node_4,Node_3,307,TCP,AES-128,6.87,Normal
Node_1,Node_5,1133,TCP,AES-256,11.15,Normal
Node_17,Node_20,456,UDP,AES-256,13.89,Normal
Node_19,Node_6,902,TCP,AES-192,6.34,Normal
Node_11,Node_5,770,UDP,AES-192,13.91,Replay_Attack
Node_8,Node_7,775,UDP,AES-256,10.26,Blackhole_Attack
Node_17,Node_14,1440,TCP,AES-128,15.23,Normal
Node_7,Node_10,361,TCP,AES-256,8.99,Normal
Node_16,Node_19,829,TCP,AES-128,11.91,Normal
Node_4,Node_1,196,TCP,AES-128,9.8,Normal
Node_18,Node_20,508,TCP,AES-256,9.52,Replay_Attack
Node_16,Node_14,769,UDP,AES-256,11.29,Normal
Node_19,Node_1,281,UDP,AES-128,12.68,Normal
Node_14,Node_11,64,TCP,AES-192,3.75,Normal
Node_16,Node_2,1441,TCP,AES-256,17.17,Normal
Node_2,Node_6,1461,UDP,AES-256,0.7,Normal
Node_1,Node_10,864,TCP,AES-192,6.58,Normal
Node_3,Node_20,292,TCP,AES-256,9.53,Normal
Node_9,Node_18,1171,TCP,AES-192,12.06,Blackhole_Attack
Node_14,Node_3,909,TCP,AES-192,17.88,Normal
Node_16,Node_3,996,UDP,AES-192,0.71,Normal
Node_14,Node_20,676,TCP,AES-256,7.46,Normal
Node_4,Node_13,621,UDP,AES-256,0.1,Normal
Node_3,Node_10,261,TCP,AES-192,10.16,Normal
Node_6,Node_16,1031,TCP,AES-192,11.36,Blackhole_Attack
Node_16,Node_11,756,TCP,AES-192,17.95,Normal
Node_9,Node_11,1158,TCP,AES-256,10.6,Normal
Node_18,Node_19,1414,UDP,AES-192,15.22,Normal
Node_19,Node_12,115,TCP,AES-128,12.92,Normal
Node_4,Node_20,475,UDP,AES-128,7.82,Normal
Node_9,Node_3,675,TCP,AES-128,2.96,Drop_Attack
Node_18,Node_10,497,TCP,AES-256,11.38,Normal
Node_3,Node_11,98,UDP,AES-192,2.54,Normal
Node_16,Node_19,959,TCP,AES-192,16.48,Normal
Node_6,Node_8,904,TCP,AES-192,9.19,Normal
Node_8,Node_2,1091,TCP,AES-128,15.98,Normal
Node_10,Node_11,876,UDP,AES-128,7.6,Normal
Node_6,Node_3,150,UDP,AES-192,11.34,Normal
Node_13,Node_19,921,TCP,AES-192,11.05,Normal
Node_7,Node_2,1031,TCP,AES-256,9.77,Normal
Node_19,Node_17,635,UDP,AES-192,7.84,Normal
Node_15,Node_1,1286,UDP,AES-128,11.96,Replay_Attack
Node_12,Node_14,397,UDP,AES-192,5.37,Normal
Node_5,Node_3,180,TCP,AES-128,3.95,Normal
Node_12,Node_16,1273,UDP,AES-192,16.21,Replay_Attack
Node_10,Node_9,214,UDP,AES-192,13.64,Normal
Node_13,Node_8,148,UDP,AES-256,10.33,Normal
Node_6,Node_17,827,UDP,AES-128,18.33,Normal
Node_6,Node_1,399,TCP,AES-192,8.66,Normal
Node_19,Node_6,1213,TCP,AES-256,16.61,Normal
Node_11,Node_7,1005,TCP,AES-128,10.88,Normal
Node_16,Node_13,123,UDP,AES-128,4.88,Replay_Attack
Node_9,Node_18,1308,TCP,AES-128,19.24,Normal
Node_15,Node_17,812,UDP,AES-192,14.95,Normal
Node_9,Node_14,858,UDP,AES-128,9.39,Normal
Node_9,Node_4,665,UDP,AES-128,13.64,Normal
Node_18,Node_17,1191,TCP,AES-192,7.98,Normal
Node_16,Node_10,959,UDP,AES-256,14.15,Normal
Node_15,Node_19,825,UDP,AES-192,0.1,Normal
Node_19,Node_6,631,TCP,AES-192,4.9,Normal
Node_9,Node_14,1166,TCP,AES-256,14.9,Normal
Node_18,Node_12,250,UDP,AES-192,8.75,Blackhole_Attack
Node_7,Node_12,284,TCP,AES-256,11.04,Normal
Node_17,Node_13,556,UDP,AES-256,3.27,Drop_Attack
Node_16,Node_17,967,UDP,AES-192,19.24,Normal
Node_7,Node_20,976,TCP,AES-128,15.95,Normal
Node_17,Node_19,962,TCP,AES-192,9,Normal
Node_19,Node_14,176,UDP,AES-256,7.98,Normal
Node_17,Node_13,961,UDP,AES-256,15.15,Normal
Node_1,Node_12,1469,TCP,AES-256,19.91,Normal
Node_11,Node_17,1159,UDP,AES-192,14.77,Normal
Node_3,Node_14,492,UDP,AES-192,20.86,Normal
Node_18,Node_13,715,TCP,AES-192,5.39,Normal
Node_5,Node_3,664,TCP,AES-256,5.9,Normal
Node_17,Node_5,1351,UDP,AES-256,4.06,Blackhole_Attack
Node_14,Node_18,938,UDP,AES-128,12.21,Normal
Node_9,Node_15,903,TCP,AES-128,10.88,Normal
Node_12,Node_20,549,UDP,AES-192,9.24,Blackhole_Attack
Node_6,Node_7,857,UDP,AES-128,14.05,Normal
Node_9,Node_14,830,UDP,AES-128,16.16,Normal
Node_20,Node_12,1059,UDP,AES-128,2.37,Normal
Node_4,Node_14,1176,TCP,AES-128,7.02,Replay_Attack
Node_15,Node_4,233,TCP,AES-256,14.1,Replay_Attack
Node_3,Node_10,1294,TCP,AES-128,7.66,Normal
Node_18,Node_9,970,UDP,AES-192,6.01,Normal
Node_16,Node_8,658,TCP,AES-128,15.09,Normal
Node_8,Node_3,449,TCP,AES-256,3.55,Normal
Node_3,Node_19,1363,TCP,AES-192,8.49,Normal
Node_9,Node_18,573,UDP,AES-256,11.64,Normal
Node_1,Node_18,620,UDP,AES-256,7.13,Normal
Node_16,Node_7,347,UDP,AES-192,13.92,Normal
Node_11,Node_15,354,UDP,AES-128,7.16,Normal
Node_7,Node_16,173,TCP,AES-192,17.04,Normal
Node_13,Node_18,630,UDP,AES-256,9.37,Normal
Node_20,Node_1,1296,TCP,AES-192,13.36,Normal
Node_1,Node_20,672,UDP,AES-256,13.73,Normal
Node_2,Node_15,365,UDP,AES-192,6.86,Normal
Node_11,Node_18,1153,UDP,AES-128,0.1,Normal
Node_9,Node_11,860,TCP,AES-128,11.8,Blackhole_Attack
Node_5,Node_2,1250,TCP,AES-192,10.36,Normal
Node_8,Node_20,154,TCP,AES-256,12.78,Replay_Attack
Node_3,Node_12,1407,TCP,AES-128,8.87,Normal
Node_17,Node_12,224,TCP,AES-192,7.85,Normal
Node_2,Node_12,659,TCP,AES-256,20.04,Normal
Node_11,Node_6,534,UDP,AES-128,2.64,Blackhole_Attack
Node_15,Node_17,1039,UDP,AES-128,13.67,Normal
Node_2,Node_8,424,TCP,AES-256,7.13,Normal
Node_16,Node_8,651,UDP,AES-256,8.32,Normal
Node_8,Node_6,936,UDP,AES-192,8.41,Normal
Node_10,Node_15,621,TCP,AES-128,5.98,Normal
Node_7,Node_5,511,TCP,AES-256,12.86,Normal
Node_12,Node_9,561,UDP,AES-256,16.95,Normal
Node_16,Node_8,176,UDP,AES-256,12.35,Normal
Node_6,Node_3,1335,UDP,AES-256,10.52,Normal
Node_11,Node_15,1181,TCP,AES-128,5.07,Normal
Node_3,Node_6,1457,TCP,AES-128,12.58,Normal
Node_12,Node_18,1091,TCP,AES-256,20.78,Normal
Node_7,Node_1,1041,TCP,AES-192,8.1,Drop_Attack
Node_14,Node_16,183,UDP,AES-192,8.12,Normal
Node_6,Node_11,583,UDP,AES-192,7.19,Normal
Node_16,Node_11,1403,UDP,AES-128,7.55,Replay_Attack
Node_14,Node_18,1060,TCP,AES-128,0.1,Normal
Node_5,Node_11,386,UDP,AES-192,12.03,Normal
Node_14,Node_8,1235,UDP,AES-192,5.77,Normal
Node_12,Node_18,501,TCP,AES-128,1.95,Normal
Node_1,Node_8,773,UDP,AES-256,13.77,Normal
Node_5,Node_14,453,TCP,AES-256,4.59,Normal
Node_12,Node_2,447,UDP,AES-256,8.31,Replay_Attack
Node_6,Node_4,77,TCP,AES-128,17.33,Normal
Node_15,Node_6,1121,TCP,AES-192,2.95,Normal
Node_14,Node_10,1229,UDP,AES-128,2.34,Normal
Node_20,Node_11,1249,TCP,AES-256,11.35,Normal
Node_4,Node_20,892,UDP,AES-128,15.75,Normal
Node_8,Node_13,911,TCP,AES-128,2.13,Normal
Node_1,Node_7,213,TCP,AES-128,12.04,Normal
Node_17,Node_16,74,TCP,AES-128,12.9,Replay_Attack
Node_2,Node_13,546,TCP,AES-256,0.1,Normal
Node_18,Node_20,545,UDP,AES-192,13.99,Normal
Node_2,Node_18,1233,TCP,AES-192,14.38,Normal
Node_3,Node_16,302,TCP,AES-128,8.44,Normal
Node_18,Node_6,603,UDP,AES-192,16.26,Normal
Node_20,Node_4,313,UDP,AES-128,15.68,Normal
Node_13,Node_15,727,TCP,AES-256,10.52,Normal
Node_17,Node_18,811,UDP,AES-256,7.74,Normal
Node_2,Node_7,1016,TCP,AES-128,5.14,Normal
Node_8,Node_13,172,TCP,AES-256,9.81,Normal
Node_11,Node_1,870,TCP,AES-128,12.85,Normal
Node_2,Node_13,380,UDP,AES-128,8.38,Normal
Node_14,Node_9,1365,UDP,AES-192,0.1,Normal
Node_13,Node_19,915,UDP,AES-192,16.34,Normal
Node_9,Node_15,1321,TCP,AES-192,10.95,Normal
Node_17,Node_10,81,TCP,AES-128,8.1,Normal
Node_1,Node_5,497,UDP,AES-192,14.29,Normal
Node_17,Node_9,1065,TCP,AES-128,17.62,Normal
Node_8,Node_18,429,TCP,AES-128,0.1,Blackhole_Attack
Node_18,Node_8,521,UDP,AES-192,12.17,Normal
Node_6,Node_5,492,TCP,AES-192,2.87,Normal
Node_4,Node_12,629,TCP,AES-192,12.5,Normal
Node_12,Node_16,1167,UDP,AES-192,10.64,Blackhole_Attack
Node_2,Node_1,783,TCP,AES-128,13.18,Normal
Node_13,Node_6,1383,UDP,AES-192,7.5,Normal
Node_8,Node_7,1345,TCP,AES-192,0.63,Normal
Node_19,Node_3,648,TCP,AES-128,7.75,Normal
Node_19,Node_13,525,TCP,AES-192,12.03,Normal
Node_12,Node_13,1448,TCP,AES-256,15.08,Drop_Attack
Node_11,Node_16,736,TCP,AES-256,4.14,Normal
Node_17,Node_8,1193,TCP,AES-128,15.14,Normal
Node_18,Node_9,626,UDP,AES-192,6.76,Normal
Node_11,Node_1,279,TCP,AES-256,11.81,Normal
Node_8,Node_18,815,UDP,AES-128,7.45,Normal
Node_10,Node_6,1325,TCP,AES-128,10.91,Normal
Node_9,Node_12,992,TCP,AES-128,14.46,Normal
Node_15,Node_8,532,UDP,AES-256,3.86,Replay_Attack
Node_7,Node_14,154,UDP,AES-192,6.6,Normal
Node_19,Node_16,233,TCP,AES-192,10.92,Normal
Node_3,Node_2,1157,TCP,AES-192,22.01,Normal
Node_16,Node_15,706,UDP,AES-256,5.68,Normal
Node_20,Node_1,953,TCP,AES-192,20.2,Drop_Attack
Node_13,Node_1,1314,UDP,AES-192,20.02,Normal
Node_4,Node_3,1202,TCP,AES-256,9.51,Normal
Node_3,Node_1,1048,UDP,AES-256,8.51,Normal
Node_8,Node_13,1215,TCP,AES-128,6.54,Normal
Node_11,Node_8,469,UDP,AES-128,9.66,Drop_Attack
Node_5,Node_18,1353,UDP,AES-256,2.97,Blackhole_Attack
Node_16,Node_11,1388,UDP,AES-256,9.62,Normal
Node_9,Node_12,1414,UDP,AES-256,17.48,Normal
Node_9,Node_6,417,TCP,AES-192,6.94,Normal
Node_19,Node_20,1424,TCP,AES-192,8.8,Normal
Node_17,Node_8,175,TCP,AES-128,1.49,Normal
Node_12,Node_19,184,UDP,AES-192,11.87,Normal
Node_8,Node_10,657,TCP,AES-256,11.32,Normal
Node_2,Node_18,1124,UDP,AES-128,10.32,Normal
Node_18,Node_19,555,TCP,AES-256,8.92,Normal
Node_6,Node_16,399,UDP,AES-192,8.54,Normal
Node_7,Node_11,160,UDP,AES-256,12.51,Normal
Node_7,Node_5,1091,TCP,AES-256,9.86,Blackhole_Attack
Node_16,Node_15,1426,TCP,AES-128,11.57,Drop_Attack
Node_2,Node_17,512,UDP,AES-128,11.07,Normal
Node_11,Node_16,599,TCP,AES-192,15.62,Normal
Node_3,Node_18,621,TCP,AES-128,13.38,Normal
Node_1,Node_2,248,TCP,AES-128,10.96,Blackhole_Attack
Node_4,Node_10,1185,TCP,AES-192,17.59,Normal
Node_3,Node_4,570,TCP,AES-128,12.1,Normal
Node_18,Node_3,1252,TCP,AES-192,16.52,Normal
Node_5,Node_10,655,TCP,AES-256,13.03,Normal
Node_14,Node_10,724,UDP,AES-128,0.79,Normal
Node_10,Node_15,1212,TCP,AES-192,16.52,Normal
Node_18,Node_7,486,UDP,AES-192,10.68,Normal
Node_15,Node_10,1062,TCP,AES-256,9.74,Normal
Node_4,Node_11,1119,UDP,AES-256,11.41,Normal
Node_4,Node_7,1492,TCP,AES-256,8.28,Normal
Node_8,Node_18,332,UDP,AES-192,11.14,Normal
Node_19,Node_16,1159,UDP,AES-256,7.04,Normal
Node_5,Node_14,889,UDP,AES-256,16.37,Normal
Node_4,Node_14,1239,TCP,AES-256,9.43,Normal
Node_15,Node_16,1444,TCP,AES-256,8.09,Normal
Node_14,Node_13,791,UDP,AES-192,5.38,Normal
Node_14,Node_12,1286,UDP,AES-192,11.34,Normal
Node_11,Node_16,1068,UDP,AES-192,10.94,Normal
Node_17,Node_1,144,UDP,AES-192,11.94,Drop_Attack
Node_7,Node_9,1036,TCP,AES-128,4.86,Normal
Node_9,Node_16,642,TCP,AES-256,1.99,Normal
Node_14,Node_17,1215,UDP,AES-192,13.13,Normal
Node_15,Node_8,1384,UDP,AES-192,17.42,Normal
Node_1,Node_13,382,TCP,AES-192,4.87,Normal
Node_7,Node_5,200,TCP,AES-128,17.95,Drop_Attack
Node_15,Node_19,1259,TCP,AES-256,11.42,Normal
Node_1,Node_7,1448,TCP,AES-256,9.96,Normal
Node_12,Node_11,1087,UDP,AES-256,8.01,Normal
Node_2,Node_18,1134,TCP,AES-192,3.08,Normal
Node_2,Node_16,1289,TCP,AES-256,14.94,Normal
Node_1,Node_15,324,TCP,AES-256,6.12,Normal
Node_3,Node_13,641,TCP,AES-192,6.1,Normal
Node_3,Node_20,1071,UDP,AES-192,14.96,Blackhole_Attack
Node_10,Node_19,877,UDP,AES-128,0.59,Drop_Attack
Node_6,Node_11,1312,UDP,AES-256,2.38,Normal
Node_9,Node_7,929,UDP,AES-256,9.91,Normal
Node_20,Node_9,277,UDP,AES-128,11.47,Normal
Node_13,Node_16,429,UDP,AES-128,12.42,Normal
Node_13,Node_6,1210,UDP,AES-128,8.49,Blackhole_Attack
Node_4,Node_13,879,UDP,AES-192,22.65,Blackhole_Attack
Node_3,Node_18,1016,TCP,AES-192,8.86,Drop_Attack
Node_20,Node_19,1289,TCP,AES-256,8.85,Normal
Node_16,Node_3,1120,TCP,AES-128,6.02,Normal
Node_8,Node_4,1201,UDP,AES-128,10.62,Normal
Node_7,Node_11,852,TCP,AES-256,13.07,Replay_Attack
Node_16,Node_9,244,UDP,AES-192,16.02,Normal
Node_12,Node_13,678,UDP,AES-128,2.55,Normal
Node_6,Node_9,486,UDP,AES-192,8.77,Normal
Node_14,Node_10,1333,TCP,AES-192,12.23,Normal
Node_13,Node_7,112,TCP,AES-192,12.94,Normal
Node_17,Node_14,694,UDP,AES-192,10.03,Drop_Attack
Node_9,Node_7,730,TCP,AES-192,12.71,Normal
Node_1,Node_4,1224,TCP,AES-192,5.96,Normal
Node_13,Node_9,1008,TCP,AES-192,17.79,Normal
Node_20,Node_14,1344,UDP,AES-192,14.96,Normal
Node_4,Node_8,606,TCP,AES-192,3.28,Normal
Node_5,Node_10,628,UDP,AES-192,4.62,Normal
Node_3,Node_12,506,UDP,AES-128,4.77,Normal
Node_9,Node_7,783,TCP,AES-256,13.39,Normal
Node_13,Node_7,1289,TCP,AES-256,3.58,Normal
Node_13,Node_12,265,TCP,AES-128,8.34,Normal
Node_3,Node_2,134,UDP,AES-256,12.27,Normal
Node_4,Node_7,943,UDP,AES-128,9.67,Normal
Node_9,Node_17,116,TCP,AES-256,11.29,Normal
Node_1,Node_13,163,TCP,AES-192,4.67,Normal
Node_8,Node_20,1448,TCP,AES-256,12.97,Normal
Node_13,Node_5,714,TCP,AES-128,6.93,Normal
Node_14,Node_12,1066,TCP,AES-128,8.38,Normal
Node_20,Node_6,664,TCP,AES-128,11.19,Normal
Node_7,Node_1,118,UDP,AES-128,10.52,Normal
Node_18,Node_4,1113,TCP,AES-256,10.12,Normal
Node_9,Node_13,301,UDP,AES-192,6.25,Normal
Node_16,Node_15,883,TCP,AES-256,8.5,Normal
Node_14,Node_1,1070,TCP,AES-128,10.01,Normal
Node_20,Node_5,549,TCP,AES-256,3.12,Normal
Node_4,Node_9,493,UDP,AES-128,7.69,Drop_Attack
Node_14,Node_6,1176,UDP,AES-256,11.94,Drop_Attack
Node_1,Node_10,1481,TCP,AES-256,3.61,Normal
Node_9,Node_16,1426,UDP,AES-128,15.78,Normal
Node_14,Node_19,403,TCP,AES-128,16.35,Normal
Node_5,Node_11,648,UDP,AES-256,3.77,Normal
Node_4,Node_14,462,UDP,AES-128,16.79,Normal
Node_1,Node_8,1135,UDP,AES-256,9.28,Normal
Node_15,Node_8,353,TCP,AES-128,12.09,Normal
Node_5,Node_10,389,UDP,AES-128,7.52,Normal
Node_18,Node_7,868,TCP,AES-128,14.62,Normal
Node_4,Node_11,765,TCP,AES-256,12.03,Normal
Node_18,Node_9,1040,UDP,AES-256,5.93,Drop_Attack
Node_3,Node_16,932,UDP,AES-128,4.17,Normal
Node_3,Node_1,768,UDP,AES-256,2.7,Normal
Node_2,Node_14,1479,UDP,AES-128,10.94,Normal
Node_7,Node_6,1249,TCP,AES-256,12.86,Drop_Attack
Node_18,Node_8,632,UDP,AES-128,13.25,Normal
Node_19,Node_12,717,TCP,AES-256,9.41,Normal
Node_20,Node_15,1052,UDP,AES-192,4.22,Normal
Node_18,Node_4,723,UDP,AES-128,6.59,Normal
Node_14,Node_6,773,TCP,AES-128,15.76,Normal
Node_6,Node_7,117,UDP,AES-128,7.58,Normal
Node_15,Node_16,319,UDP,AES-256,10.72,Normal
Node_18,Node_16,401,UDP,AES-256,4.62,Normal
Node_5,Node_15,303,UDP,AES-128,11.68,Normal
Node_8,Node_1,724,UDP,AES-256,7.71,Replay_Attack
Node_18,Node_2,1105,TCP,AES-128,15.23,Normal
Node_17,Node_1,1280,TCP,AES-128,13.87,Normal
Node_19,Node_5,793,TCP,AES-256,7.52,Blackhole_Attack
Node_19,Node_9,359,TCP,AES-256,9.37,Normal
Node_9,Node_17,1220,TCP,AES-128,7.24,Replay_Attack
Node_19,Node_5,1267,TCP,AES-128,2.9,Normal
Node_1,Node_2,1441,TCP,AES-128,5.71,Normal
Node_18,Node_5,803,UDP,AES-256,10.99,Normal
Node_19,Node_17,1140,TCP,AES-192,11.63,Normal
Node_9,Node_7,409,UDP,AES-128,10.74,Normal
Node_6,Node_11,164,TCP,AES-256,8.49,Normal
Node_2,Node_1,541,UDP,AES-256,14.67,Replay_Attack
Node_2,Node_14,1174,UDP,AES-128,10.32,Normal
Node_1,Node_18,1108,UDP,AES-256,13.52,Normal
Node_2,Node_19,732,TCP,AES-192,1.13,Replay_Attack
Node_17,Node_14,848,TCP,AES-128,0.1,Normal
Node_19,Node_15,1476,UDP,AES-256,11.42,Normal
Node_4,Node_5,969,TCP,AES-192,2.88,Normal
Node_2,Node_9,894,UDP,AES-256,8.94,Normal
Node_8,Node_17,321,UDP,AES-256,8.49,Normal
Node_1,Node_5,362,UDP,AES-256,17.94,Normal
Node_17,Node_9,1131,TCP,AES-192,12,Normal
Node_5,Node_20,1467,UDP,AES-256,10.83,Normal
Node_14,Node_17,216,UDP,AES-192,14.18,Normal
Node_6,Node_20,1476,UDP,AES-256,11.84,Normal
Node_20,Node_11,1057,TCP,AES-256,7.71,Normal
Node_16,Node_2,155,UDP,AES-128,15.36,Normal
Node_3,Node_2,539,UDP,AES-128,4.45,Normal
Node_8,Node_13,1342,TCP,AES-128,11.62,Normal
Node_16,Node_6,477,UDP,AES-128,2.26,Normal
Node_3,Node_13,720,UDP,AES-192,11.02,Normal
Node_4,Node_10,1429,TCP,AES-256,10.96,Normal
Node_13,Node_4,195,UDP,AES-192,18.38,Replay_Attack
Node_17,Node_18,1335,UDP,AES-256,2.18,Normal
Node_4,Node_6,855,UDP,AES-256,7,Normal
Node_4,Node_17,484,TCP,AES-192,14.11,Normal
Node_14,Node_10,1187,TCP,AES-192,11.68,Normal
Node_7,Node_16,604,TCP,AES-256,10.9,Replay_Attack
Node_2,Node_5,284,TCP,AES-192,5.22,Normal
Node_6,Node_7,624,UDP,AES-128,7.05,Normal
Node_12,Node_9,1228,UDP,AES-128,16.23,Normal
Node_20,Node_17,310,UDP,AES-256,9.74,Normal
Node_11,Node_12,197,UDP,AES-256,11.88,Drop_Attack
Node_13,Node_20,1206,TCP,AES-256,9.42,Normal
Node_9,Node_13,1297,UDP,AES-256,4.08,Normal
Node_7,Node_1,644,UDP,AES-128,14.67,Normal
Node_20,Node_3,132,TCP,AES-192,12.52,Normal
Node_13,Node_19,255,TCP,AES-128,21.53,Normal
Node_7,Node_3,878,UDP,AES-256,4.92,Normal
Node_6,Node_14,852,UDP,AES-128,14.11,Normal
Node_8,Node_2,979,UDP,AES-128,3.44,Normal
Node_19,Node_20,119,UDP,AES-192,10.79,Replay_Attack
Node_15,Node_4,181,TCP,AES-192,14.88,Normal
Node_12,Node_4,100,UDP,AES-256,0.1,Normal
Node_1,Node_19,847,UDP,AES-128,8.98,Normal
Node_10,Node_20,620,UDP,AES-256,7.18,Normal
Node_18,Node_7,1280,TCP,AES-128,6.49,Normal
Node_14,Node_13,744,UDP,AES-256,11.93,Normal
Node_9,Node_16,1108,TCP,AES-128,15.6,Normal
Node_14,Node_18,1186,TCP,AES-128,9.33,Normal
Node_18,Node_13,1348,TCP,AES-128,11.03,Blackhole_Attack
Node_7,Node_1,1068,TCP,AES-192,10.57,Normal
Node_5,Node_9,417,UDP,AES-192,10.01,Normal
Node_18,Node_4,237,TCP,AES-128,4.55,Normal
Node_15,Node_14,265,UDP,AES-128,15.54,Normal
Node_15,Node_18,608,UDP,AES-128,11.48,Normal
Node_15,Node_14,1497,TCP,AES-128,11.97,Normal
Node_5,Node_13,1309,UDP,AES-192,5.97,Normal
Node_3,Node_7,757,UDP,AES-192,7.7,Normal
Node_18,Node_10,966,UDP,AES-128,9.12,Normal
Node_3,Node_10,1238,TCP,AES-128,2.33,Normal
Node_9,Node_1,1482,TCP,AES-192,1.56,Normal
Node_10,Node_11,1234,UDP,AES-128,7,Normal
Node_12,Node_5,288,UDP,AES-192,12.61,Normal
Node_20,Node_15,508,TCP,AES-192,6.73,Normal
Node_13,Node_14,1059,UDP,AES-256,4.91,Normal
Node_9,Node_11,436,TCP,AES-128,5.93,Drop_Attack
Node_19,Node_16,82,UDP,AES-192,7.72,Normal
Node_3,Node_5,332,UDP,AES-192,8.23,Normal
Node_16,Node_15,1191,TCP,AES-192,20.83,Normal
Node_2,Node_15,1111,TCP,AES-128,15.27,Normal
Node_5,Node_16,309,UDP,AES-192,15.12,Normal
Node_20,Node_8,797,TCP,AES-192,15.84,Drop_Attack
Node_15,Node_6,917,UDP,AES-192,5.01,Normal
Node_7,Node_5,954,TCP,AES-128,3.89,Normal
Node_9,Node_5,990,TCP,AES-128,4.47,Normal
Node_18,Node_5,501,TCP,AES-256,16.67,Normal
Node_5,Node_2,169,TCP,AES-192,7.26,Normal
Node_8,Node_2,628,UDP,AES-192,3.74,Normal
Node_1,Node_16,256,UDP,AES-128,7.85,Normal
Node_3,Node_12,890,UDP,AES-256,8.81,Normal
Node_11,Node_15,427,UDP,AES-192,11.34,Normal
Node_4,Node_18,593,TCP,AES-128,11.25,Normal
Node_19,Node_5,290,UDP,AES-128,5.86,Normal
Node_19,Node_14,582,UDP,AES-256,13.43,Normal
Node_3,Node_14,850,TCP,AES-256,6.8,Normal
Node_2,Node_8,335,TCP,AES-128,9.22,Normal
Node_18,Node_17,158,UDP,AES-128,13.43,Replay_Attack
Node_3,Node_12,752,UDP,AES-192,6.79,Normal
Node_3,Node_6,817,TCP,AES-128,7.15,Blackhole_Attack
Node_7,Node_11,95,TCP,AES-192,12.96,Normal
Node_3,Node_20,686,UDP,AES-256,5.71,Normal
Node_12,Node_17,958,UDP,AES-256,8.08,Normal
Node_13,Node_5,768,TCP,AES-192,12.78,Normal
Node_4,Node_5,1058,TCP,AES-256,20.27,Replay_Attack
Node_12,Node_17,1481,UDP,AES-128,13.03,Normal
Node_15,Node_11,843,UDP,AES-256,12.36,Normal
Node_6,Node_8,75,TCP,AES-128,12.65,Normal
Node_6,Node_5,537,UDP,AES-128,4.63,Normal
Node_13,Node_10,530,TCP,AES-256,10.58,Normal
Node_12,Node_3,1291,UDP,AES-256,9.85,Normal
Node_3,Node_4,204,UDP,AES-128,11.61,Normal
Node_20,Node_6,969,TCP,AES-256,10.58,Normal
Node_19,Node_7,177,UDP,AES-192,11.9,Normal
Node_9,Node_5,161,TCP,AES-256,8.44,Normal
Node_16,Node_8,217,TCP,AES-128,10.29,Replay_Attack
Node_9,Node_14,137,TCP,AES-192,3.86,Normal
Node_2,Node_11,1262,UDP,AES-192,8.4,Normal
Node_18,Node_13,773,TCP,AES-128,16.95,Normal
Node_20,Node_12,495,UDP,AES-256,11.59,Normal
Node_5,Node_16,1148,TCP,AES-256,9.9,Normal
Node_20,Node_1,405,UDP,AES-128,19.48,Normal
Node_9,Node_18,1177,TCP,AES-192,3.2,Normal
Node_14,Node_15,794,UDP,AES-192,4.45,Normal
Node_11,Node_10,500,UDP,AES-256,18.56,Normal
Node_18,Node_20,268,UDP,AES-192,10.23,Normal
Node_3,Node_7,1407,UDP,AES-192,8.79,Normal
Node_9,Node_16,599,TCP,AES-128,4,Normal
Node_17,Node_9,1454,UDP,AES-256,12.24,Normal
Node_4,Node_19,387,TCP,AES-128,12.72,Normal
Node_9,Node_10,1363,UDP,AES-192,4.53,Normal
Node_10,Node_19,686,UDP,AES-256,9.3,Normal
Node_20,Node_10,680,UDP,AES-128,8.32,Normal
Node_6,Node_4,1352,UDP,AES-192,11.28,Blackhole_Attack
Node_9,Node_5,841,TCP,AES-192,4.4,Replay_Attack
Node_3,Node_10,543,TCP,AES-192,16.26,Normal
Node_10,Node_14,300,TCP,AES-128,14.58,Normal
Node_12,Node_11,604,UDP,AES-256,8.18,Normal
Node_5,Node_12,1233,TCP,AES-128,8.92,Normal
Node_1,Node_15,1023,UDP,AES-256,9.32,Normal
Node_7,Node_2,1334,UDP,AES-256,6.11,Blackhole_Attack
Node_7,Node_10,883,UDP,AES-128,7.78,Drop_Attack
Node_7,Node_20,301,TCP,AES-256,8.65,Normal
Node_19,Node_7,1188,TCP,AES-256,18.06,Normal
Node_19,Node_3,1108,TCP,AES-256,14.73,Normal
Node_15,Node_8,1338,UDP,AES-256,14.67,Normal
Node_11,Node_12,86,UDP,AES-128,11.85,Normal
Node_4,Node_13,256,TCP,AES-192,4.41,Normal
Node_15,Node_18,747,UDP,AES-256,9.79,Normal
Node_3,Node_17,868,TCP,AES-256,14.85,Normal
Node_6,Node_11,535,TCP,AES-192,3.71,Normal
Node_12,Node_15,782,TCP,AES-256,13.18,Normal
Node_9,Node_20,1297,UDP,AES-192,21.61,Normal
Node_2,Node_4,670,UDP,AES-192,15.31,Normal
Node_8,Node_19,599,UDP,AES-192,17.07,Normal
Node_1,Node_4,320,TCP,AES-128,11.09,Blackhole_Attack
Node_17,Node_18,672,TCP,AES-128,14.84,Replay_Attack
Node_20,Node_8,178,TCP,AES-128,6.41,Normal
Node_5,Node_7,374,TCP,AES-128,13.98,Normal
Node_10,Node_3,1087,UDP,AES-192,13.27,Normal
Node_19,Node_15,157,UDP,AES-256,11.45,Normal
Node_18,Node_6,1195,TCP,AES-192,16.58,Normal
Node_15,Node_10,187,TCP,AES-256,7.31,Blackhole_Attack
Node_8,Node_12,1478,UDP,AES-256,9.06,Normal
Node_6,Node_13,1427,UDP,AES-256,10.48,Replay_Attack
Node_7,Node_13,744,TCP,AES-128,4.85,Drop_Attack
Node_7,Node_15,593,UDP,AES-192,11.13,Normal
Node_15,Node_2,936,UDP,AES-256,1.41,Normal
Node_14,Node_10,658,TCP,AES-128,15.23,Normal
Node_9,Node_18,423,TCP,AES-128,10.23,Blackhole_Attack
Node_11,Node_17,433,TCP,AES-192,7.4,Normal
Node_8,Node_6,270,UDP,AES-256,5.83,Normal
Node_18,Node_11,784,UDP,AES-128,8.83,Normal
Node_20,Node_10,816,TCP,AES-192,13.44,Normal
Node_7,Node_14,174,UDP,AES-128,12.74,Blackhole_Attack
Node_19,Node_20,472,TCP,AES-256,6.47,Normal
Node_18,Node_14,858,TCP,AES-128,5.77,Blackhole_Attack
Node_6,Node_18,769,UDP,AES-192,13.28,Normal
Node_2,Node_12,421,TCP,AES-256,6.39,Normal
Node_4,Node_10,259,UDP,AES-128,10.3,Normal
Node_1,Node_16,1370,TCP,AES-192,10.62,Normal
Node_5,Node_1,156,UDP,AES-128,11.56,Normal
Node_20,Node_10,73,UDP,AES-256,14.29,Normal
Node_8,Node_16,1034,TCP,AES-128,3.69,Normal
Node_17,Node_12,1263,TCP,AES-192,0.44,Normal
Node_1,Node_13,607,TCP,AES-192,7.16,Normal
Node_15,Node_18,642,TCP,AES-192,19.01,Drop_Attack
Node_4,Node_10,76,UDP,AES-192,20.11,Normal
Node_12,Node_3,726,UDP,AES-256,19.16,Normal
Node_6,Node_5,1275,TCP,AES-256,9.04,Normal
Node_19,Node_2,1351,TCP,AES-192,1.09,Normal
Node_10,Node_1,695,UDP,AES-192,0.1,Normal
Node_8,Node_1,1340,UDP,AES-192,6.93,Normal
Node_20,Node_4,688,TCP,AES-192,9.01,Normal
Node_19,Node_6,1090,UDP,AES-128,16.5,Normal
Node_13,Node_17,999,UDP,AES-128,14.34,Normal
Node_8,Node_16,637,UDP,AES-256,11.14,Normal
Node_15,Node_19,767,UDP,AES-128,5.55,Normal
Node_4,Node_14,671,TCP,AES-192,5.2,Blackhole_Attack
Node_13,Node_18,819,UDP,AES-128,11.27,Normal
Node_16,Node_4,945,UDP,AES-192,13.49,Normal
Node_6,Node_12,897,TCP,AES-192,11.96,Normal
Node_7,Node_6,728,TCP,AES-128,4.83,Replay_Attack
Node_18,Node_17,479,TCP,AES-192,13.25,Normal
Node_3,Node_10,220,TCP,AES-128,12.13,Replay_Attack
Node_3,Node_16,689,UDP,AES-192,4.65,Normal
Node_3,Node_12,1470,UDP,AES-256,6.08,Normal
Node_19,Node_9,329,TCP,AES-256,13.44,Blackhole_Attack
Node_9,Node_12,1484,TCP,AES-192,8.83,Normal
Node_16,Node_1,1106,TCP,AES-256,17.95,Normal
Node_19,Node_6,1008,UDP,AES-192,12.51,Normal
Node_7,Node_15,1485,UDP,AES-128,7.57,Normal
Node_6,Node_11,1454,UDP,AES-128,9.95,Normal
Node_13,Node_4,1352,UDP,AES-256,10.32,Normal
Node_13,Node_15,1306,TCP,AES-128,6.36,Normal
Node_6,Node_20,1004,TCP,AES-128,5.44,Normal
Node_8,Node_4,1135,UDP,AES-128,13.51,Normal
Node_14,Node_8,490,UDP,AES-256,14.23,Normal
Node_8,Node_20,964,UDP,AES-128,13.02,Normal
Node_19,Node_1,1473,TCP,AES-256,17.58,Normal
Node_11,Node_14,1498,TCP,AES-128,7.29,Normal
Node_9,Node_1,378,UDP,AES-256,18.37,Normal
Node_5,Node_14,1194,UDP,AES-256,5.5,Normal
Node_4,Node_11,1001,TCP,AES-192,4.94,Normal
Node_11,Node_3,773,TCP,AES-192,1.2,Normal
Node_6,Node_14,1370,TCP,AES-192,7.77,Blackhole_Attack
Node_5,Node_9,1463,TCP,AES-128,7.48,Normal
Node_1,Node_2,1460,TCP,AES-256,12.63,Normal
Node_1,Node_15,1370,UDP,AES-256,11.22,Normal
Node_5,Node_10,928,UDP,AES-256,4.04,Normal
Node_1,Node_6,369,TCP,AES-128,8.04,Blackhole_Attack
Node_13,Node_1,483,UDP,AES-256,8.14,Normal
Node_6,Node_5,530,TCP,AES-192,1.12,Drop_Attack
Node_9,Node_3,866,TCP,AES-256,5.1,Normal
Node_17,Node_3,584,UDP,AES-256,6.15,Normal
Node_6,Node_7,503,TCP,AES-128,17.17,Normal
Node_10,Node_15,873,TCP,AES-256,10.96,Normal
Node_15,Node_3,156,TCP,AES-256,13.31,Normal
Node_5,Node_4,555,TCP,AES-192,2.51,Normal
Node_11,Node_6,229,UDP,AES-192,15.97,Normal
Node_10,Node_9,978,TCP,AES-128,16.51,Normal
Node_2,Node_10,1120,UDP,AES-192,0.1,Normal
Node_6,Node_7,1410,UDP,AES-256,6.47,Normal
Node_15,Node_7,129,TCP,AES-192,12.48,Normal
Node_12,Node_2,1138,TCP,AES-192,13.22,Normal
